# round 0 L factor (AMD ordering), N=512
# diag[0..4]= 1.3052385239460345 1.2964975362608264 1.2907697346921601 1.3015216573378088 1.3078070244728519
1.3052385239460345
0 1.2964975362608264
0 0 1.2907697346921601
0 0 0 1.3015216573378088
0 0 0 0 1.3078070244728519
0 0 0 0 0 1.3243463021158324
0 0 0 0 0 0 1.3167734518389089
0 0 0 0 0 0 0 1.3202166455995936
0 0 0 0 0 0 0 0 1.3201668974319283
0 0 0 0 0 0 0 0 0 1.2907283689796079
0 0 0 0 0 0 0 0 0 0 1.2938528752045955
0 0 0 0 0 0 0 0 0 0 0 1.2928696317587618
0 0 0 0 0 0 0 0 0 0 0 0 1.3039580089153853
0 0 0 0 0 0 0 0 0 0 0 0 0 1.3268174172480922
0 0 0 0 0 0 0 0 0 0 0 0 0 0 1.3382226149338234
0 0 0 0 0 0 0 0 0 0 0 0 0 0 0 1.3518496140377609
0 0 0 0 0 0 0 0 0 0 0 0 0 0 0 0 1.3455179988920447
0 0 0 0 0 0 0 0 0 0 0 0 0 0 0 0 0 1.3362707488974006
0 0 0 0 0 0 0 0 0 0 0 0 0 0 0 0 0 0 1.3484371387727472
0 0 0 0 0 0 0 0 0 0 0 0 0 0 0 0 0 0 0 1.3348173404477968
0 0 0 0 0 0 0 0 0 0 0 0 0 0 0 0 0 0 0 0 1.3377001539160742
0 0 0 0 0 0 0 0 0 0 0 0 0 0 0 0 0 0 0 0 0 1.3345662258358648
0 0 0 0 0 0 0 0 0 0 0 0 0 0 0 0 0 0 0 0 0 0 1.3671437245119265
0 0 0 0 0 0 0 0 0 0 0 0 0 0 0 0 0 0 0 0 0 0 0 1.3708573214985804
0 0 0 0 0 0 0 0 0 0 0 0 0 0 0 0 0 0 0 0 0 0 0 0 1.3750214474203435
0 0 0 0 0 0 0 0 0 0 0 0 0 0 0 0 0 0 0 0 0 0 0 0 0 1.3785562621599274
0 0 0 0 0 0 0 0 0 0 0 0 0 0 0 0 0 0 0 0 0 0 0 0 0 0 1.3790536879579549
0 0 0 0 0 0 0 0 0 0 0 0 0 0 0 0 0 0 0 0 0 0 0 0 0 0 0 1.3810580078971864
0 0 0 0 0 0 0 0 0 0 0 0 0 0 0 0 0 0 0 0 0 0 0 0 0 0 0 0 1.3815181614708387
0 0 0 0 0 0 0 0 0 0 0 0 0 0 0 0 0 0 0 0 0 0 0 0 0 0 0 0 0 1.3815331674232931
0 0 0 0 0 0 0 0 0 0 0 0 0 0 0 0 0 0 0 0 0 0 0 0 0 0 0 0 0 0 1.4014744366977476
0 0 0 0 0 0 0 0 0 0 0 0 0 0 0 0 0 0 0 0 0 0 0 0 0 0 0 0 0 0 0 1.4006030552425701
0 0 0 0 0 0 0 0 0 0 0 0 0 0 0 0 0 0 0 0 0 0 0 0 0 0 0 0 0 0 0 0 1.4100938205619067
0 0 0 0 0 0 0 0 0 0 0 0 0 0 0 0 0 0 0 0 0 0 0 0 0 0 0 0 0 0 0 0 0 1.4106381550973248
0 0 0 0 0 0 0 0 0 0 0 0 0 0 0 0 0 0 0 0 0 0 0 0 0 0 0 0 0 0 0 0 0 0 1.4096777190761103
0 0 0 0 0 0 0 0 0 0 0 0 0 0 0 0 0 0 0 0 0 0 0 0 0 0 0 0 0 0 0 0 0 0 0 1.4081494175197156
0 0 0 0 0 0 0 0 0 0 0 0 0 0 0 0 0 0 0 0 0 0 0 0 0 0 0 0 0 0 0 0 0 0 0 0 1.408200164855794
0 0 0 0 0 0 0 0 0 0 0 0 0 0 0 0 0 0 0 0 0 0 0 0 0 0 0 0 0 0 0 0 0 0 0 0 0 1.4216925877899831
0 0 0 0 0 0 0 0 0 0 0 0 0 0 0 0 0 0 0 0 0 0 0 0 0 0 0 0 0 0 0 0 0 0 0 0 0 0 1.4268814948899398
0 0 0 0 0 0 0 0 0 0 0 0 0 0 0 0 0 0 0 0 0 0 0 0 0 0 0 0 0 0 0 0 0 0 0 0 0 0 0 1.4311982196245139
0 0 0 0 0 0 0 0 0 0 0 0 0 0 0 0 0 0 0 0 0 0 0 0 0 0 0 0 0 0 0 0 0 0 0 0 0 0 0 0 1.4303925569891616
0 0 0 0 0 0 0 0 0 0 0 0 0 0 0 0 0 0 0 0 0 0 0 0 0 0 0 0 0 0 0 0 0 0 0 0 0 0 0 0 0 1.4134637993136798
0 0 0 0 0 0 0 0 0 0 0 0 0 0 0 0 0 0 0 0 0 0 0 0 0 0 0 0 0 0 0 0 0 0 0 0 0 0 0 0 0 0 1.4214685603294068
0 0 0 0 0 0 0 0 0 0 0 0 0 0 0 0 0 0 0 0 0 0 0 0 0 0 0 0 0 0 0 0 0 0 0 0 0 0 0 0 0 0 0 1.4193689026553895
0 0 0 0 0 0 0 0 0 0 0 0 0 0 0 0 0 0 0 0 0 0 0 0 0 0 0 0 0 0 0 0 0 0 0 0 0 0 0 0 0 0 0 0 1.4241247885906498
0 0 0 0 0 0 0 0 0 0 0 0 0 0 0 0 0 0 0 0 0 0 0 0 0 0 0 0 0 0 0 0 0 0 0 0 0 0 0 0 0 0 0 0 0 1.4420362558972926
0 0 0 0 0 0 0 0 0 0 0 0 0 0 0 0 0 0 0 0 0 0 0 0 0 0 0 0 0 0 0 0 0 0 0 0 0 0 0 0 0 0 0 0 0 0 1.4422723171562286
0 0 0 0 0 0 0 0 0 0 0 0 0 0 0 0 0 0 0 0 0 0 0 0 0 0 0 0 0 0 0 0 0 0 0 0 0 0 0 0 0 0 0 0 0 0 0 1.4543521253353295
0 0 0 0 0 0 0 0 0 0 0 0 0 0 0 0 0 0 0 0 0 0 0 0 0 0 0 0 0 0 0 0 0 0 0 0 0 0 0 0 0 0 0 0 0 0 0 0 1.4540524057345736
0 0 0 0 0 0 0 0 0 0 0 0 0 0 0 0 0 0 0 0 0 0 0 0 0 0 0 0 0 0 0 0 0 0 0 0 0 0 0 0 0 0 0 0 0 0 0 0 0 1.4763795737905754
0 0 0 0 0 0 0 0 0 0 0 0 0 0 0 0 0 0 0 0 0 0 0 0 0 0 0 0 0 0 0 0 0 0 0 0 0 0 0 0 0 0 0 0 0 0 0 0 0 0 1.4742502271113156
0 0 0 0 0 0 0 0 0 0 0 0 0 0 0 0 0 0 0 0 0 0 0 0 0 0 0 0 0 0 0 0 0 0 0 0 0 0 0 0 0 0 0 0 0 0 0 0 0 0 0 1.477777789059477
0 0 0 0 0 0 0 0 0 0 0 0 0 0 0 0 0 0 0 0 0 0 0 0 0 0 0 0 0 0 0 0 0 0 0 0 0 0 0 0 0 0 0 0 0 0 0 0 0 0 0 0 1.4858122623415884
0 0 0 0 0 0 0 0 0 0 0 0 0 0 0 0 0 0 0 0 0 0 0 0 0 0 0 0 0 0 0 0 0 0 0 0 0 0 0 0 0 0 0 0 0 0 0 0 0 0 0 0 0 1.4878953322364039
0 0 0 0 0 0 0 0 0 0 0 0 0 0 0 0 0 0 0 0 0 0 0 0 0 0 0 0 0 0 0 0 0 0 0 0 0 0 0 0 0 0 0 0 0 0 0 0 0 0 0 0 0 0 1.4892634017700885
0 0 0 0 0 0 0 0 0 0 0 0 0 0 0 0 0 0 0 0 0 0 0 0 0 0 0 0 0 0 0 0 0 0 0 0 0 0 0 0 0 0 0 0 0 0 0 0 0 0 0 0 0 0 0 1.4945681543123919
0 0 0 0 0 0 0 0 0 0 0 0 0 0 0 0 0 0 0 0 0 0 0 0 0 0 0 0 0 0 0 0 0 0 0 0 0 0 0 0 0 0 0 0 0 0 0 0 0 0 0 0 0 0 0 0 1.4959854914314699
0 0 0 0 0 0 0 0 0 0 0 0 0 0 0 0 0 0 0 0 0 0 0 0 0 0 0 0 0 0 0 0 0 0 0 0 0 0 0 0 0 0 0 0 0 0 0 0 0 0 0 0 0 0 0 0 0 1.4921675218476114
0 0 0 0 0 0 0 0 0 0 0 0 0 0 0 0 0 0 0 0 0 0 0 0 0 0 0 0 0 0 0 0 0 0 0 0 0 0 0 0 0 0 0 0 0 0 0 0 0 0 0 0 0 0 0 0 0 0 1.4905592924563702
0 0 0 0 0 0 0 0 0 0 0 0 0 0 0 0 0 0 0 0 0 0 0 0 0 0 0 0 0 0 0 0 0 0 0 0 0 0 0 0 0 0 0 0 0 0 0 0 0 0 0 0 0 0 0 0 0 0 0 1.5111219849262556
0 0 0 0 0 0 0 0 0 0 0 0 0 0 0 0 0 0 0 0 0 0 0 0 0 0 0 0 0 0 0 0 0 0 0 0 0 0 0 0 0 0 0 0 0 0 0 0 0 0 0 0 0 0 0 0 0 0 0 0 1.5115208302149379
0 0 0 0 0 0 0 0 0 0 0 0 0 0 0 0 0 0 0 0 0 0 0 0 0 0 0 0 0 0 0 0 0 0 0 0 0 0 0 0 0 0 0 0 0 0 0 0 0 0 0 0 0 0 0 0 0 0 0 0 0 1.5123998434775447
0 0 0 0 0 0 0 0 0 0 0 0 0 0 0 0 0 0 0 0 0 0 0 0 0 0 0 0 0 0 0 0 0 0 0 0 0 0 0 0 0 0 0 0 0 0 0 0 0 0 0 0 0 0 0 0 0 0 0 0 0 0 1.5096147429894453
0 0 0 0 0 0 0 0 0 0 0 0 0 0 0 0 0 0 0 0 0 0 0 0 0 0 0 0 0 0 0 0 0 0 0 0 0 0 0 0 0 0 0 0 0 0 0 0 0 0 0 0 0 0 0 0 0 0 0 0 0 0 0 1.5096558532179929
0 0 0 0 0 0 0 0 0 0 0 0 0 0 0 0 0 0 0 0 0 0 0 0 0 0 0 0 0 0 0 0 0 0 0 0 0 0 0 0 0 0 0 0 0 0 0 0 0 0 0 0 0 0 0 0 0 0 0 0 0 0 0 0 1.5382641279440155
0 0 0 0 0 0 0 0 0 0 0 0 0 0 0 0 0 0 0 0 0 0 0 0 0 0 0 0 0 0 0 0 0 0 0 0 0 0 0 0 0 0 0 0 0 0 0 0 0 0 0 0 0 0 0 0 0 0 0 0 0 0 0 0 0 1.5499205719530906
0 0 0 0 0 0 0 0 0 0 0 0 0 0 0 0 0 0 0 0 0 0 0 0 0 0 0 0 0 0 0 0 0 0 0 0 0 0 0 0 0 0 0 0 0 0 0 0 0 0 0 0 0 0 0 0 0 0 0 0 0 0 0 0 0 0 1.5320459387269705
0 0 0 0 0 0 0 0 0 0 0 0 0 0 0 0 0 0 0 0 0 0 0 0 0 0 0 0 0 0 0 0 0 0 0 0 0 0 0 0 0 0 0 0 0 0 0 0 0 0 0 0 0 0 0 0 0 0 0 0 0 0 0 0 0 0 0 1.5411352836000332
0 0 0 0 0 0 0 0 0 0 0 0 0 0 0 0 0 0 0 0 0 0 0 0 0 0 0 0 0 0 0 0 0 0 0 0 0 0 0 0 0 0 0 0 0 0 0 0 0 0 0 0 0 0 0 0 0 0 0 0 0 0 0 0 0 0 0 0 1.5460504438244438
0 0 0 0 0 0 0 0 0 0 0 0 0 0 0 0 0 0 0 0 0 0 0 0 0 0 0 0 0 0 0 0 0 0 0 0 0 0 0 0 0 0 0 0 0 0 0 0 0 0 0 0 0 0 0 0 0 0 0 0 0 0 0 0 0 0 0 0 0 1.534183952823633
0 0 0 0 0 0 0 0 0 0 0 0 0 0 0 0 0 0 0 0 0 0 0 0 0 0 0 0 0 0 0 0 0 0 0 0 0 0 0 0 0 0 0 0 0 0 0 0 0 0 0 0 0 0 0 0 0 0 0 0 0 0 0 0 0 0 0 0 0 0 1.544502774758437
0 0 0 0 0 0 0 0 0 0 0 0 0 0 0 0 0 0 0 0 0 0 0 0 0 0 0 0 0 0 0 0 0 0 0 0 0 0 0 0 0 0 0 0 0 0 0 0 0 0 0 0 0 0 0 0 0 0 0 0 0 0 0 0 0 0 0 0 0 0 0 1.5415465647306752
0 0 0 0 0 0 0 0 0 0 0 0 0 0 0 0 0 0 0 0 0 0 0 0 0 0 0 0 0 0 0 0 0 0 0 0 0 0 0 0 0 0 0 0 0 0 0 0 0 0 0 0 0 0 0 0 0 0 0 0 0 0 0 0 0 0 0 0 0 0 0 0 1.5474312739649578
0 0 0 0 0 0 0 0 0 0 0 0 0 0 0 0 0 0 0 0 0 0 0 0 0 0 0 0 0 0 0 0 0 0 0 0 0 0 0 0 0 0 0 0 0 0 0 0 0 0 0 0 0 0 0 0 0 0 0 0 0 0 0 0 0 0 0 0 0 0 0 0 0 1.5335722481585958
0 0 0 0 0 0 0 0 0 0 0 0 0 0 0 0 0 0 0 0 0 0 0 0 0 0 0 0 0 0 0 0 0 0 0 0 0 0 0 0 0 0 0 0 0 0 0 0 0 0 0 0 0 0 0 0 0 0 0 0 0 0 0 0 0 0 0 0 0 0 0 0 0 0 1.5729570881131436
0 0 0 0 0 0 0 0 0 0 0 0 0 0 0 0 0 0 0 0 0 0 0 0 0 0 0 0 0 0 0 0 0 0 0 0 0 0 0 0 0 0 0 0 0 0 0 0 0 0 0 0 0 0 0 0 0 0 0 0 0 0 0 0 0 0 0 0 0 0 0 0 0 0 0 1.6732623103460871
0 0 0 0 0 0 0 0 0 0 0 0 0 0 0 0 0 0 0 0 0 0 0 0 0 0 0 0 0 0 0 0 0 0 0 0 0 0 0 0 0 0 0 0 0 0 0 0 0 0 0 0 0 0 0 0 0 0 0 0 0 0 0 0 0 0 0 0 0 0 0 0 0 0 0 0 1.6133381569939567
0 0 0 0 0 0 0 0 0 0 0 0 0 0 0 0 0 0 0 0 0 0 0 0 0 0 0 0 0 0 0 0 0 0 0 0 0 0 0 0 0 0 0 0 0 0 0 0 0 0 0 0 0 0 0 0 0 0 0 0 0 0 0 0 0 0 0 0 0 0 0 0 0 0 0 -0.013959168942171805 -0.013162967294521268 1.7822567429416731
0 0 0 0 0 0 0 0 0 0 0 0 0 0 0 0 0 0 0 0 0 0 0 0 0 0 0 0 0 0 0 0 0 0 0 0 0 0 0 0 0 0 0 0 0 0 0 0 0 0 0 0 0 0 0 0 0 0 0 0 0 0 0 0 0 0 0 0 0 0 0 0 0 0 0 0 0 0 1.5706679938899146
0 0 0 0 0 0 0 0 0 0 0 0 0 0 0 0 0 0 0 0 0 0 0 0 0 0 0 0 0 0 0 0 0 0 0 0 0 0 0 0 0 0 0 0 0 0 0 0 0 0 0 0 0 0 0 0 0 0 0 0 0 0 0 0 0 0 0 0 0 0 0 0 0 0 0 0 0 -0.012017641006304152 0 1.618520112814964
0 0 0 0 0 0 0 0 0 0 0 0 0 0 0 0 0 0 0 0 0 0 0 0 0 0 0 0 0 0 0 0 0 0 0 0 0 0 0 0 0 0 0 0 0 0 0 0 0 0 0 0 0 0 0 0 0 0 0 0 0 0 0 0 0 0 0 0 0 0 0 0 0 0 -0.012822838093398743 -0.014186736085421769 -0.013377554486374394 -0.01583631699487887 -0.012791137893343411 -0.013566719856085419 1.7936980992400489
0 0 0 0 0 0 0 0 0 0 0 0 0 0 0 0 0 0 0 0 0 0 0 0 0 0 0 0 0 0 0 0 0 0 0 0 0 0 0 0 0 0 0 0 0 0 0 0 0 0 0 0 0 0 0 0 0 0 0 0 0 0 0 0 0 0 0 0 0 0 0 0 0 0 0 0 0 -0.011333302300464287 0 -8.4150674053731517e-05 -0.011545288752338796 1.5832036025929856
0 0 0 0 0 0 0 0 0 0 0 0 0 0 0 0 0 0 0 0 0 0 0 0 0 0 0 0 0 0 0 0 0 0 0 0 0 0 0 0 0 0 0 0 0 0 0 0 0 0 0 0 0 0 0 0 0 0 0 0 0 0 0 0 0 0 0 0 0 0 0 0 0 0 0 0 0 -0.011401200771638991 0 -8.4654825620952579e-05 -0.011614457246635741 -0.00016631634799008595 1.5867340015974454
0 0 0 0 0 0 0 0 0 0 0 0 0 0 0 0 0 0 0 0 0 0 0 0 0 0 0 0 0 0 0 0 0 0 0 0 0 0 0 0 0 0 0 0 0 0 0 0 0 0 0 0 0 0 0 0 0 0 0 0 0 0 0 0 0 0 0 0 0 0 0 0 0 0 0 0 0 -0.011929783159731479 0 -8.8579592036924022e-05 -0.012152926629887055 -0.00017402710531822061 -0.00017469843193250705 1.6139840991477084
0 0 0 0 0 0 0 0 0 0 0 0 0 0 0 0 0 0 0 0 0 0 0 0 0 0 0 0 0 0 0 0 0 0 0 0 0 0 0 0 0 0 0 0 0 0 0 0 0 0 0 0 0 0 0 0 0 0 0 0 0 0 0 0 0 0 0 0 0 0 0 0 0 0 0 0 0 -0.011804833751859719 0 -8.765183271168371e-05 -0.012025640076060336 -0.00017220439123600116 -0.00017286868655208039 -0.00017784794834937873 1.6075796252400336
0 0 0 0 0 0 0 0 0 0 0 0 0 0 0 0 0 0 0 0 0 0 0 0 0 0 0 0 0 0 0 0 0 0 0 0 0 0 0 0 0 0 0 0 0 0 0 0 0 0 0 0 0 0 0 0 0 0 0 0 0 0 0 0 0 0 0 0 0 0 0 0 0 0 0 0 0 0 0 0 -0.011261075606290296 -8.2119803999690667e-05 -8.2436589191762607e-05 -8.4811069888349988e-05 -8.4266505717160852e-05 1.5737605046572611
0 0 0 0 0 0 0 0 0 0 0 0 0 0 0 0 0 0 0 0 0 0 0 0 0 0 0 0 0 0 0 0 0 0 0 0 0 0 0 0 0 0 0 0 0 0 0 0 0 0 0 0 0 0 0 0 0 0 0 0 0 0 0 0 0 0 0 0 0 0 0 0 0 0 0 0 0 -0.012349586627657788 0 -9.1696666289381372e-05 -0.012580582411754675 -0.00018015103744235247 -0.00018084598772498352 -0.00018605502549714475 -0.00018486038308915013 -9.0059414154241541e-05 1.6353364985483962
0 0 0 0 0 0 0 0 0 0 0 0 0 0 0 0 0 0 0 0 0 0 0 0 0 0 0 0 0 0 0 0 0 0 0 0 0 0 0 0 0 0 0 0 0 0 0 0 0 0 0 0 0 0 0 0 0 0 0 0 0 0 0 0 0 0 0 0 0 0 0 0 0 0 0 0 0 -0.011691675226867659 0 -8.6811621632815907e-05 -0.011910364950489851 -0.00017055367803503867 -0.00017121160556316705 -0.00017614313725834168 -0.00017501213818382717 -8.526159240466529e-05 -0.00018000523839452673 1.6017597944054442
0 0 0 0 0 0 0 0 0 0 0 0 0 0 0 0 0 0 0 0 0 0 0 0 0 0 0 0 0 0 0 0 0 0 0 0 0 0 0 0 0 0 0 0 0 0 0 0 0 0 0 0 0 0 0 0 0 0 0 0 0 0 0 0 -0.013252470255450068 -0.01342783647357634 -0.013158554599235296 -0.013295747635126934 -0.013369709516362257 -0.013190875081932575 -0.013346437556920008 -0.013301942503222024 -0.013390459735817622 -0.013181631055605256 -0.013771907027236839 -0.015236752500910392 -0.014367680173157279 -0.017008425413995356 -0.013737860570069526 -0.014570846419621175 -0.017632235436494139 -0.014176994717006034 -0.014231683863542455 -0.014641609346211214 -0.014547596903388709 -0.013914022151022418 -0.014963016125340792 -0.014464509076578893 1.8455591919138161
0 0 0 0 0 0 0 0 0 0 0 0 0 0 0 0 0 0 0 0 0 0 0 0 0 0 0 0 0 0 0 0 0 0 0 0 0 0 0 0 0 0 0 0 0 0 0 0 0 0 0 0 0 0 0 0 0 0 0 0 0 0 0 0 0 0 0 0 0 0 0 0 0 0 -0.012868419636140063 -0.014237165897648356 -0.013425107888139323 -0.015892610598115954 -0.012836606750890879 -0.013614945686942725 -0.016475496405207474 -0.013246932094225979 -0.013298033433044821 -0.013681066307147502 -0.013593221423875925 -0.013001211488856928 -0.013981387627904606 -0.013515584461914957 -0.018092374182298761 1.795748879021501
0 0 0 0 0 0 0 0 0 0 0 0 0 0 0 0 0 0 0 0 0 0 0 0 0 0 0 0 0 0 0 0 0 0 0 0 0 0 0 0 0 0 0 0 0 0 0 0 0 0 0 0 0 0 0 0 0 0 0 0 0 0 0 0 0 0 0 0 0 0 0 0 0 0 0 0 0 -0.012249017984683001 0 -9.0949936089248026e-05 -0.012478132658648203 -0.00017868398061589861 -0.00017937327158304271 -0.00018453988964710016 -0.00018335497578868647 -8.9326016888277552e-05 -0.00018858609734256221 -0.00018230317296182155 -0.013153605563396478 -0.012764122827665883 1.6301412291051232
0 0 0 0 0 0 0 0 0 0 0 0 0 0 0 0 0 0 0 0 0 0 0 0 0 0 0 0 0 0 0 0 0 0 0 0 0 0 0 0 0 0 0 0 0 0 0 0 0 0 0 0 0 0 0 0 0 0 0 0 0 0 0 0 0 0 0 0 0 0 0 0 0 0 0 0 0 -0.011576758598257327 0 -8.5958356494274116e-05 -0.011793298836431973 -0.0001688773182921772 -0.00016952877909830595 -0.00017441183912579394 -0.00017329195655922918 -8.4423562391085376e-05 -0.00017823597994976446 -0.00017229787952915173 -0.012431699952971801 -0.012063593087964409 -0.00037215797581291866 1.5957362009010634
0 0 0 0 0 0 0 0 0 0 0 0 0 0 0 0 0 0 0 0 0 0 0 0 0 0 0 0 0 0 0 0 0 0 0 0 0 0 0 0 0 0 0 0 0 0 0 0 0 0 0 0 0 0 0 0 0 0 0 0 0 0 0 0 0 0 0 0 0 0 0 0 0 0 0 -0.012301633202364977 0 -0.013646349035532218 0 -0.00010132523065810053 -0.01390160042090852 -0.00019906771053744326 -0.00019983563374046661 -0.00020559164402011339 -0.00020427155876028501 -9.9516059649480153e-05 -0.00021009943089344291 -0.00020309976943726281 -0.014654129238626825 -0.0142202154863794 -0.00043868908478965644 -0.00042365424386125929 1.6948646139628372
0 0 0 0 0 0 0 0 0 0 0 0 0 0 0 0 0 0 0 0 0 0 0 0 0 0 0 0 0 0 0 0 0 0 0 0 0 0 0 0 0 0 0 0 0 0 0 0 0 0 0 0 0 0 0 0 0 0 0 0 0 0 0 0 0 0 0 0 0 0 0 0 0 0 0 -0.012018044056381107 0 -0.013331760199633214 0 -9.8989383445272235e-05 -0.013581127283209404 -0.00019447860914775664 -0.00019522882944241453 -0.00020085214660622616 -0.00019956249322851489 -9.722191919646048e-05 -0.00020525601561688998 -0.00019841771712625147 -0.014316308078821749 -0.013892397326046824 -0.00042857599973326606 -0.0004138877564987484 -0.012813969875822347 1.679476565487739
0 0 0 0 0 0 0 0 0 0 0 0 0 0 0 0 0 0 0 0 0 0 0 0 0 0 0 0 0 0 0 0 0 0 0 0 0 0 0 0 0 0 0 0 0 0 0 0 0 0 0 0 0 0 0 0 0 0 0 0 0 0 0 0 0 0 0 0 0 0 0 0 0 0 0 -0.012553367125763914 0 -0.013925600491519644 0 -0.00010339869500492776 -0.014186075202257028 -0.00020314132377002869 -0.00020392496133533105 -0.00020979875947509216 -0.00020845166070931629 -0.00010155250210590928 -0.00021439879124442865 -0.00020725589252764751 -0.014954003359937424 -0.01451121023293849 -0.00044766617934693248 -0.00043232367362050982 -0.013384746089714463 -0.013298119474517093 1.7082684243345432
0 0 0 0 0 0 0 0 0 0 0 0 0 0 0 0 0 0 0 0 0 0 0 0 0 0 0 0 0 0 0 0 0 0 0 0 0 0 0 0 0 0 0 0 0 0 0 0 0 0 0 0 0 0 0 0 0 0 0 0 0 0 0 0 0 0 0 0 0 0 0 0 0 0 0 0 0 -0.012568054124997253 0 -9.3318804892283957e-05 -0.012803136286425987 -0.00018333795757820824 -0.00018404520171759733 -0.00018934638876405766 -0.00018813061281168142 -9.1652589328065578e-05 -0.00019349798339647121 -0.00018705141488141517 -0.013496202460176436 -0.013096575313777517 -0.00040402514601715455 -0.00039017831460042826 -0.00043312825456445037 -0.00043032503107498407 -0.012237141938852251 1.6461959652205909
0 0 0 0 0 0 0 0 0 0 0 0 0 0 0 0 0 0 0 0 0 0 0 0 0 0 0 0 0 0 0 0 0 0 0 0 0 0 0 0 0 0 0 0 0 0 0 0 0 0 0 0 0 0 0 0 0 0 0 0 0 0 0 0 0 0 0 0 0 0 0 0 0 0 0 0 0 -0.012894881289364678 0 -9.5745522670690161e-05 -0.013136076667322326 -0.00018810558701393959 -0.00018883122275112845 -0.00019427026502266532 -0.00019302287330836841 -9.4035977844625696e-05 -0.0001985298201943811 -0.00019191561127240758 -0.013847165746610697 -0.013437146457901668 -0.00041453165653127031 -0.00040032474386390599 -0.012394058842941057 -0.00053268831622361686 -0.012649702487983555 -0.00051880994249743097 1.6624927823320306
0 0 0 0 0 0 0 0 0 0 0 0 0 0 0 0 0 0 0 0 0 0 0 0 0 0 0 0 0 0 0 0 0 0 0 0 0 0 0 0 0 0 0 0 0 0 0 0 0 0 0 0 0 0 0 0 0 0 0 0 0 0 0 0 0 0 0 0 0 0 0 0 0 0 0 0 0 0 0 0 -0.01122082863863424 -8.1826308670199141e-05 -8.2141961675273579e-05 -8.4507956002429071e-05 -8.3965338097951098e-05 -8.0308492321579789e-05 -8.6363041007594279e-05 -8.3485774530441768e-05 -0.011824435110540958 -0.011474309564117031 -0.00027120807595988058 -0.00026191317799698701 -0.00029074398393830929 -0.00028886227717684184 -0.00029889234844204804 -0.00027806053023069833 -0.00028470415912927686 1.5715872658021159
0 0 0 0 0 0 0 0 0 0 0 0 0 0 0 0 0 0 0 0 0 0 0 0 0 0 0 0 0 0 0 0 0 0 0 0 0 0 0 0 0 0 0 0 0 0 0 0 0 0 0 0 0 0 0 0 0 0 0 0 0 0 0 0 0 0 0 0 0 0 0 0 0 0 0 -0.012789553637815943 0 -0.014187605017904718 0 -0.00010534409952303802 -0.014452980454701865 -0.0002069633454024925 -0.00020776172679081925 -0.00021374603806074147 -0.00021237359417793905 -0.0001034631712532623 -0.012549804123697323 -0.00021254112357317988 -0.01533534529356783 -0.014881260502179146 -0.012729013420686755 -0.00044620995285001263 -0.013642960142850602 -0.013554662355915797 -0.014025316505477991 -0.013047797859312356 -0.013359545545504056 -0.00034265546474816213 1.7205949820339359
0 0 0 0 0 0 0 0 0 0 0 0 0 0 0 0 0 0 0 0 0 0 0 0 0 0 0 0 0 0 0 0 0 0 0 0 0 0 0 0 0 0 0 0 0 0 0 0 0 0 0 0 0 0 0 0 0 0 0 0 0 0 0 0 0 0 0 0 0 0 0 0 0 0 0 -0.012703935875257347 0 -0.0140926282085422 0 -0.00010463888913374123 -0.014356227128988271 -0.00020557786010199887 -0.0002063708968449945 -0.00021231514703413967 -0.00021095189077256399 -0.00010277055245819769 -0.012465791328563843 -0.00021111829866721221 -0.015232685107819213 -0.014781640119453477 -0.00045600885457075307 -0.00044038042699385269 -0.01354847404845415 -0.013460787779322138 -0.013928182352377394 -0.012957433638693047 -0.01326702227574999 -0.00033825502298921555 -0.014497863111880492 1.7160330352565913
0 0 0 0 0 0 0 0 0 0 0 0 0 0 0 0 0 0 0 0 0 0 0 0 0 0 0 0 0 0 0 0 0 0 0 0 0 0 0 0 0 0 0 0 0 0 0 0 0 0 0 0 0 0 0 0 0 0 0 0 0 0 0 0 0 0 0 0 0 0 0 0 0 0 0 -0.012004658409439817 0 -0.013316911341175358 0 -9.8879129486185147e-05 -0.013566000680742285 -0.00019426199969056006 -0.00019501138439300796 -0.00020062843832980537 -0.00019934022136260395 -9.7113633831622377e-05 -0.00020502740232968092 -0.00019819672030715012 -0.01430036263507639 -0.013876924032313259 -0.00042809865358667769 -0.00041342677005571889 -0.012799697730049683 -0.012716857571374609 -0.013158420896833656 -0.00053967432003468492 -0.00064189470836788459 -0.00031340051923691998 -0.013432580503715843 -0.013488498088194916 1.6785414857139107
0 0 0 0 0 0 0 0 0 0 0 0 0 0 0 0 0 0 0 0 0 0 0 0 0 0 0 0 0 0 0 0 0 0 0 0 0 0 0 0 0 0 0 0 0 0 0 0 0 0 0 0 0 0 0 0 0 0 0 0 0 0 0 0 0 0 0 0 0 0 0 0 0 0 0 -0.012406486432268996 0 -0.013762663979184504 0 -0.00010218887839742365 -0.014020091005124274 -0.0002007644683643057 -0.00020153893697693687 -0.0002073440087315316 -0.00020601267169716541 -0.00010036428688157504 -0.00021189021782129451 -0.00020483089460314859 -0.014779034018084626 -0.014341421792821463 -0.00044242826045088615 -0.00042726526973891992 -0.013228137845232876 -0.013142524804895955 -0.013598868435797324 -0.00055773866285851537 -0.012949566700796281 -0.00032611660237379212 -0.013977601331518472 -0.01403578774648445 -0.01357121164445292 1.7001276656428532
0 0 0 0 0 0 0 0 0 0 0 0 0 0 0 0 0 0 0 0 0 0 0 0 0 0 0 0 0 0 0 0 0 0 0 0 0 0 0 0 0 0 0 0 0 0 0 0 0 0 0 0 0 0 0 0 0 0 0 0 0 0 0 0 0 0 0 0 0 0 0 0 0 0 0 -0.013393633073626201 -0.012629688402892076 -0.014950994914538617 0 -0.012808278568868571 -0.0153266857292706 -0.0002194746033459585 -0.00022032124813796763 -0.012866531234883979 -0.012783916407276516 -0.00011107130485376596 -0.013148304962774613 -0.00022813382221782206 -0.016460395419182434 -0.015972997510816784 -0.013342229659505047 -0.00047887057016288625 -0.014300208269791672 -0.014207656746533699 -0.01470098460876583 -0.013676374107714476 -0.014003140204916243 -0.00036742580247302846 -0.015393990049525755 -0.015366751701884784 -0.014679117789031148 -0.015197951851662041 1.7519001282369564
0 0 0 0 0 0 0 0 0 0 0 0 0 0 0 0 0 0 0 0 0 0 0 0 0 0 0 0 0 0 0 0 0 0 0 0 0 0 0 0 0 0 0 0 0 0 0 0 0 0 0 0 0 0 0 0 0 0 0 0 0 0 0 0 0 0 0 0 0 0 0 0 0 0 0 -0.0139796741400652 -0.013182302919038685 -0.015605178656610593 0 -0.013368707333080376 -0.015997307897310579 -0.013006035402963497 -0.013056207459186732 -0.013432274844875998 -0.013346027428969317 -0.0001172701209419441 -0.013726438284871021 -0.013269128997620373 -0.017479885720721025 -0.016962300357689263 -0.013934980342570165 -0.013457397881426126 -0.014938757581468957 -0.014842073341373788 -0.01535742984549208 -0.014287067260427267 -0.014628424492423655 -0.00039207551320622993 -0.016081381802124043 -0.016052927173620495 -0.015334588168778862 -0.015876589860755116 -0.017484093614502254 1.7818748306490102
0 0 0 0 0 0 0 0 0 0 0 0 0 0 0 0 0 0 0 0 0 0 0 0 0 0 0 0 0 0 0 0 0 0 0 0 0 0 0 0 0 0 0 0 0 0 0 0 0 0 0 0 0 0 0 0 0 0 0 0 0 0 0 0 0 0 0 0 0 0 0 0 0 0 0 -0.013471577569537919 -0.01270318710863313 -0.015038002506547974 0 -0.012882816583390097 -0.015415879660939732 -0.00022075183986791105 -0.00022160341172497913 -0.012941408251876511 -0.012858312645747284 -0.00011171768637097868 -0.013224821767195517 -0.012784224309152051 -0.016654584533726306 -0.016161436619612408 -0.013422820661631488 -0.00048450206176642177 -0.014386586429899996 -0.014293475863713849 -0.014789783595345662 -0.01375898409563049 -0.014087723972075486 -0.00037167230123714447 -0.015486975430232456 -0.015459572552924314 -0.014767785077477025 -0.015289753089313731 -0.016837839655790773 -0.017550889901144107 1.755737201240094
0 0 0 0 0 0 0 0 0 0 0 0 0 0 0 0 0 0 0 0 0 0 0 0 0 0 0 0 0 0 0 0 0 0 0 0 0 0 0 0 0 0 0 0 0 0 0 0 0 0 0 0 0 0 0 0 0 0 0 0 0 0 0 0 0 0 0 0 0 0 0 0 0 0 -0.013081327862927695 -0.014472720055144529 -0.013647226531738383 -0.016155554116984543 -0.013048988632934177 -0.013840205200226299 -0.016748083779896776 -0.013466102816214914 -0.013518049627574106 -0.01390741978724378 -0.013818121508846599 -0.013216316759153711 -0.014212709929477652 -0.013739200041998559 -0.018391712827944204 -0.017847127954048018 -0.014433223791587681 -0.01393856543031278 -0.015472890957937887 -0.015372749785140147 -0.015906532795486622 -0.014797899532390068 -0.015151461948780191 -0.013477049154601893 -0.016658972635115361 -0.016629496009071678 -0.015885356607892826 -0.01644682523452691 -0.0181120652850419 -0.019167228552420045 -0.018643526311391406 1.8065368515372304
0 0 0 0 0 0 0 0 0 0 0 0 0 0 0 0 0 0 0 0 0 0 0 0 0 0 0 0 0 0 0 0 0 0 0 0 0 0 0 0 0 0 0 0 0 0 0 0 0 0 0 0 0 0 0 0 0 0 0 0 0 0 0 0 0 0 0 0 0 0 0 0 0 0 0 0 0 -0.012870896262208914 0 -9.5567431929894156e-05 -0.013111643006513147 -0.00018775570262869159 -0.00018847998865257392 -0.00019390891407435786 -0.00019266384256165649 -9.386106692984467e-05 -0.00019816054629244776 -0.00019155864008013477 -0.01382140942989645 -0.013412152794485615 -0.00041376061003488648 -0.00039958012282879647 -0.012371005366817145 -0.00053169749331922664 -0.012626173503817553 -0.00051784493395793144 -0.00061593059095595257 -0.00030072372384920147 -0.012889243578209289 -0.012942899342004677 -0.00084202033768639595 -0.012863647486837207 -0.013614201517240018 -0.014116460512600104 -0.013938178624789547 -0.014717461859229893 1.6609084804939596
0 0 0 0 0 0 0 0 0 0 0 0 0 0 0 0 0 0 0 0 0 0 0 0 0 0 0 0 0 0 0 0 0 0 0 0 0 0 0 0 0 0 0 0 0 0 0 0 0 0 0 0 0 0 0 0 0 0 0 0 0 0 0 0 0 0 0 0 0 0 0 0 0 0 0 -0.013857927994819393 -0.013067500917949292 -0.015469276322387135 0 -0.013252281973774302 -0.015857990589103293 -0.012892768479901288 -0.012942503597868938 -0.01331529588900931 -0.013229799584347477 -0.00011624883925582223 -0.013606897519299319 -0.013153570845832971 -0.017327656943107238 -0.016814579125964946 -0.013813623426538271 -0.013340200134134729 -0.014808658973153558 -0.01471281673648629 -0.015223685105390381 -0.014162644090874301 -0.01450102851200675 -0.00038866100712406631 -0.015941332311340164 -0.015913125488424669 -0.015201042352205121 -0.015738323861432785 -0.017331828191190269 -0.018341536812270236 -0.017840394776726137 -0.019119637448119835 -0.015487716313421367 1.7752783127127441
0 0 0 0 0 0 0 0 0 0 0 0 0 0 0 0 0 0 0 0 0 0 0 0 0 0 0 0 0 0 0 0 0 0 0 0 0 0 0 0 0 0 0 0 0 0 0 0 0 0 0 0 0 0 0 0 0 0 0 0 0 0 0 0 0 0 0 0 0 0 0 0 0 0 -0.012770595669580616 -0.014128936909158446 -0.013323052053603424 -0.015771797145363402 -0.012739024621535148 -0.013511446731418112 -0.01635025193424677 -0.01314623072771408 -0.013196943601143235 -0.013577064711707672 -0.01348988761322774 -0.012902378056788554 -0.013875103030849271 -0.013412840836834779 -0.017954838427555637 -0.017423189553288074 -0.014090378834806645 -0.013607470525147967 -0.015105349879912135 -0.015007587447762039 -0.015528691044570471 -0.014446392114581392 -0.014791556054435421 -0.013156917048171946 -0.016263257524230326 -0.016234481082205422 -0.015508017873437807 -0.016056149445932866 -0.017681833596713683 -0.018711932650439508 -0.018200670365642005 -0.019875334496604072 -0.015803755988244159 -0.019346057509507467 1.7888289986517951
0 0 0 0 0 0 0 0 0 0 0 0 0 0 0 0 0 0 0 0 0 0 0 0 0 0 0 0 0 0 0 0 0 0 0 0 0 0 0 0 0 0 0 0 0 0 0 0 0 0 0 0 0 0 0 0 0 0 0 0 0 0 0 0 0 0 0 0 0 0 0 0 0 0 0 0 0 -0.012258204043525936 0 -9.1018143309265322e-05 -0.012487490540315347 -0.00017881798332225314 -0.00017950779121796997 -0.00018467828394835677 -0.00018349248147271348 -8.939300626230528e-05 -0.0001887275260668253 -0.00018243988985423517 -0.013163470010883688 -0.012773695185509937 -0.00039406439766543266 -0.0003805589430282716 -0.00042245000448455601 -0.00041971589105922166 -0.00043428954996548659 -0.00040402099005378049 -0.00041367415989749905 -0.00028203941690229647 -0.012088420216998078 -0.00055229745866736135 -0.00052758316185756542 -0.00054623061187300081 -0.012564587472812269 -0.013028123808249031 -0.012863586918489109 -0.013582789756261883 -0.00095814271952250629 -0.013381169716919258 -0.013695506875137006 1.6302408596106666
0 0 0 0 0 0 0 0 0 0 0 0 0 0 0 0 0 0 0 0 0 0 0 0 0 0 0 0 0 0 0 0 0 0 0 0 0 0 0 0 0 0 0 0 0 0 0 0 0 0 0 0 0 0 0 0 0 0 0 0 0 0 0 0 0 0 0 0 0 0 0 0 0 0 0 -0.012388439292245935 0 -0.013742644070625068 0 -0.0001020402289786482 -0.013999696629417607 -0.00020047242560974123 -0.00020124576763882497 -0.00020704239502495421 -0.00020571299462478399 -0.00010021829161139838 -0.00021158199095534574 -0.00020453293660705903 -0.014757535643199071 -0.014320559992132316 -0.00044178468059369791 -0.00042664374678059937 -0.01320889548703383 -0.013123406984010611 -0.01357908679301306 -0.00055692734631054982 -0.012930729567110551 -0.00032564221568753436 -0.013957268763566563 -0.014015370537454519 -0.013551470232719959 -0.014030447542968217 -0.01484908074654058 -0.015396897257727559 -0.015202444270940453 -0.016052412567499147 -0.013779305814374964 -0.015924467337559416 -0.01629854911926517 -0.0013404411624268783 1.6986135971348992
0 0 0 0 0 0 0 0 0 0 0 0 0 0 0 0 0 0 0 0 0 0 0 0 0 0 0 0 0 0 0 0 0 0 0 0 0 0 0 0 0 0 0 0 0 0 0 0 0 0 0 0 0 0 0 0 0 0 0 0 0 0 0 0 0 0 0 0 0 0 0 0 0 0 0 -0.013998805540183892 -0.013200343104318245 -0.01562653458478231 0 -0.013387002615679846 -0.016019200460410065 -0.013023834363421872 -0.013074075080880692 -0.013450657120598203 -0.013364291673769776 -0.00011743060691488911 -0.013745223127806724 -0.013287288005730204 -0.017503807214485533 -0.016985513527883401 -0.013954050578535094 -0.013475814538414373 -0.014959201502098767 -0.014862384948129317 -0.015378446725587556 -0.014306619332781665 -0.014648443717425852 -0.00039261207460565621 -0.016103389421662898 -0.016074895852557274 -0.015355573789687098 -0.015898317219355654 -0.017508020866833906 -0.018527994029059077 -0.018021757461352664 -0.019314004715215612 -0.015645162033904782 -0.01915191582801936 -0.0196018136264265 -0.015041657653975396 -0.017191891846517822 1.7821359797737653
0 0 0 0 0 0 0 0 0 0 0 0 0 0 0 0 0 0 0 0 0 0 0 0 0 0 0 0 0 0 0 0 0 0 0 0 0 0 0 0 0 0 0 0 0 0 0 0 0 0 0 0 0 0 0 0 0 0 0 0 0 0 0 0 0 0 0 0 0 0 0 0 0 0 0 0 0 -0.011654545253183442 0 -8.6535928614992136e-05 -0.011872540470368804 -0.00017001204020688758 -0.00017066787831401068 -0.00017558374864000461 -0.0001744563413489651 -8.499082191019222e-05 -0.00017943358466355417 -0.00017345558490804459 -0.012515231137127023 -0.012144650885341248 -0.00037465858285219337 -0.00036181820822025486 -0.00040164633228415681 -0.00039904686106229163 -0.00041290283593629749 -0.00038412485997937098 -0.00039330265669256133 -0.0002681503045468955 -0.00043241845123997372 -0.000431653323806247 -0.00041233763043111951 -0.00042691172207929125 -0.00047013650786641663 -0.012171692178206909 -0.012017971473401019 -0.012689895971809655 -0.0007239785845302184 -0.01250003647770041 -0.012793674928379786 -0.00089123676905543815 -0.0010186407971593653 -0.012870920935419545 1.5994560552971508
0 0 0 0 0 0 0 0 0 0 0 0 0 0 0 0 0 0 0 0 0 0 0 0 0 0 0 0 0 0 0 0 0 0 0 0 0 0 0 0 0 0 0 0 0 0 0 0 0 0 0 0 0 0 0 0 0 0 0 0 0 0 0 0 0 0 0 0 0 0 0 0 0 0 0 0 0 -0.013095769575930572 0 -9.7237134230661218e-05 -0.013340722516685406 -0.00019103606835926847 -0.00019177300871544862 -0.00019729678537561384 -0.00019602996064921403 -9.5500956547480944e-05 -0.00020162269980421435 -0.00019490544866979169 -0.014062889593788262 -0.013646482648570083 -0.00042098961084190476 -0.00040656136985991017 -0.012587144858134829 -0.012505680350196814 -0.012939911037423242 -0.00053071244225899648 -0.00063123535010736623 -0.0003081961634912976 -0.013209517926496541 -0.013264506938796701 -0.012907664389962801 -0.013279432400001571 -0.014054246193640001 -0.014572739442387628 -0.014388695042864179 -0.015193166639496603 -0.0014406548978429029 -0.014970860959385102 -0.015322541566504705 -0.0012601713979843564 -0.014208989037076007 -0.015541985583501162 -0.0011511265213897729 1.6716847183533556
0 0 0 0 0 0 0 0 0 0 0 0 0 0 0 0 0 0 0 0 0 0 0 0 0 0 0 0 0 0 0 0 0 0 0 0 0 0 0 0 0 0 0 0 0 0 0 0 0 0 0 0 0 0 0 0 0 0 0 0 0 0 0 0 0 0 0 0 0 0 0 0 0 0 0 0 0 -0.012850804134756718 0 -9.5418246280076411e-05 -0.013091175061079076 -0.00018746260637259941 -0.00018818576174894894 -0.00019360621234044303 -0.00019236308444806231 -9.3714545003084659e-05 -0.00019785120754315633 -0.00019125960724414881 -0.013799833502769993 -0.013391215737899255 -0.00041311470855748635 -0.00039895635781730092 -0.012351693594624001 -0.00053086748633418058 -0.012606463401107462 -0.00051703655152663156 -0.00061496909179669073 -0.00030025427873332821 -0.012869122809657109 -0.012922694814055833 -0.00084070590086722887 -0.012843566675093206 -0.013592949052260109 -0.014094423995639099 -0.013916420414974704 -0.014694487148421006 -0.0013933688337644317 -0.01447947812252762 -0.014819615651741386 -0.0012188092747138057 -0.013742612830601193 -0.015031856941792751 -0.0011133435363499271 -0.0019540906640822973 1.6596515938721925
0 0 0 0 0 0 0 0 0 0 0 0 0 0 0 0 0 0 0 0 0 0 0 0 0 0 0 0 0 0 0 0 0 0 0 0 0 0 0 0 0 0 0 0 0 0 0 0 0 0 0 0 0 0 0 0 0 0 0 0 0 0 0 0 0 0 0 0 0 0 0 0 0 0 0 0 0 -0.012311767990903878 0 -9.1415859893305234e-05 -0.012542056387303848 -0.00017959935366124876 -0.00018029217576962645 -0.00018548526169552106 -0.00018429427768911025 -8.9783621581356242e-05 -0.00018955219754718131 -0.00018323708662344845 -0.013220989645283197 -0.012829511643963412 -0.0003957863174984684 -0.00038222184887696451 -0.00042429595922062832 -0.0004215498987019744 -0.00043618723926143937 -0.00040578641661821469 -0.00041548176734582955 -0.00028327182781923843 -0.01214124227005426 -0.00055471080012485638 -0.00052988851071768771 -0.00054861744338978327 -0.012619490205693017 -0.01308505202837142 -0.012919796171521253 -0.013642141667289706 -0.00096232945895239339 -0.013439640620819676 -0.013755351319475364 -0.0011312810101896601 -0.0012929998290489731 -0.013841772396743904 -0.0010251992078699652 -0.001375538331138361 -0.0013416549817341021 1.6328897710418151
0 0 0 0 0 0 0 0 0 0 0 0 0 0 0 0 0 0 0 0 0 0 0 0 0 0 0 0 0 0 0 0 0 0 0 0 0 0 0 0 0 0 0 0 0 0 0 0 0 0 0 0 0 0 -0.013430136253800646 -0.013517974019586395 -0.013541402618850888 -0.013478253089706916 -0.013451616048299572 -0.013790583095704073 -0.013797124151143555 -0.013811535544514312 -0.01376585304147733 -0.013766527794987018 -0.014232954761258751 -0.014421295455571106 -0.014132090751719738 -0.014279434019482409 -0.014358867973259802 -0.014166802466533682 -0.014333874237032153 -0.0142860872151254 -0.014381153398473758 -0.014156874520573421 -0.014790822081965567 -0.016364044202608247 -0.015430673526294868 -0.018266794402204696 -0.014754256696397201 -0.01564887103507517 -0.018936757032469491 -0.015225880199562046 -0.015284615524644315 -0.015724869359426238 -0.015623901402518181 -0.014943451598485685 -0.016070055431090965 -0.01553466631974719 -0.02182329458303927 -0.020189784891572818 -0.01632776345831783 -0.015768175050893396 -0.017503899837319193 -0.017390613893342732 -0.017994462545372854 -0.016740307413902776 -0.017140279283385268 -0.015246079038885082 -0.018845669447963606 -0.018812323649097271 -0.017970506720466222 -0.01860567506936105 -0.020489498533802296 -0.021683165069321744 -0.021090720412635575 -0.023031301295736221 -0.018313204531567633 -0.022417981416224458 -0.02336692969907106 -0.017610329666954302 -0.020127760515533753 -0.023399472824833147 -0.01697826754622845 -0.019627589177928208 -0.019144106859024821 -0.017928003988453879 1.8973122672363878
0 0 0 0 0 0 0 0 0 0 0 0 0 0 0 0 0 0 0 0 0 0 0 0 0 0 0 0 0 0 0 0 0 0 0 0 0 0 0 0 0 0 0 0 0 -0.014060636454405964 -0.014065107974536676 -0.014293084026701187 -0.014287447226702195 -0.014704738790253647 -0.014665164096004268 -0.014730700423149072 -0.014879508060770829 -0.014917986453006704 -0.014943234776818234 -0.015040968733615073 -0.015067036902446228 -0.014996772668174646 -0.01496713457992443 -0.015344291153413464 -0.015351569153075537 -0.015367604197733352 -0.015316774901948545 -0.015317525676172438 -0.015836502366469059 -0.016046062356029882 -0.015724274571710141 -0.015888218183401324 -0.015976601517577373 -0.015762897061771107 -0.015948791876532888 -0.015895620957479453 -0.016001397717317477 -0.015751850589527661 -0.016457221485776208 -0.018207689765515289 -0.017169161422513141 -0.020324812214377545 -0.016416536482218781 -0.017411942027251041 -0.021070255796373973 -0.016941295174228675 -0.017006647880696227 -0.017496502658801222 -0.017384159205503451 -0.016627046918380857 -0.017880578919316405 -0.017284870503810952 -0.024282003428351955 -0.022464455313537232 -0.018167321472181433 -0.017544687360917289 -0.019475966575167213 -0.019349917335921434 -0.020021798246616256 -0.018626344453597996 -0.019071378922113837 -0.016963769704085963 -0.020968905881913184 -0.020931803197929776 -0.019995143452570384 -0.020701872675638791 -0.022797936019690414 -0.024126086304124699 -0.023466894213305976 -0.025626109517719212 -0.020376451114087653 -0.024943690309186368 -0.025999551300739422 -0.019594387259919556 -0.022395442997093298 -0.02603576087891837 -0.01889111422641777 -0.021838920145408214 -0.021300966571052911 -0.019947852174871022 -0.032550595479232482 1.9825820705525592
0 0 0 0 0 0 0 0 0 0 0 0 0 0 0 0 0 0 0 0 0 0 0 0 0 0 0 0 0 0 0 0 0 0 0 0 0 0 0 0 0 0 0 0 0 0 0 0 0 0 0 0 0 0 0 -0.01349159570711477 -0.013514978588955904 -0.0134519522867116 -0.013425367223522586 -0.013763672827232152 -0.013770201118775891 -0.013784584390458708 -0.013738991030022187 -0.013739664466850782 -0.014205181270382958 -0.014393154445887908 -0.014104514081931561 -0.014251569831257183 -0.014330848781508896 -0.014139158062005663 -0.014305903816832773 -0.014258210044181732 -0.014353090720034248 -0.014129249488953152 -0.014761959996121799 -0.016332112208165654 -0.015400562865678046 -0.018231149474206513 -0.014725465962455149 -0.015618334594525628 -0.0188998047722054 -0.015196169162613895 -0.015254789874459877 -0.015694184619468057 -0.015593413686487178 -0.014914291678877339 -0.016038697111938831 -0.015504352732686046 -0.021780709674764288 -0.020150387534111136 -0.016295902260341017 -0.015737405806331279 -0.01746974358441359 -0.017356678701079185 -0.017959349032423258 -0.016707641197854228 -0.017106832581820552 -0.015216328586911456 -0.018808894931550257 -0.018775614202044703 -0.017935439953739356 -0.018569368866224435 -0.020449516329815672 -0.021640853602917544 -0.02104956501371838 -0.022986359142324261 -0.01827746904111539 -0.022374236065188045 -0.023321332616829709 -0.017575965732089301 -0.020088484189401908 -0.023353812239529093 -0.016945136986431499 -0.019589288861648936 -0.019106749986465336 -0.017893020159478586 -0.029102672704554258 -0.031466612911071959 1.8953496935081975
0 0 0 0 0 0 0 0 0 0 0 0 0 0 0 0 0 0 0 0 0 0 0 0 0 0 0 0 0 0 -0.014874428380036052 -0.014855438380470147 -0.015061647883236351 -0.01507343384394791 -0.015052635471993061 -0.015019511647175781 -0.015020612084471575 -0.015311852172784319 -0.015423166461695489 -0.015515487675995284 -0.015498276323311555 -0.015134544723815164 -0.015307037782842295 -0.015261881303402936 -0.015364075280399809 -0.015746180085121905 -0.015751187636625096 -0.016006492720727225 -0.016000180199370138 -0.016467495326177587 -0.016423176545553624 -0.016496569155674389 -0.016663215371699177 -0.016706306429169451 -0.016734581440394126 -0.016844031427892436 -0.016873224564507409 -0.016794537281043489 -0.016761346274612482 -0.017183715158532831 -0.017191865621259485 -0.017209822895220335 -0.017152900347821038 -0.017153741122430476 -0.01773493106016109 -0.017969612423621148 -0.017609249760273712 -0.017792846401996555 -0.017891824844470959 -0.017652502189550626 -0.017860681473584331 -0.017801136596690983 -0.017919593532451206 -0.017640131501937124 -0.018430059980291073 -0.020390368736971972 -0.019227344974466317 -0.022761284978931002 -0.018384497790071029 -0.01949922933302967 -0.023596089927018754 -0.018972162857182239 -0.019045349834771273 -0.019593926819647708 -0.019468115996449712 -0.018620243536596727 -0.020024044900299801 -0.019356924886266353 -0.027192851479390826 -0.025157421573920681 -0.020345161223168654 -0.019647887748038769 -0.021810682469375668 -0.02166952285493275 -0.022421946676561839 -0.02085921039527101 -0.021357594156779184 -0.018997331561003788 -0.023482590512544515 -0.023441040078785766 -0.022392096591998392 -0.023183546228997622 -0.025530878868763152 -0.027018243514497338 -0.026280029607438686 -0.028698084660362371 -0.022819114182955649 -0.027933859243823165 -0.029116293436738609 -0.021943299042885642 -0.025080136284143816 -0.029156843702063819 -0.021155719912279693 -0.024456899272609401 -0.023854457563324698 -0.02233913618885304 -0.036452655607446191 -0.040484693769389686 -0.037532698144972107 2.0778951875840073
0 0 0 0 0 0 0 0 0 0 0 0 0 0 0 0 0 0 0 0 0 0 0 0 0 0 0 0 0 0 0 0 0 0 0 0 0 0 0 0 0 0 0 0 0 0 0 0 0 0 0 -0.013542054546174976 -0.01367885463630357 -0.013714228140043631 -0.013737439132624841 -0.013827286766202446 -0.013851251449083836 -0.013786656958269243 -0.013759410418986888 -0.014106133571581891 -0.014112824296770965 -0.014127565445745864 -0.014080837654378011 -0.014081527847321862 -0.014558627404458093 -0.014751277633422606 -0.014455455465951108 -0.01460617018203866 -0.014687421711021007 -0.014490961440010252 -0.014661856078356848 -0.014612975613379455 -0.014710217062211059 -0.014480806326857179 -0.015129259616781394 -0.016738479561837483 -0.015783751879873499 -0.018684767712423191 -0.015091857557030821 -0.016006942094708154 -0.019370060153280081 -0.015574272556090844 -0.015634351838834468 -0.016084679381600055 -0.015981401117244859 -0.01528538153940142 -0.016437763859622055 -0.015890124193844182 -0.022322646274193642 -0.020651759282806943 -0.016701368656409817 -0.016128975976167453 -0.017904416906471776 -0.017788538799907591 -0.018406204469551136 -0.017123352273871732 -0.017532476135904189 -0.015594933576981771 -0.019276888339961419 -0.019242779536179175 -0.018381700497264546 -0.019031402508252856 -0.020958330849880583 -0.022179310374322525 -0.021573309641577051 -0.023558294101879027 -0.018732239779364508 -0.022930940488005619 -0.023901602216915219 -0.018013282019890341 -0.020588315690388787 -0.023934889981156761 -0.01736675731251118 -0.020076699637031858 -0.019582154473666818 -0.018338225235144494 -0.029924031229193338 -0.032661161098787285 -0.030801130296350728 -0.036091421531695943 1.9138593724368964
0 0 0 0 0 0 0 0 0 0 0 0 0 0 0 0 0 0 0 0 0 0 0 0 0 0 0 0 0 0 0 0 0 0 0 0 0 0 0 0 0 0 0 0 0 0 0 0 0 0 0 0 -0.01347392840134473 -0.013508771966056002 -0.013531635229133736 -0.013620136833547805 -0.01364374249570926 -0.013580115710609502 -0.013553277358331291 -0.013894806167387502 -0.013901396657203531 -0.013915916965451877 -0.013869889214446875 -0.013870569067442365 -0.014340521080538238 -0.014530285169753602 -0.014238894785833817 -0.014387351608247912 -0.01446738588839582 -0.01427386883629605 -0.014442203260665578 -0.014394055085776611 -0.014489839736903652 -0.014263865859352061 -0.014902604513453129 -0.016487716344684707 -0.015547291669403971 -0.018404846681006382 -0.014865762783021461 -0.015767138217564286 -0.019079872589797181 -0.015340950606115797 -0.0154001298265692 -0.015843710903329433 -0.015741979875672812 -0.015056387535733148 -0.016191505737251994 -0.015652070393972265 -0.0219882253027785 -0.020342370274174421 -0.016451161406722221 -0.015887343879883262 -0.017636186499512554 -0.017522044390938095 -0.018130456661555942 -0.016866823185384915 -0.017269817863731392 -0.015361302099249257 -0.018988096605981528 -0.018954498794452185 -0.018106319789215768 -0.018746288456987777 -0.020644349018336793 -0.021847036752747139 -0.021250114663776978 -0.023205361591024157 -0.018451607557411809 -0.022587406513615113 -0.02354352652402824 -0.017743420678294975 -0.020279877145587454 -0.023576315596208489 -0.017106581714180894 -0.019775925736258068 -0.019288789473790299 -0.01806349584052569 -0.029475732068360266 -0.032072745463621266 -0.030338045662372075 -0.03544286569917366 -0.032247447178926893 1.90176850068286
0 0 0 0 0 0 0 0 0 0 0 0 0 0 0 0 0 0 0 0 0 0 0 0 0 0 0 0 0 0 0 0 0 0 0 0 0 0 0 0 0 0 0 0 0 0 0 0 0 -0.013822533846188999 -0.013785333419949756 -0.01384693792126347 -0.013986817903962724 -0.014022987800391238 -0.014046721361074897 -0.014138591808080025 -0.014163096027510704 -0.014097047267977144 -0.01406918730501777 -0.014423716520172887 -0.014430557879144931 -0.014445630907687234 -0.014397851095250384 -0.014398556827073203 -0.014886397717641499 -0.015083385239133626 -0.014780902984708447 -0.014935010864744183 -0.015018091676006359 -0.014817208333867921 -0.014991950463295696 -0.014941969512341049 -0.01504140023762331 -0.014806824590325961 -0.0154698770407366 -0.01711532667357096 -0.016139104424666609 -0.019105433204760051 -0.015431632917754489 -0.016367319503768303 -0.019806154196104635 -0.015924908921145155 -0.015986340818031779 -0.016446806953925683 -0.016341203501341044 -0.015629513864184326 -0.016807840712239966 -0.016247871585742563 -0.022825214308742636 -0.021116709268803945 -0.017077380259909593 -0.016492100834038296 -0.018307513721418096 -0.018189026756053977 -0.018820598439246557 -0.017508864340470606 -0.017927199143387904 -0.015946035100543449 -0.019710884729376158 -0.019676008006132888 -0.018795542788947486 -0.01945987207390127 -0.021430182932883318 -0.022678651370255768 -0.022059007246243347 -0.024088681288889507 -0.019153974049259392 -0.023447203548837108 -0.024439718580949371 -0.018418829804378721 -0.021051837318788118 -0.024473755779914275 -0.01775774935627911 -0.020528702833823704 -0.02002302356979271 -0.018751088732610405 -0.030597735474462602 -0.033600979963885842 -0.031497976359534087 -0.037126523486156908 -0.033584570660229636 -0.033760224827432905 1.9308582691267122
0 0 0 0 0 0 0 0 0 0 0 0 0 0 0 0 0 0 0 0 0 0 0 0 0 0 0 0 0 0 0 0 0 0 0 0 0 0 0 0 0 0 0 0 0 0 0 -0.013906661581532113 -0.01390117717593891 -0.014307187001689632 -0.014268682233992348 -0.01433244674564301 -0.01447723127592866 -0.014514669380818832 -0.014539235100441557 -0.014634326758731249 -0.014659690158354395 -0.014591325561500369 -0.014562488757457335 -0.01492944866764489 -0.014936529902046176 -0.014952131429267573 -0.014902676335210564 -0.014903406811784228 -0.015408352643430831 -0.015612247047914501 -0.015299158997131784 -0.015458670290984017 -0.015544664126571338 -0.015336737304073832 -0.015517606336524725 -0.015465872926446559 -0.015568789945578808 -0.015325989480099835 -0.016012290234037559 -0.017715433511585891 -0.016704982430350838 -0.019775318234014121 -0.015972705174935729 -0.016941199309951256 -0.020500608283637339 -0.016483276688271063 -0.016546862543541211 -0.017023473792064332 -0.01691416761412513 -0.016177524330102219 -0.01739716631122136 -0.016817563244436701 -0.023625524314334352 -0.021857114746907488 -0.017676156600249949 -0.01707035579069259 -0.018949421666316094 -0.018826780246906132 -0.019480496437942987 -0.018122769608944607 -0.018555772292916838 -0.016505143605190922 -0.020401998427350833 -0.020365898837580363 -0.019454562272883967 -0.020142184630427471 -0.022181579594086964 -0.023473822506850026 -0.022832452085528192 -0.024933291656893578 -0.019825561043848985 -0.024269322077471435 -0.025296637208288248 -0.019064640773969674 -0.021789968221500061 -0.025331867837929452 -0.018380381165751337 -0.021248491312367883 -0.020725081648563376 -0.01940854954438857 -0.031670569819737621 -0.034979551992871526 -0.032605703082786437 -0.038646406824968803 -0.034769718694170247 -0.034951571427759141 -0.036667912970754835 1.9581988967530861
0 0 0 0 0 0 0 0 0 0 0 0 0 0 0 0 0 0 0 0 0 0 0 0 0 0 0 0 0 0 0 0 0 0 0 0 0 0 0 0 0 0 0 0 0 0 0 0 0 0 0 0 0 0 0 0 0 0 0 -0.013490763201832604 -0.013497162048742803 -0.013511260125235347 -0.013466570801611526 -0.013467230885361422 -0.01392351730264035 -0.014107763297939458 -0.013824846168952186 -0.013968986059267189 -0.014046693046210965 -0.013858803219327771 -0.014022242696676053 -0.01397549460834787 -0.01406849396589049 -0.013849091115996122 -0.014469256077389319 -0.016008274909745223 -0.015095196565899626 -0.017869657579124825 -0.014433485656755727 -0.015308650261204254 -0.01852505460884226 -0.014894855633461592 -0.014952313998836455 -0.015382996312449847 -0.015284223491305897 -0.014618567288571494 -0.015720677723096155 -0.01519692846087607 -0.021348836192091377 -0.01975084049585827 -0.015972782942030934 -0.015425360498564005 -0.017123349040072993 -0.017012526036167486 -0.017603246466023598 -0.016376357814572695 -0.016767633929666795 -0.014914615331534641 -0.018435947351759213 -0.018403326521072436 -0.017579811462670562 -0.018201170670525131 -0.020044038089290849 -0.021211753222211704 -0.020632188854402479 -0.022530579733616968 -0.01791505870981365 -0.021930593989428617 -0.022858911268387346 -0.01722746498783494 -0.019690164586501562 -0.022890746876824648 -0.01660914447590444 -0.019200867431396727 -0.018727896460457149 -0.017538232778937974 -0.028149890402157696 -0.030436438390593779 -0.029061592843282844 -0.033639521151169804 -0.030606686565759246 -0.030855298098539829 -0.032099241976505717 -0.033369054655148798 1.8784210201009024
0 0 0 0 0 0 0 0 0 0 0 0 0 0 0 0 0 0 0 0 0 0 0 0 0 0 0 0 0 0 0 0 -0.014279994406022782 -0.014291168711409879 -0.014271449711371675 -0.014240044911791419 -0.014241088239755822 -0.014517213857892399 -0.014622751275530692 -0.014710281301060529 -0.014693963164961179 -0.014349108123445711 -0.014512649320069964 -0.014469836323856284 -0.014566726745883031 -0.014929001479449025 -0.014933749154341272 -0.015175804685119769 -0.015169819764321704 -0.015612882664771534 -0.015570863893362607 -0.015640447651402829 -0.015798445438302579 -0.015839300201631608 -0.015866107826218927 -0.015969877693987004 -0.015997555796063073 -0.015922952142042073 -0.015891483647370121 -0.016291932877523473 -0.016299660356149475 -0.016316685702492888 -0.016262717261275161 -0.016263514402252578 -0.01681454235908536 -0.017037044477273684 -0.016695383534417255 -0.016869452071744936 -0.016963293835660538 -0.016736391294851563 -0.01693376671050778 -0.016877312030680908 -0.016989621413632559 -0.016724662608102441 -0.017473596213477185 -0.019332170938932088 -0.018229504553990729 -0.021580043876526761 -0.01743039856163164 -0.018487278945574028 -0.022371525000056531 -0.017987565608425692 -0.018056954405634373 -0.018577061922157551 -0.018457780296041316 -0.01765390982465781 -0.018984858189418943 -0.018352359664528878 -0.025781625624225687 -0.023851828307940533 -0.01928930955688558 -0.018628222443338473 -0.020678774730947896 -0.020544940868922692 -0.021258316194591936 -0.019776681148553521 -0.020249200316544431 -0.018011428133466904 -0.022263915858193581 -0.022224521764911725 -0.021230015238158303 -0.02198039105869343 -0.02420590431094528 -0.025616079278884797 -0.024916176416661662 -0.027208741805050656 -0.021634871921662146 -0.026484177351165015 -0.027605246824524705 -0.020804508909736855 -0.023778553888414464 -0.027643692655047569 -0.020057802728145478 -0.023187660972360583 -0.022616484145943552 -0.021179803318019361 -0.034560874228005106 -0.038383661936481586 -0.035584865859844834 -0.043780661359186859 -0.037976838437180686 -0.038175465062366472 -0.040050120018723934 -0.041850166124036137 -0.03873835164043507 2.0293831005844289
0 0 0 0 0 0 0 0 0 0 0 0 0 0 0 0 0 0 0 0 0 0 0 0 0 0 0 0 0 0 0 0 0 0 0 0 0 0 0 0 0 0 0 0 0 0 0 -0.013965625162505881 -0.013960117503294955 -0.01436784879131775 -0.01432918076524387 -0.014393215635377482 -0.014538614045158648 -0.014576210885825907 -0.014600880762927261 -0.014696375605309644 -0.014721846544532321 -0.014653192085051578 -0.01462423301433733 -0.014992748817021321 -0.014999860075518772 -0.015015527752470528 -0.014965862971173154 -0.014966596544933423 -0.015473683322794892 -0.015678442229811917 -0.015364026700645541 -0.015524214314767382 -0.015610572760113293 -0.015401764337815501 -0.015583400246328918 -0.01553144748905841 -0.015634800871438953 -0.015390970943582549 -0.016080181579940438 -0.017790546103651349 -0.016775810758086623 -0.019859164638929363 -0.016040428682079746 -0.017013029185975539 -0.020587529883723268 -0.016553164994248998 -0.016617020450509407 -0.017095652507963958 -0.016985882877050315 -0.016246116260683507 -0.017470929465557655 -0.016888868909450832 -0.023725695409159586 -0.021949787869618719 -0.017751102660086032 -0.017142733284026379 -0.019029766309224018 -0.018906604896053673 -0.019563092812524989 -0.018199609286609096 -0.018634447881281643 -0.016575124625852766 -0.02048850192635792 -0.020452249276047729 -0.019537048687844342 -0.020227586531344689 -0.022275628432254245 -0.023573350393258814 -0.02292926059197371 -0.025039007622793135 -0.019909620475879675 -0.024372222844064914 -0.025403893741976949 -0.019145473940387549 -0.021882356646147124 -0.025439273747805195 -0.018458313104112726 -0.021338583900781527 -0.020812955004997014 -0.01949084086757738 -0.031804851523302535 -0.0351278636228263 -0.032743949706726797 -0.038810265744296503 -0.034917140640960499 -0.035099764421458075 -0.036823383170625612 -0.038478404115121677 -0.035617300651965063 -0.04202681117264425 1.9604938337895264
0 0 0 0 0 0 0 0 0 0 0 0 0 0 0 0 0 0 0 0 0 0 0 0 0 0 0 0 0 0 0 0 0 0 0 0 0 0 0 0 0 0 0 0 0 0 0 0 0 0 0 0 0 0 0 0 0 0 0 -0.013523060159731291 -0.013529474325512681 -0.013543606152875184 -0.013498809842774339 -0.01349947150677017 -0.013956850276123822 -0.014141537357306715 -0.013857942923225766 -0.014002427885193713 -0.014080320903071646 -0.013891981266956699 -0.014055812019273225 -0.01400895201577756 -0.014102174014269863 -0.013882245912799825 -0.014503895552364835 -0.01604659880388205 -0.015131334545689828 -0.017912437633139395 -0.014468039497156847 -0.015345299250261573 -0.01856940368678504 -0.014930513996008206 -0.014988109917013975 -0.01541982328634639 -0.015320814002546623 -0.014653564215372226 -0.015758313108060949 -0.015233309987357774 -0.021399945417964087 -0.019798124111647351 -0.01601102186821024 -0.015462288892544444 -0.017164342427527606 -0.017053254112770127 -0.017645388730436983 -0.016415562901117408 -0.016807775733282106 -0.014950320998903421 -0.018480083106464113 -0.018447384181332297 -0.017621897623558477 -0.018244744368620391 -0.02009202362165969 -0.021262534270731638 -0.020681582422789762 -0.022584518059726128 -0.017957947454372191 -0.021983095946520592 -0.022913635621915954 -0.017268707629416794 -0.019737302943844858 -0.02294554744496121 -0.01664890685493689 -0.019246834408780278 -0.018772731142855877 -0.017580219400242472 -0.028217281387495772 -0.030509303383815838 -0.029131166449049221 -0.033720054341327806 -0.030679959134002194 -0.03092916584410042 -0.032176087730237807 -0.03344894034709571 -0.032005184571021278 -0.036553456318904616 -0.035572985602867313 1.879295686941332
0 0 0 0 0 0 0 0 0 0 0 0 0 0 0 0 0 0 0 0 0 0 0 0 0 0 0 0 0 0 0 0 0 0 0 0 0 0 0 0 0 0 0 0 0 0 0 -0.013991035037219339 -0.013985517357052958 -0.014393990495214897 -0.014355252114271428 -0.014419403493192989 -0.014565066449338184 -0.014602731695894117 -0.014627446458812914 -0.014723115050091383 -0.014748632332632974 -0.014679852959213138 -0.014650841198674637 -0.015020027500546554 -0.015027151697684548 -0.015042847881322036 -0.014993092737023185 -0.014993827645489777 -0.015501837046669006 -0.015706968504016334 -0.015391980908860589 -0.015552459977685167 -0.015638975548633784 -0.015429787208089541 -0.01561175359558814 -0.015559706312435551 -0.015663247742003058 -0.015418974175723863 -0.016109438802197208 -0.017822915263094107 -0.016806333648730708 -0.019895297563847177 -0.016069613575590485 -0.017043983685693462 -0.020624988038941354 -0.016583282790175836 -0.016647254428783773 -0.017126757337383811 -0.017016787985188044 -0.016275675394197203 -0.017502717095807811 -0.016919597504701598 -0.023768863326162477 -0.021989724596639483 -0.017783400053824019 -0.017173923774960607 -0.019064390178346054 -0.018941004678097069 -0.01959868704705468 -0.018232722719519832 -0.018668352484945205 -0.016605282376417597 -0.020525779904319707 -0.020489461293823015 -0.019572595536174717 -0.020264389784586157 -0.022316158012638556 -0.023616241124830614 -0.022970979428917401 -0.02508456505680166 -0.019945845203096352 -0.024416567090873594 -0.025450115071113534 -0.019180308334736156 -0.021922170684864961 -0.02548555944939435 -0.018491897237866078 -0.021377408567573981 -0.020850823311859043 -0.019526303642693078 -0.031862719129165801 -0.035191777311135347 -0.032803525962716629 -0.038880879410260472 -0.034980670927558341 -0.03516362698443587 -0.036890381786300386 -0.038548413972643351 -0.035682104850608014 -0.042103277209365055 -0.04097394404884052 -0.03795308801041309 1.9611785492254925
0 0 0 0 0 0 0 0 0 0 0 0 0 0 0 0 0 0 0 0 0 0 0 0 0 0 0 0 0 0 0 0 0 0 0 0 0 0 0 0 0 0 0 0 0 0 0 0 0 0 0 0 0 0 0 0 0 0 0 -0.013431537429094703 -0.013437908184436721 -0.013451944368992882 -0.013407451235879943 -0.013408108421798622 -0.013862391696983266 -0.01404582883430357 -0.013764153739243664 -0.013907660841309287 -0.013985026686966393 -0.013797961714838781 -0.013960683676863844 -0.013914140817222684 -0.014006731898474054 -0.013788292248592045 -0.014405734625019304 -0.015937997013857522 -0.015028927173435758 -0.017791208030877071 -0.014370121240039961 -0.015241443786097526 -0.018443727803394632 -0.014829465757326729 -0.014886671874848411 -0.015315463450892325 -0.015217124252110619 -0.014554390345356378 -0.015651662407047538 -0.015130212455423857 -0.021255112708724433 -0.019664132370223526 -0.015902660859356436 -0.015357641654074017 -0.017048175859459645 -0.016937839379402245 -0.017525966488673786 -0.016304463998650348 -0.01669402237325476 -0.014849138708390521 -0.018355011735906382 -0.018322534113859899 -0.017502634367282353 -0.01812126574731444 -0.019956042797482414 -0.021118631546516838 -0.020541611523091394 -0.022431668280275704 -0.017836409846153579 -0.021834316532308135 -0.02275855840742666 -0.017151834728010077 -0.019603722834055495 -0.022790254254422149 -0.01653622870373023 -0.019116573741419649 -0.018645679159403787 -0.017461238218045131 -0.028026309624210023 -0.030302819442864719 -0.028934009602258701 -0.033491840356173509 -0.030472320211848727 -0.030719840315637813 -0.031958323158055642 -0.033222561234583232 -0.03178857665447931 -0.03630606615003807 -0.035332231162612408 -0.03376619606868389 -0.036775787196523593 1.8734243817595262
0 0 0 0 0 0 0 0 0 0 0 0 0 0 0 0 0 0 0 0 0 0 0 0 0 0 0 0 0 0 -0.014340211178051327 -0.014321903207009623 -0.014520706666275697 -0.014532069332542578 -0.014512017937062313 -0.014480083759103955 -0.014481144674037464 -0.014761924833330385 -0.014869241253790201 -0.014958246738600882 -0.014941653534086956 -0.014590985406504881 -0.014757283352884674 -0.014713748674800058 -0.014812272340637098 -0.015180653797179557 -0.015185481501764353 -0.015431617267609707 -0.015425531461350469 -0.015876062899192925 -0.015833335833850704 -0.015904092537984124 -0.016064753631555989 -0.016106297067596465 -0.016133556577788068 -0.016239075653484893 -0.016267220314465012 -0.01619135909592832 -0.016159360149192652 -0.016566559594823466 -0.016574417332526264 -0.016591729668451623 -0.016536851502405563 -0.016537662080475742 -0.017097978499276308 -0.017324231248331816 -0.016976811061076048 -0.017153813803408812 -0.017249237421099597 -0.01701851007322765 -0.017219212568791994 -0.017161806254587301 -0.017276008792721426 -0.017006583680613536 -0.017768141765788673 -0.019658045755826838 -0.018536792156474888 -0.021943810205155498 -0.017724215948081573 -0.018798911749791994 -0.022748633015299707 -0.01829077494107503 -0.018361333397998791 -0.018890208162767222 -0.018768915853105559 -0.017951494852732407 -0.019304878491630789 -0.018661718187389178 -0.026216216367092388 -0.024253889214963076 -0.019614461876283521 -0.018942231076772769 -0.021027348719372136 -0.020891258872469041 -0.021616659285976642 -0.020110048899564609 -0.020590533137689295 -0.018315039707334842 -0.02263920994837294 -0.022599151804323397 -0.021587881271426201 -0.02235090588262072 -0.024613933738168291 -0.026047879471992649 -0.025336178621958701 -0.027667388885178702 -0.021999562465126025 -0.026930610732718449 -0.028070577634121213 -0.021155202349856416 -0.024179379637315736 -0.028109671530917878 -0.020395909235274089 -0.023578526271318085 -0.022997721341348313 -0.021536822948661667 -0.035143453318392602 -0.039030680258678487 -0.036184705975216842 -0.044723699096798179 -0.038620865806193234 -0.038822860826114858 -0.040729306978085723 -0.042559879030390803 -0.039395293074040376 -0.048068617173724557 -0.045271771925785305 -0.041934053071354248 -0.047095663822772103 -0.043461089198647926 2.0410693277302694
0 0 0 0 0 0 0 0 0 0 0 0 0 0 0 0 0 0 0 0 0 0 0 0 0 0 0 0 0 0 -0.014544797469821461 -0.014526228305979265 -0.014727868017934116 -0.014739392791002103 -0.014719055329955735 -0.014686665559329969 -0.014687741609929141 -0.014972527552042968 -0.015081375014703873 -0.015171650306627194 -0.015154820373229174 -0.014799149397988064 -0.014967819853375287 -0.014923664082741364 -0.015023593347923123 -0.015397230361390969 -0.015402126940984572 -0.015651774231377546 -0.015645601601260457 -0.016102560598291585 -0.016059223962298638 -0.016130990125191379 -0.016293943308951862 -0.016336079429255541 -0.016363727840421803 -0.016470752316294881 -0.016499298506354159 -0.016422355004913423 -0.01638989954148222 -0.016802908345394524 -0.016810878186430397 -0.016828437510809566 -0.016772776419019347 -0.016773598561297336 -0.017341908799497336 -0.017571389409730374 -0.017219012711941806 -0.017398540684496911 -0.017495325674338862 -0.017261306627902796 -0.017464872468979438 -0.017406647160910754 -0.017522478982845948 -0.01724921008601964 -0.018021633028250546 -0.01993849955352088 -0.018801249459195087 -0.022256874127395725 -0.017977080537752963 -0.019067108612197934 -0.023073179035828523 -0.018551722410559607 -0.018623287497920811 -0.019159707516074837 -0.019036684775559524 -0.018207601943347865 -0.019580293787445132 -0.018927957761869493 -0.026590233069094572 -0.024599910148255834 -0.019894293879489138 -0.019212472621036251 -0.021327337837155253 -0.02118930644862203 -0.021925055871552964 -0.020396951252715088 -0.020884290375146546 -0.01857633335293013 -0.022962194871977346 -0.022921565233760419 -0.021895867292108559 -0.022669777682723366 -0.024965091288553551 -0.026419494576079196 -0.025697640163042348 -0.028062108908796287 -0.022313421783470809 -0.0273148194250766 -0.028471049796954639 -0.021457015506347887 -0.024524337571048393 -0.02851070143138432 -0.020686889848167873 -0.02391491206057534 -0.023325821009475861 -0.021844080539840941 -0.035644831485359102 -0.039587516001207829 -0.036700939294396703 -0.045361754955166603 -0.039171854883135362 -0.039376731688524853 -0.041310376376404653 -0.043167064497948535 -0.039957330607739504 -0.048754393695137108 -0.045917646928960554 -0.042532310120028949 -0.047767559591968912 -0.044081131885956679 -0.054582777519155239 2.0525004602997412
0 0 0 0 0 0 0 0 0 0 0 0 0 0 0 0 0 0 0 0 0 0 0 0 0 0 0 0 0 0 0 0 -0.01426421091105501 -0.014275372865619704 -0.014255675660742101 -0.014224305572487399 -0.014225347747273456 -0.014501168167296996 -0.014606588935778708 -0.014694022215497149 -0.014677722115623132 -0.014333248237967377 -0.014496608674603072 -0.014453842999045265 -0.014550626329330721 -0.0149125006452692 -0.014917243072618578 -0.015159031062520647 -0.015153052756780111 -0.015595625945476945 -0.015553653616879434 -0.015623160464881158 -0.015780983618850091 -0.015821793225932534 -0.015848571220394878 -0.015952226392657136 -0.015979873902482993 -0.015905352706924083 -0.015873918993975191 -0.016273925612722506 -0.016281644550269082 -0.016298651078712017 -0.016244742288122435 -0.016245538548030691 -0.01679595746071802 -0.017018213650161196 -0.016676930340775633 -0.016850806482377207 -0.016944544524188709 -0.016717892775857487 -0.016915050034990838 -0.01685865775379879 -0.016970843002626548 -0.016706177052673857 -0.017454282871322356 -0.019310803337930369 -0.018209355716025777 -0.021556191730350453 -0.017411132965286999 -0.018466845192875062 -0.022346798039930817 -0.017967684182480889 -0.018036996285137882 -0.018556528933484345 -0.018437379147821713 -0.017634397184177367 -0.018963874468752123 -0.018332075036387743 -0.025753129523541959 -0.023825465187521034 -0.019267989330019594 -0.018607632907595172 -0.020655918746013253 -0.020522232808847417 -0.021234819649903505 -0.019754822236110466 -0.020226819134713265 -0.017991520332577646 -0.022239307837072633 -0.0221999572855772 -0.021206549974154301 -0.021956096413903437 -0.024179149834854977 -0.025587766154458361 -0.02488863688590557 -0.02717866833112477 -0.021610959174749426 -0.026454904729053857 -0.027574735098676018 -0.020781513952427604 -0.023752271757276119 -0.027613138435520747 -0.020035633095618469 -0.023162031947593011 -0.022591486435604598 -0.021156393552608975 -0.034522674536253836 -0.038341236966423532 -0.03554553436325647 -0.043732271154775175 -0.037934863123928915 -0.038133270209649288 -0.040005853133890358 -0.041803909671289143 -0.038695534636391297 -0.04721479891705177 -0.044467632600489415 -0.04118919993861353 -0.046259127638745567 -0.042689112104350099 -0.052661438726071368 -0.054515705888299897 2.0245903604037916
0 0 0 0 0 0 0 0 0 0 0 0 0 0 0 0 0 0 0 0 0 0 0 0 0 0 0 0 0 0 0 0 0 0 0 0 0 0 0 0 0 0 0 0 0 0 0 -0.013928127937262355 -0.013922635065928522 -0.014329271609406504 -0.014290707405657554 -0.01435457034435819 -0.014499578364389391 -0.014537074258828372 -0.014561677898153456 -0.014656916340153243 -0.014682318890780682 -0.01461384876617159 -0.014584967449569988 -0.01495249379994644 -0.01495958596495256 -0.014975211574731471 -0.014925680141672826 -0.014926411745812281 -0.015432137013041849 -0.015636346149408637 -0.015322774815169816 -0.015482532331033487 -0.015568658906909292 -0.015360411128071828 -0.015541559350393261 -0.015489746084499531 -0.015592821966586727 -0.015349646713735581 -0.016037006843140342 -0.017742779096683915 -0.016730768280767267 -0.01980584346204442 -0.015997360680449591 -0.016967349785302999 -0.020532253071103474 -0.016508720313181045 -0.016572404319727032 -0.017049751266501569 -0.01694027636328679 -0.016202495994948763 -0.017424020618315817 -0.016843522874866186 -0.023661992729583997 -0.021890853440962373 -0.017703441557415628 -0.017096705632290671 -0.01897867203845028 -0.01885584130945353 -0.019510566578350739 -0.018150743959007235 -0.018584415026948086 -0.016530620983923414 -0.020433491000409833 -0.020397335687227951 -0.019484592381251782 -0.020173276154295934 -0.022215819132845312 -0.023510056754831959 -0.022867696312605258 -0.024971778744902796 -0.019856163826799247 -0.024306784260468412 -0.025335685157351542 -0.019094068998587593 -0.021823603268020891 -0.025370970169080402 -0.018408753165616562 -0.021281290533844015 -0.020757072933649121 -0.019438508627400337 -0.031719456586268992 -0.035033546512117431 -0.032656033323235814 -0.038706061510013143 -0.034823389314239554 -0.035005522756141307 -0.03672451364800132 -0.038375090917945359 -0.03552166941959313 -0.041913970624051833 -0.040789715220371052 -0.037782441686193283 -0.042433035724653553 -0.039158296133983063 -0.046861707231910153 -0.048511759471051588 -0.048929159485549656 1.9548915818432182
0 0 0 0 0 0 0 0 0 0 0 0 0 0 0 0 0 0 0 0 0 0 0 0 0 0 0 0 0 0 0 0 0 0 0 0 0 -0.014338048603292264 -0.014442283523185493 -0.014528733290517796 -0.014512616545885534 -0.014172017558037426 -0.014333540399047452 -0.01429125578255336 -0.014386950424362308 -0.014744754117857417 -0.014749443198972532 -0.014988511383747653 -0.014982600326290639 -0.015420195133604013 -0.015378694939932901 -0.015447419924940682 -0.015603467770622419 -0.015643818321906731 -0.015670295098238338 -0.015772784282609521 -0.01580012079336893 -0.015726437865789568 -0.015695357741839555 -0.016090864798586544 -0.01609849690797327 -0.016115312134757767 -0.01606200974899932 -0.016062797052003253 -0.016607024457082401 -0.016826780549133301 -0.016489336239747198 -0.016661256497510806 -0.016753940106448553 -0.01652983789991316 -0.016724777392468353 -0.016669019452189592 -0.016779942760695325 -0.016518253963607437 -0.017257944550216286 -0.019093581540019451 -0.01800452379276421 -0.021313712189658603 -0.01721528002534475 -0.018259116842878238 -0.022095425191122699 -0.017765570754359621 -0.017834103184658032 -0.018347791756299511 -0.01822998225307812 -0.017436032807802055 -0.018750555176159828 -0.018125862677990559 -0.025463439809501814 -0.023557459227663686 -0.01905124913484588 -0.01839832087617518 -0.0204235661230283 -0.020291383981387526 -0.02099595513339721 -0.019532605794439582 -0.019999293332624488 -0.017789138778301797 -0.021989144115339577 -0.021950236207136802 -0.020968003455282054 -0.021709118457852464 -0.023907165375836873 -0.025299936566463673 -0.024608671606510334 -0.026872943131794103 -0.021367863570472864 -0.026157320943010758 -0.027264554655626657 -0.020547748544278089 -0.023485089129740865 -0.027302526004125336 -0.019810257891533546 -0.022901488761745307 -0.022337361155830276 -0.020918411229220491 -0.034134338675739506 -0.037909947170642999 -0.035145692640104358 -0.042730272643900634 -0.037498525716359303 -0.037694650668275799 -0.039545694619886655 -0.04132306940800437 -0.038250447772295838 -0.046176565218777769 -0.043945538869006755 -0.040705598230241481 -0.045715999993952407 -0.042187899952306616 -0.051542471829983734 -0.053357338937424698 -0.053816430800691747 -0.051400810657648836 2.0139891202634765
0 0 0 0 0 0 0 0 0 0 0 0 0 0 0 0 0 0 0 0 0 0 0 0 0 0 0 0 0 0 -0.014661352542231314 -0.014642634573963358 -0.014845890130435788 -0.014857507257538937 -0.014837006821773999 -0.014804357494970416 -0.014805442168527168 -0.015092510249403999 -0.015202229963732574 -0.01529322867880614 -0.015276263878346826 -0.014917742725486837 -0.015087764825484112 -0.01504325521155405 -0.015143985262225568 -0.015520616424579822 -0.015525552243026899 -0.01577720008778602 -0.015770977993149755 -0.016231598841718063 -0.016187914926587232 -0.016260256189289397 -0.016424515202176651 -0.016466988981259711 -0.01649485895361031 -0.016602741072605242 -0.016631516018225281 -0.016553955928250024 -0.016521240382205836 -0.016937558841770232 -0.016945592549305808 -0.016963292585737953 -0.016907185452496819 -0.01690801418302958 -0.01748087858852514 -0.017712198146961913 -0.0173569976703178 -0.017537964294448528 -0.01763552487305782 -0.017399630509555949 -0.017604827630229983 -0.017546135732299659 -0.017662895775234558 -0.017387437031752651 -0.018166049803177459 -0.020098277182877756 -0.018951913708502053 -0.022435230105257695 -0.018121140290260684 -0.019219903330003008 -0.023258076492036869 -0.018700387069065863 -0.01877252564491589 -0.019313244277347041 -0.019189235691242028 -0.018353508984496811 -0.019737200926576479 -0.019079637391106762 -0.026803314519499331 -0.024797042099703945 -0.020053717265650653 -0.019366432216704553 -0.021498244954367869 -0.021359107448089356 -0.022100752816110618 -0.020560402695412663 -0.021051647121225224 -0.018725195231793636 -0.023146202954016201 -0.023105247729244272 -0.022071330333312746 -0.022851442472819054 -0.025165149627551932 -0.026631207809612145 -0.025903568799460576 -0.028286985270442308 -0.022492230907291605 -0.027533707365076925 -0.028699203215905356 -0.021628961798565823 -0.024720863919891221 -0.028739172599628333 -0.020852664720541852 -0.024106554763937898 -0.023512743018010936 -0.022019128586702637 -0.035930472170520401 -0.039904751480329279 -0.036995043124019869 -0.045725262432285564 -0.039485759452231824 -0.039692278042658583 -0.041641418037163293 -0.043512984772103649 -0.040277529604796074 -0.049145088161611547 -0.046285609059322601 -0.042873143775232478 -0.048150346040434173 -0.044434377060359617 -0.055020177874802532 -0.056957498836052535 -0.057243802600181831 -0.054188334044463826 -0.059235003928519769 2.0562310703810169
0 0 0 0 0 0 0 0 0 0 0 0 0 0 0 0 0 0 0 0 0 0 0 0 0 0 0 0 0 0 0 0 0 0 0 0 0 0 0 0 0 0 0 0 0 0 0 0 0 0 0 0 -0.013608071717555448 -0.013643262176740325 -0.013666353061180867 -0.013755735767109121 -0.013779576441783667 -0.01371531620312243 -0.013688210654413835 -0.014033139645334735 -0.014039795748543938 -0.014054460617626269 -0.014007974624972313 -0.014008661246427644 -0.014483291993116073 -0.014674945329736457 -0.014380653930521717 -0.014530588754740234 -0.014611419837672781 -0.014415976174542662 -0.014585986497523537 -0.01453735897053687 -0.014634097231510565 -0.014405873610271036 -0.015050971398745438 -0.016651864236920499 -0.015702076910983291 -0.018588081079661027 -0.015013762880566394 -0.015924112200551815 -0.019269827390343889 -0.015493681563773122 -0.015553449958863626 -0.016001447226274914 -0.015898703388022732 -0.01520628544924863 -0.016352704625157415 -0.015807898788310303 -0.022207134990576232 -0.020544894209800955 -0.016614945366444325 -0.016045514602657303 -0.017811768295103208 -0.017696489814080885 -0.01831095929661131 -0.017034745377686119 -0.017441752177882811 -0.015514235671666396 -0.019177137706053692 -0.019143205402480004 -0.018286582123154049 -0.018932922171025705 -0.02084987938452584 -0.022064540799976207 -0.021461675892690997 -0.023436388806323868 -0.01863530749654356 -0.022812281511022051 -0.023777920431219558 -0.017920070072576011 -0.020481778914071672 -0.023811035943823534 -0.017276890886959984 -0.019972810281019576 -0.019480824202536773 -0.018243331829126422 -0.02976918564252274 -0.032392054302759023 -0.030640084231323948 -0.035795726676261165 -0.032568495307956927 -0.032833042191253319 -0.034156719625783843 -0.035507923983614201 -0.033303598167127323 -0.038790719735194677 -0.037750239064295775 -0.035404037432347775 -0.039279562880256809 -0.036683813919990198 -0.04338838707618406 -0.044916139893499858 -0.04530260283871311 -0.044104712585378063 -0.047320205173285626 -0.050224776225835516 1.9031568838398363
0 0 0 0 0 0 0 0 0 0 0 0 0 0 0 0 0 0 0 0 0 0 0 -0.014623360691843151 -0.014718801837251775 -0.014799574929783576 -0.014810923697903973 -0.014856608240648286 -0.014867086631997848 -0.014867428278135511 -0.015318083289948681 -0.015298526881621441 -0.015510886930547772 -0.015523024427415853 -0.015501605708943328 -0.015467493910192693 -0.015468627169884553 -0.015768553984962876 -0.015883188410257043 -0.01597826326045957 -0.015960538550158058 -0.015585958042328683 -0.015763595997724665 -0.015717092650136461 -0.015822334734829784 -0.016215836459715211 -0.016220993369888685 -0.016483913358655018 -0.016477412555705801 -0.016958666144225792 -0.016913025481231258 -0.016988607149714712 -0.017160223870157018 -0.017204600191082536 -0.017233718552199281 -0.017346433070146761 -0.017376496941290252 -0.017295462676902719 -0.017261281692731886 -0.017696248440876482 -0.017704642004899147 -0.017723134884838496 -0.017664514526471071 -0.01766538037860094 -0.018263905286313949 -0.018505586417195234 -0.018134475329715932 -0.018323548050885707 -0.018425478692318233 -0.018179017835634453 -0.018393406417877636 -0.018332085514618408 -0.01845407562824624 -0.01816627817140069 -0.018979767598717317 -0.020998545869831669 -0.019800832962344608 -0.02344017868689802 -0.018932846439338971 -0.020080826730392465 -0.024299883100337042 -0.019538039608086137 -0.019613409510700879 -0.020178348729244306 -0.020048785386083089 -0.019175623700304994 -0.020621295806977635 -0.019934277813530809 -0.028003924131400775 -0.025907784096556724 -0.020951989965693845 -0.020233919133320732 -0.022461222854448633 -0.022315852916460266 -0.023090719047416899 -0.021481371521219275 -0.021994620418863086 -0.019563959010942242 -0.024182998374425869 -0.024140208628908082 -0.023059978633743726 -0.023875034590830065 -0.02629238038499504 -0.027824108189506865 -0.02706387580778373 -0.029554053430343365 -0.023499732744452034 -0.028767033702006901 -0.029984735988724483 -0.022597794940899855 -0.025828193642681199 -0.030026495734089845 -0.021786724934591346 -0.02518636753628439 -0.024565956987092706 -0.02300543859726438 -0.037539917532838654 -0.041692218032384154 -0.038652174160377348 -0.047773449030364429 -0.041254457957675558 -0.041470227202703755 -0.043506675660891531 -0.04546207609519267 -0.042081694129005455 -0.051346460129312294 -0.048358895446681885 -0.044793574491796648 -0.050307160199762412 -0.046424740608822353 -0.057484714652784506 -0.059508814663903481 -0.05980794292594812 -0.056615609770361043 -0.061888336785016138 -0.066465110334369262 -0.058449156864785787 2.0920687063071743
0 0 0 0 0 0 0 0 0 0 0 0 0 0 0 0 0 0 0 0 0 0 0 0 -0.014594461243349378 -0.014674551985891106 -0.014685804882583808 -0.014731103494241792 -0.014741493366877422 -0.014741832126876925 -0.015188680122843809 -0.015169288921947868 -0.015379855008642404 -0.015391889971104765 -0.015370652192372164 -0.015336828561189383 -0.01533795224739907 -0.015635345359074897 -0.015749011382682841 -0.015843283065380562 -0.015825708088802674 -0.015454291939275932 -0.015630429255616859 -0.015584318756164244 -0.015688671783212697 -0.016078849308295156 -0.016083962654236957 -0.016344661563604354 -0.016338215677740017 -0.016815403761631053 -0.016770148659036879 -0.016845091833324263 -0.01701525878053382 -0.017059260221889069 -0.017088132598694915 -0.017199894933830891 -0.017229704833242477 -0.017149355125155988 -0.017115462893014508 -0.017546755155668805 -0.017555077813054619 -0.017573414469973129 -0.017515289321084079 -0.017516147858721735 -0.018109616584326523 -0.018349256056132787 -0.017981280018200489 -0.01816875550240064 -0.018269825060395869 -0.018025446240660666 -0.01823802372415164 -0.018177220843868643 -0.01829818041687745 -0.018012814197782653 -0.018819431478873945 -0.020821155638384256 -0.019633560696740326 -0.023242162179078703 -0.018772906697194863 -0.019911189150561177 -0.024094604034156801 -0.019372987352107872 -0.019447720549466245 -0.020007887309034269 -0.019879418483160251 -0.019013633039265478 -0.020447092485537749 -0.019765878240675456 -0.027767354293952193 -0.025688921902685638 -0.020774993026365561 -0.02006298826885072 -0.022271476309834219 -0.022127334419116608 -0.022895654683365407 -0.021299902504766759 -0.021808815609763506 -0.019398687794617793 -0.02397870671988302 -0.023936278450962301 -0.022865173956679707 -0.0236733445339012 -0.026070269222121918 -0.027589057390173515 -0.02683524725306527 -0.029304388505414398 -0.023301213139507112 -0.028524017314203461 -0.029731432770021674 -0.022406894670967403 -0.025610003808179533 -0.029772839739964731 -0.02160267637224849 -0.024973599681106285 -0.024358430198206552 -0.022811094660186267 -0.037222790113590608 -0.041340013062949314 -0.038325650687621976 -0.047369871409656081 -0.040905951071023683 -0.041119897553817647 -0.043139142627278929 -0.045078024349389151 -0.041726198967220428 -0.050912698643979591 -0.04795037212754498 -0.044415170072951871 -0.049882178448806248 -0.04603255652462309 -0.056999098796327939 -0.059006099739173888 -0.059302701043786335 -0.056137335884974784 -0.061365520278854085 -0.065903630440550573 -0.057955393652400343 -0.07201369683180503 2.0834651092604317
0 0 0 0 0 0 0 0 0 0 0 0 0 0 0 0 0 0 0 0 0 0 0 0 0 0 0 -0.014502675691052498 -0.014512904453164747 -0.014513237960185358 -0.014953156909317256 -0.014934066398005574 -0.015141367342437611 -0.015153215684797244 -0.01513230722960442 -0.015099008084435966 -0.015100114346209914 -0.015392895932672407 -0.01550479939449307 -0.015597609253683451 -0.015580306803415295 -0.015214650017072461 -0.015388056060754165 -0.015342660573595289 -0.015445395450805123 -0.015829522689503321 -0.015834556745364489 -0.01609121312803273 -0.01608486719527473 -0.016554655763865844 -0.016510102409356527 -0.016583883477581669 -0.016751411731636499 -0.016794730864801183 -0.016823155532201345 -0.016933184825091593 -0.016962532477405798 -0.016883428711779249 -0.016850062029411115 -0.017274666460148722 -0.017282860062279217 -0.017300912381892859 -0.017243688550415973 -0.017244533775142824 -0.017828799880095801 -0.018064723383297069 -0.017702453364466977 -0.017887021760748779 -0.017986524084005636 -0.017745934723560574 -0.017955215875070245 -0.017895355834431317 -0.018014439748255364 -0.017733498559410046 -0.018527608032540794 -0.020498292463593398 -0.019329112958627624 -0.02288175767509848 -0.018481804687221944 -0.019602436367830461 -0.023720981143625121 -0.019072580193623238 -0.019146154540927787 -0.01969763507665908 -0.019571158352168865 -0.018718798207137333 -0.020130029719677738 -0.0194593787210437 -0.027336779914769974 -0.025290576727879047 -0.020452845671951721 -0.019751881613641751 -0.021926123742783715 -0.021784216987773265 -0.022540623296615735 -0.020969615643418319 -0.021470637289188899 -0.019097882112314321 -0.023606880990638103 -0.023565110635516383 -0.022510615219210477 -0.023306253902292084 -0.025666010686482364 -0.02716124777128355 -0.026419126588347396 -0.02884998011077447 -0.022939892962022267 -0.028081709742624084 -0.029270402415033328 -0.022059442239587897 -0.025212882376521265 -0.02931116730794809 -0.021267694549017665 -0.024586346647746973 -0.023980716288215194 -0.022457374503130192 -0.03664559505298183 -0.040698974299529719 -0.03773135412349838 -0.046635330669536429 -0.040271643088315212 -0.040482272010746924 -0.042470205667760379 -0.044379022127442332 -0.041079171813470879 -0.050123221066130916 -0.047206829855135239 -0.043726446398450004 -0.049108680628646616 -0.045318752852943678 -0.056115242476476382 -0.058091121866443676 -0.058383123923991462 -0.055266842488597138 -0.060413956060034656 -0.064881696032883268 -0.057056708549811312 -0.070591372354592605 -0.072724024547845392 2.0688125165166076
0 0 0 0 0 0 0 0 0 0 0 0 0 -0.015121700315532416 -0.01542279612997768 -0.015778470744645813 -0.015613745291247325 -0.015371493606306449 -0.015689803857079417 -0.01533323255838453 -0.015409072844354986 -0.015326616740388115 -0.016172723266338354 -0.016267706837664514 -0.016373880008556923 -0.016463735754946991 -0.016476360652647237 -0.016527182263632551 -0.016538838913713126 -0.01653921897677204 -0.017040548580247127 -0.017018793121690912 -0.017255032320925266 -0.017268534637181466 -0.017244707458170527 -0.017206759906067196 -0.017208020596878489 -0.017541673141137384 -0.017669197809610487 -0.017774963496670924 -0.017755245704227016 -0.017338544918621634 -0.017536157645444552 -0.017484425157853339 -0.017601501349630282 -0.018039250977466871 -0.018044987764285928 -0.018337472193081395 -0.018330240397407188 -0.018865609281317763 -0.01881483648420991 -0.018898917048937935 -0.019089831473837218 -0.019139197758001342 -0.019171590377742454 -0.019296979251951518 -0.019330423701043067 -0.019240277414928751 -0.019202252897744868 -0.019686130146762671 -0.019695467537920192 -0.01971603987801096 -0.019650827863841942 -0.019651791078040156 -0.02031761803388691 -0.020586475368957628 -0.020173634127977479 -0.020383967420288175 -0.020497359808507188 -0.020223185284061716 -0.020461681118139976 -0.020393464892180278 -0.020529172370607203 -0.020209013088806699 -0.021113976578255804 -0.023359759457905846 -0.022027367891750096 -0.026075945409294841 -0.021061779297387236 -0.022338845987037063 -0.027032320599621289 -0.021735024337074419 -0.021818869323596789 -0.022447333996117359 -0.022303201704788549 -0.021331856018564816 -0.022940088935081798 -0.022175818153208487 -0.031152868186310693 -0.028821024481146425 -0.023307968503963574 -0.02250915309922441 -0.02498690939186532 -0.024825193108989098 -0.025687190246479513 -0.023896877177697583 -0.024467839132174443 -0.021763858286804313 -0.026902292592038881 -0.026854691288178491 -0.025652993180000135 -0.026559699350049898 -0.029248867287123299 -0.030952832565965666 -0.030107114692010373 -0.032877304143752069 -0.026142196113883319 -0.032001786779047442 -0.033356415460736047 -0.025138838535334111 -0.028732484357031234 -0.033402870944503782 -0.024236566522390226 -0.028018487133020728 -0.027328313571285158 -0.02559232030575324 -0.041761150942201605 -0.046380363218502661 -0.042998476966385792 -0.053145407531636539 -0.04589337854304671 -0.046133410290647894 -0.048398850308570052 -0.05057412873367044 -0.046813634550148107 -0.057120191325200569 -0.053796685365130617 -0.049830456445631686 -0.055964025726427988 -0.051645041530035712 -0.063948671261315884 -0.06620037429216051 -0.066533138488870963 -0.062981838551898248 -0.068847465415449283 -0.073938881262475956 -0.065021561652061369 -0.080907622644965357 -0.083238726726890463 -0.085098656018396529 2.1826333954005808
0 0 0 0 0 0 0 0 0 0 0 0 0 0 -0.015236570721938816 -0.015587950677599082 -0.015425214232197665 -0.015185887660089657 -0.015500354414791384 -0.015148088602273582 -0.015223013140665102 -0.015141552668197352 -0.015977442724211022 -0.016071279398812845 -0.016176170562090329 -0.016264941328627873 -0.016277413784664515 -0.01632762174069656 -0.016339137640400125 -0.016339513114315276 -0.016834789320653715 -0.016813296552409072 -0.017046683237686492 -0.017060022517717325 -0.017036483044393706 -0.016998993697037515 -0.017000239165402962 -0.017329862960224606 -0.017455847808472841 -0.017560336408161081 -0.017540856701852698 -0.017129187447052673 -0.017324414062407079 -0.017273306228320979 -0.017388968761937015 -0.017821432700824969 -0.017827100217750018 -0.018116052989141457 -0.01810890851512759 -0.018637812988303009 -0.018587653256733391 -0.018670718575111322 -0.018859327768432459 -0.018908097970258355 -0.018940099459310356 -0.019063974302340508 -0.019097014920233076 -0.019007957122148176 -0.018970391739037688 -0.019448426322602984 -0.019457650967702023 -0.019477974903264635 -0.01941355030363702 -0.019414501887324645 -0.020072289192289029 -0.020337900159678641 -0.019930043846713395 -0.020137837430734402 -0.020249860641565587 -0.019978996688186777 -0.020214612760148808 -0.020147220223646442 -0.020281289076992524 -0.019964995617730168 -0.020859031957934902 -0.023077697716304194 -0.021761394358861562 -0.025761086577409185 -0.02080746494280028 -0.0220691114542046 -0.026705913838386389 -0.021472580760576152 -0.021555413345280171 -0.022176289504727831 -0.022033897565442818 -0.021074280572590736 -0.02266309458292785 -0.021908052130147362 -0.030776707110150181 -0.028473019683644806 -0.023026532121823672 -0.022237362161626053 -0.024685200327052959 -0.024525436717382779 -0.025377025510801406 -0.023608329908718691 -0.024172397677340321 -0.021501066549441981 -0.026577455878061193 -0.026530429344961238 -0.025343241363140739 -0.026238999341619659 -0.028895696422425413 -0.030579086856948063 -0.029743580760085448 -0.03248032104626819 -0.025826537325599318 -0.031615375278131103 -0.032953647244933638 -0.024835294973941963 -0.028385548653653062 -0.032999541793362779 -0.023943917611508266 -0.027680172721352328 -0.026998332788097684 -0.025283301094744162 -0.041256898191343067 -0.045820334933574826 -0.042479283893306907 -0.052503693466320833 -0.045339230444766072 -0.04557636388458098 -0.047814449427465378 -0.04996346205038462 -0.046248374650288027 -0.056430482996873255 -0.053147107325003148 -0.049228769371101051 -0.05528827773373711 -0.051021443911857936 -0.063176511187425052 -0.06540102561303103 -0.065729771786820643 -0.062221352678613687 -0.068016153944327098 -0.073046092547828095 -0.064236446764457375 -0.079930688571940092 -0.082233645305929831 -0.084071116536757223 -0.095593675009685436 2.1694905165232563
0 0 0 0 0 0 0 0 0 0 0 0 0 0 0 0 0 0 0 0 0 0 -0.015046666334694784 -0.015135036492364773 -0.015233817152232371 -0.015317416519631987 -0.015329162384576977 -0.01537644544324465 -0.015387290476664185 -0.015387644077104877 -0.015854067643685757 -0.015833826950731943 -0.016053617541810526 -0.016066179733352524 -0.016044011567462393 -0.016008706186586692 -0.016009879099377941 -0.016320300444164781 -0.0164389459625678 -0.016537347510451505 -0.016519002607188693 -0.016131315414433349 -0.016315168975456013 -0.016267038461711639 -0.01637596299868643 -0.016783233467593101 -0.016788570819608547 -0.017060690458065471 -0.017053962190063991 -0.017552054986780502 -0.017504817343219851 -0.017583043637072589 -0.017760665278322211 -0.017806594340098583 -0.017836731561450807 -0.017953389994372751 -0.017984505809432408 -0.017900636131697348 -0.017865259144583166 -0.0183154455104165 -0.018324132767776564 -0.018343272719161235 -0.018282601216778067 -0.01828349736533404 -0.018902964840060692 -0.019153102466595483 -0.018769006090252848 -0.018964694522953626 -0.019070191748268336 -0.018815107151886223 -0.019036997255272737 -0.018973530715115889 -0.019099789299608705 -0.018801921722959001 -0.019643875390660762 -0.021733291322273446 -0.02049367007896306 -0.024260357607923905 -0.019595312445762368 -0.020783460913393038 -0.025150143338047378 -0.020221681505990231 -0.020299688624227211 -0.020884395236392812 -0.020750298432783913 -0.019846584556304465 -0.021342841165955612 -0.020631784205735863 -0.028983789881803376 -0.026814305275011507 -0.021685106413010045 -0.020941910065666116 -0.02324714781567978 -0.023096691339721379 -0.023898670270272093 -0.022233011188806204 -0.022764218820156997 -0.020248507836567897 -0.025029168780327338 -0.024984881808707924 -0.023866854240255114 -0.02471042925106956 -0.027212358703566204 -0.028797682125873254 -0.028010848983859388 -0.030588158672379712 -0.024321995479910787 -0.029773600886414314 -0.031033910943359992 -0.023388498600617948 -0.026731929927155826 -0.031077131874808518 -0.022549049010198021 -0.026067646131741274 -0.025425527230339487 -0.023810405831449753 -0.038853450568091065 -0.043151041314312515 -0.040004625390447017 -0.049445056418805824 -0.042697963882575768 -0.042921282958552298 -0.045028987362424423 -0.047052807847597786 -0.043554145297005763 -0.053143088253603282 -0.050050987781778723 -0.046360915171503828 -0.052067422906102438 -0.048049156282869716 -0.059496122153947784 -0.061591046034852957 -0.061900640884996416 -0.058596607029596008 -0.064053828352571326 -0.068790744588619238 -0.060494310489786707 -0.07527427396262748 -0.077443070443875481 -0.079173498584791224 -0.089206159844332167 -0.092593580391793676 2.114252844318445
0 0 0 0 0 0 0 0 0 0 0 0 0 0 0 0 0 0 0 0 0 0 0 0 0 0 0 -0.014505702471961666 -0.014515933368863356 -0.014516266945488961 -0.014956277707904073 -0.014937183212308124 -0.015144527421483145 -0.015156378236651601 -0.015135465417762272 -0.015102159322892088 -0.015103265815549508 -0.01539610850699114 -0.015508035323622752 -0.015600864552695045 -0.015583558491321684 -0.015217825390582312 -0.015391267624968516 -0.01534586266354296 -0.015448618982037308 -0.015832826390009314 -0.015837861496504391 -0.016094571444643418 -0.016088224187457898 -0.016558110803268522 -0.016513548150249083 -0.016587344616954314 -0.016754907834992082 -0.016798236009080335 -0.016826666608846918 -0.016936718865401337 -0.016966072642720105 -0.016886952367737865 -0.016853578721578943 -0.017278271769386636 -0.017286467081557892 -0.017304523168779774 -0.017247287394405172 -0.017248132795535717 -0.017832520839744063 -0.01806849358135882 -0.01770614795496828 -0.017890754871595044 -0.017990277961488128 -0.017749638388836163 -0.017958963218368477 -0.017899090684640177 -0.018018199451872947 -0.01773719962919602 -0.018531474836944697 -0.020502570559686774 -0.019333147041115158 -0.022886533212295841 -0.018485661932236601 -0.019606527494279623 -0.023725931830954828 -0.019076560736440651 -0.019150150439077779 -0.019701746071552801 -0.019575242950740382 -0.018722704913885869 -0.020134230957495728 -0.019463439990647074 -0.027342485237373426 -0.025295854997653161 -0.020457114283071742 -0.019756003930060596 -0.021930699834403839 -0.021788763462744273 -0.022545327637365491 -0.020973992107015102 -0.02147511831850971 -0.01910186793576717 -0.023611807864695519 -0.023570028791889394 -0.022515313297119796 -0.023311118033969958 -0.025671367311203671 -0.027166916459452455 -0.026424640392116654 -0.028856001245825658 -0.022944680632347343 -0.028087570535808445 -0.029276511294319491 -0.022064046155442843 -0.025218144431098592 -0.029317284695073286 -0.02127213322317377 -0.024591477941183063 -0.023985721183564589 -0.022462061469439559 -0.036653243171834583 -0.040707468378891616 -0.037739228845697644 -0.046645063696145628 -0.040280047981520399 -0.040490720863257647 -0.042479069411964707 -0.044388284251178488 -0.041087745241951051 -0.050133682032895283 -0.047216682156482288 -0.043735572326371257 -0.049118929855757949 -0.045328211103179618 -0.05612695400806355 -0.058103245773937079 -0.058395308773768875 -0.055278376954868112 -0.060426564754627876 -0.064895237167143793 -0.057068616570074282 -0.070606105126840124 -0.072739202415268128 -0.074665003756598153 -0.083588842606728803 -0.086762957079067199 -0.087610681131637877 2.0622713770018124
0 0 0 0 0 0 0 0 0 0 0 0 0 0 0 0 0 0 0 0 0 0 0 0 -0.014653548557412455 -0.014733963556310471 -0.014745262011614812 -0.014790744019791559 -0.014801175956988806 -0.014801516088496438 -0.015250173198718728 -0.01523070349036881 -0.015442122077492198 -0.015454205764852241 -0.015432882002589129 -0.015398921432640055 -0.015400049668220962 -0.01569864680928109 -0.015812773022535878 -0.015907426374721829 -0.015889780243878673 -0.015516860374394162 -0.015693710802424085 -0.015647413619441403 -0.01575218913142868 -0.016143946334005909 -0.016149080381903297 -0.016410834760056454 -0.016404362777302058 -0.016883482810698076 -0.016838044487742791 -0.016913291077880983 -0.017084146965071212 -0.017128326551199703 -0.017157315821064049 -0.017269530638554118 -0.017299461226691806 -0.017218786213796716 -0.017184756765148534 -0.017617795162926091 -0.017626151515523634 -0.017644562410453604 -0.017586201935376633 -0.017587063948900673 -0.01818293539923873 -0.018423545078338776 -0.018054079248121007 -0.018242313747855385 -0.018343792497298842 -0.018098424282490689 -0.018311862409778577 -0.018250813362212737 -0.018372262653623364 -0.018085741097371166 -0.018895624059036716 -0.020905452423429751 -0.01971304937039919 -0.023336260680777852 -0.018848910916557299 -0.019991801834169199 -0.024192153742362485 -0.019451421065340334 -0.019526456828437941 -0.020088891485991422 -0.019959902539654076 -0.019090611866239029 -0.020529874833934463 -0.019845902616756936 -0.027879773543723573 -0.025792926385688052 -0.02085910291689716 -0.020144215528222695 -0.022361644880864763 -0.02221691941552938 -0.022988350310588008 -0.021386137550222055 -0.021897111047034155 -0.019477225558973642 -0.024075787204808699 -0.024033187160279339 -0.022957746179260802 -0.023769188725749409 -0.026175817632539889 -0.027700754784920404 -0.026943892762884943 -0.029423030610670201 -0.023395550715645096 -0.028639499999120376 -0.029851803811900821 -0.022497611498429632 -0.025713688782421765 -0.029893378422612318 -0.021690137231680215 -0.025074708101825091 -0.024457048036244221 -0.022903447936661998 -0.037373490756318191 -0.041507382744801542 -0.038480816385138478 -0.047561653649663985 -0.041071563404193427 -0.041286376073331348 -0.043313796287059149 -0.045260527789396134 -0.041895132166043236 -0.051118824417604021 -0.048144504589848348 -0.044594989873035909 -0.050084132045784276 -0.046218924495250523 -0.05722986604395746 -0.059244992555332367 -0.059542794683607361 -0.056364614188748267 -0.061613965473831335 -0.066170448683757738 -0.05819003256705748 -0.072305252364440659 -0.074489682981033728 -0.076154119100362544 -0.085588424205263761 -0.088838468678460958 -0.089706471674525348 -0.090186430491765598 2.076715932455786
0 0 0 0 0 0 0 0 0 0 0 0 0 0 0 0 0 0 0 0 0 0 -0.014743479237812135 -0.0148300687557742 -0.014926859006549326 -0.015008773864639838 -0.015020283052920557 -0.015066613368112027 -0.015077239876440433 -0.015077586351903328 -0.015534611583732734 -0.015514778736399224 -0.01573014059424796 -0.015742449660326188 -0.015720728178218922 -0.015686134193190281 -0.015687283472038561 -0.015991449893360474 -0.016107704730036462 -0.016204123507850152 -0.01618614825045429 -0.015806272871411876 -0.015986421822645983 -0.015939261128421655 -0.016045990859357172 -0.016445054915736262 -0.016450284721252199 -0.016716921207408867 -0.016710328512564349 -0.017198384846335193 -0.017152099031157469 -0.017228749081985004 -0.017402791685282772 -0.017447795286325125 -0.017477325249135336 -0.017591633039674037 -0.017622121877741148 -0.017539942156009 -0.01750527800759177 -0.017946393214786173 -0.017954905425773219 -0.017973659711246842 -0.017914210726614161 -0.017915088817969209 -0.018522074156051248 -0.018767171563102512 -0.018390814646288587 -0.018582559999079803 -0.018685931477952493 -0.018435986781429586 -0.01865340584686203 -0.018591218143865395 -0.018714932644983796 -0.018423067036065912 -0.019248055518088593 -0.021295370167171014 -0.020080727025830174 -0.023771516609600928 -0.01920047110610618 -0.02036467863714966 -0.024643373348254012 -0.019814218964220868 -0.019890654255768182 -0.020463579155207079 -0.020332184373405476 -0.019446680137556006 -0.020912787497692979 -0.020216058182596607 -0.028399772737043361 -0.026274002779401673 -0.021248156173491163 -0.020519935073016176 -0.022778722777180582 -0.022631297966917551 -0.023417117194167676 -0.021785020785659408 -0.022305524697259462 -0.019840504749994315 -0.024524836401902762 -0.024481441803260659 -0.023385942250319279 -0.024212519405745765 -0.026664035516813154 -0.028217415012444774 -0.027446436389346809 -0.029971813840867174 -0.023831912491695709 -0.029173669219443966 -0.030408584299268633 -0.022917225374148545 -0.026193287277123882 -0.030450934338229905 -0.022094690512790102 -0.025542388657594749 -0.024913208314225225 -0.023330631264842121 -0.038070561879022261 -0.042281557094182985 -0.039198540775806201 -0.048448749145329914 -0.041837609075446251 -0.042056428319976448 -0.044121662932521774 -0.046104703869337779 -0.042676538618152578 -0.052072266432439313 -0.049042471121401289 -0.045426752682150823 -0.051018275510796143 -0.047080976097499318 -0.058297288063362422 -0.060349999677746013 -0.060653356258111135 -0.057415897975686206 -0.062763157460389143 -0.06740462585105951 -0.059275363118497598 -0.073757513499874763 -0.07588260919755542 -0.077578169582870865 -0.087408674871537112 -0.090727839622065168 -0.091614302860233976 -0.09190117160055368 -0.097436121304362064 2.0901818522117477
0 0 0 0 0 0 0 0 0 0 0 0 0 0 0 0 0 0 0 0 0 0 -0.014695898670755993 -0.01478220874461038 -0.014878686631194909 -0.014960337131372126 -0.014971809176878119 -0.015017989973581473 -0.015028582187746468 -0.01502892754505768 -0.01548447785232205 -0.015464709010106679 -0.01567937584616496 -0.015691645188083463 -0.01566999380615058 -0.015635511463791951 -0.015636657033656253 -0.015939841840623113 -0.016055721496455108 -0.016151829108900808 -0.016133911861752431 -0.015755262427122458 -0.015934829996641333 -0.01588782150072484 -0.015994206790497761 -0.016391982976233094 -0.01639719590397731 -0.016662971893433468 -0.01665640047470849 -0.017142881739490783 -0.017096745299180219 -0.017173147982833124 -0.01734662891098793 -0.017391487275155097 -0.01742092193804589 -0.017534860831296593 -0.017565251274939731 -0.017483336765889351 -0.017448784486580955 -0.017888476114485647 -0.017896960854627657 -0.01791565461574773 -0.017856397486533889 -0.017857272744090803 -0.018462299202173443 -0.01870660562404592 -0.018331463296763745 -0.018522589843604137 -0.018625627719158124 -0.018376489651130284 -0.018593207055695223 -0.018531220046584446 -0.018654535292818308 -0.018363611600726259 -0.019185937656924106 -0.021226645155124808 -0.020015921943977371 -0.023694800508750412 -0.019138506810688172 -0.020298957178743592 -0.024563843567041214 -0.019750273964612933 -0.019826462582056385 -0.020397538522293129 -0.020266567781394223 -0.019383921269488277 -0.020845297167099038 -0.02015081635626241 -0.028308120199043479 -0.026189210585445759 -0.021179583531756724 -0.020453712566714657 -0.022705210648254918 -0.022558261611447486 -0.023341544820990025 -0.021714715559494412 -0.022233539686365305 -0.019776474920166941 -0.024445689166427656 -0.024402434612043541 -0.023310470485789731 -0.024134380088384047 -0.026577984598333364 -0.028126350984380561 -0.027357860484975283 -0.0298750879680088 -0.023755001479569497 -0.029079519141149701 -0.03031044886861288 -0.02284326626578128 -0.026108755570485063 -0.03035266223434669 -0.022023385911844003 -0.025459957549123818 -0.024832807714088953 -0.02325533800146121 -0.037947699500803678 -0.042145104874857953 -0.039072038152660506 -0.048292393991954764 -0.041702589577534692 -0.041920702642503693 -0.043979272272354035 -0.045955913484193749 -0.042538811703444313 -0.051904217363097117 -0.048884199891919979 -0.045280150199973099 -0.050853627910329026 -0.046929035059418395 -0.058109149430744536 -0.060155236476995159 -0.060457614056555593 -0.057230603789717664 -0.062560606449605149 -0.067187095764137658 -0.05908406801480514 -0.073519481196886324 -0.075637718726512509 -0.077327807152099859 -0.087126587160149899 -0.09043504020970157 -0.091318642629005131 -0.091604585578531392 -0.097121672738403872 -0.10306672031258926 2.0848608561084547
0 0 0 0 0 0 0 0 0 0 0 0 0 0 0 0 0 0 0 0 0 0 0 0 0 0 0 0 0 0 -0.014537739784635436 -0.014519179631251114 -0.01472072150000338 -0.014732240680816716 -0.014711913088268885 -0.014679539034385566 -0.014680614562845175 -0.014965262316061332 -0.015074056961822959 -0.015164288448760038 -0.015147466681881244 -0.014791968291641007 -0.014960556901748011 -0.014916422557160589 -0.015016303332888479 -0.015389759043560177 -0.015394653247149677 -0.015644179399247008 -0.015638009764320716 -0.01609474702758458 -0.016051431420167264 -0.016123162759402034 -0.016286036872125743 -0.01632815254639209 -0.016355787541505653 -0.016462760085055726 -0.016491292423426791 -0.01641438625788318 -0.016381946543067832 -0.016794754939510187 -0.016802720913275886 -0.016820271717204786 -0.016764637634280474 -0.016765459377623027 -0.017333493850228872 -0.017562863107799549 -0.017210657396497176 -0.017390098255294591 -0.017486836281401033 -0.017252930789849342 -0.017456397853089434 -0.017398200798138596 -0.01751397641410072 -0.017240840117667012 -0.01801288825110893 -0.019928824640325572 -0.018792126382707195 -0.022246074251276771 -0.017968357379160367 -0.019057856530805717 -0.023061983057733066 -0.018542720414020518 -0.018614250775298238 -0.019150410502194026 -0.019027447456959969 -0.018198766927060055 -0.01957079268922144 -0.018918773201728235 -0.026577330483515623 -0.02458797334254819 -0.019884640416559893 -0.019203150003534831 -0.021316989007163896 -0.021179024596670842 -0.021914417006184364 -0.020387053881436305 -0.020874156528513363 -0.018567319414234899 -0.022951052747590881 -0.022910442824407292 -0.021885242590146521 -0.022658777450201704 -0.024952977283162189 -0.026406674839270148 -0.025685170697260978 -0.028048492113463674 -0.022302594468296921 -0.027301565242825253 -0.028457234568054185 -0.021446603751848366 -0.02451243743600923 -0.028496866962007927 -0.020676851787736823 -0.023903307641816047 -0.023314502439946604 -0.021833480966760053 -0.035627535266576242 -0.039568306642955894 -0.036683130612208723 -0.045339743718042218 -0.039152847219361436 -0.039357624610781787 -0.041290331021212587 -0.043146118207542702 -0.03993794180146748 -0.048730736221536147 -0.04589536595204969 -0.042511671836423362 -0.047744380967552701 -0.044059742055524494 -0.054556291893544967 -0.05647727891931989 -0.056761168799897517 -0.053731461502753708 -0.058735581916749116 -0.063079202567861217 -0.055471602879260673 -0.068329585632527917 -0.070393906466683726 -0.072257615099632758 -0.080893726803932489 -0.083965499793750786 -0.084785891077747394 -0.085531337971107499 -0.09038593326433178 -0.095724527421171199 -0.10039133948319506 2.029996328827631
0 0 0 0 0 0 0 0 0 0 0 0 0 0 0 0 0 0 0 0 0 0 0 0 0 0 0 0 0 0 0 0 0 0 0 0 0 0 0 0 0 0 0 0 0 0 0 0 0 0 0 0 0 0 0 0 0 0 0 0 0 0 0 0 -0.013228268058188511 -0.013403314015433012 -0.01313452391454442 -0.013271466402959965 -0.013345293212019159 -0.013166785372266376 -0.013322063752769944 -0.013277649957739248 -0.013366005536581101 -0.013157558227754813 -0.013746756213527049 -0.01520892652714402 -0.014341441334430906 -0.016977363939488236 -0.013712771933379293 -0.014544236550476012 -0.017600034734889608 -0.014151104115772304 -0.014205693386777185 -0.014614870246946179 -0.014521029493449435 -0.013888611800928615 -0.014935690060017087 -0.01443809340499394 -0.020282815163792732 -0.018764612904541882 -0.015175206795796143 -0.014655119043122149 -0.016268321159985392 -0.016163031930919371 -0.016724255652181538 -0.015558629782928969 -0.015930368131990544 -0.014169877143966118 -0.017515376910505163 -0.017484384950408962 -0.016701990839377529 -0.017292323438768811 -0.019043170130823708 -0.020152577219429507 -0.019601952499565929 -0.021405550174174833 -0.017020498035121144 -0.020835523787686841 -0.021717486982918314 -0.016367238239358439 -0.018706966752623812 -0.021747732929614058 -0.015779792603322313 -0.018242101892175885 -0.017792747993205935 -0.016662488322738013 -0.026278750893490133 -0.028413310713641404 -0.027129851945644389 -0.031403482709122382 -0.028572242394058658 -0.028804328574356424 -0.029965586782740659 -0.031150994277642459 -0.029806424690321843 -0.034042229643221407 -0.033129117378749608 -0.031660731184642986 -0.034482661599318981 -0.032792556978026036 -0.038102241919832698 -0.039443863753727174 -0.039783242689519632 -0.038731295214590934 -0.041555034116444949 -0.044105732042215712 -0.04033247386727179 -0.0478200573064936 -0.04926476006115791 -0.050569065550577968 -0.056612997366964242 -0.058762759568007659 -0.059336905567156449 -0.059858602176750889 -0.063256062046773184 -0.066992245665521491 -0.070258286549258808 -0.071026653280605548 1.8242783976214154
0 0 0 0 0 0 0 0 0 0 0 0 0 0 0 0 0 0 0 0 0 0 0 0 0 0 0 0 0 0 0 0 0 0 0 0 0 0 0 0 0 0 0 0 0 0 0 0 0 0 0 0 0 0 0 0 0 0 0 0 0 0 0 0 0 0 0 0 0 0 0 0 0 0 0 0 0 0 0 0 0 0 0 0 0 0 0 0 0 0 0 0 0 0 0 0 0 0 0 0 0 0 0 0 0 0 0 0 0 0 0 0 0 0 0 0 0 0 0 0 0 0 0 0 0 0 0 0 0 0 0 0 0 0 0 0 0 0 0 0 0 0 0 0 0 0 0 0 0 1.2895992402819878
0 0 0 0 0 0 0 0 0 0 0 0 0 0 0 0 0 0 0 0 0 0 0 0 0 0 0 0 0 0 0 0 0 0 0 0 0 0 0 0 0 0 0 0 0 0 0 0 0 0 0 0 0 0 0 0 0 0 0 0 0 0 0 0 0 0 0 0 0 0 0 0 0 0 0 0 0 0 0 0 0 0 0 0 0 0 0 0 0 0 0 0 0 0 0 0 0 0 0 0 0 0 0 0 0 0 0 0 0 0 0 0 0 0 0 0 0 0 0 0 0 0 0 0 0 0 0 0 0 0 0 0 0 0 0 0 0 0 0 0 0 0 0 0 0 0 0 0 0 0 1.2884425470599505
0 0 0 0 0 0 0 0 0 0 0 0 0 0 0 0 0 0 0 0 0 0 0 0 0 0 0 0 0 0 0 0 0 0 0 0 0 0 0 0 0 0 0 0 0 0 0 0 0 0 0 0 0 0 0 0 0 0 0 0 0 0 0 0 0 0 0 0 0 0 0 0 0 0 0 0 0 0 0 0 0 0 0 0 0 0 0 0 0 0 0 0 0 0 0 0 0 0 0 0 0 0 0 0 0 0 0 0 0 0 0 0 0 0 0 0 0 0 0 0 0 0 0 0 0 0 0 0 0 0 0 0 0 0 0 0 0 0 0 0 0 0 0 0 0 0 0 0 0 0 0 1.2897735525714109
0 0 0 0 0 0 0 0 0 0 0 0 0 0 0 0 0 0 0 0 0 0 0 0 0 0 0 0 0 0 0 0 0 0 0 0 0 0 0 0 0 0 0 0 0 0 0 0 0 0 0 0 0 0 0 0 0 0 0 0 0 0 0 0 0 0 0 0 0 0 0 0 0 0 0 0 0 0 0 0 0 0 0 0 0 0 0 0 0 0 0 0 0 0 0 0 0 0 0 0 0 0 0 0 0 0 0 0 0 0 0 0 0 0 0 0 0 0 0 0 0 0 0 0 0 0 0 0 0 0 0 0 0 0 0 0 0 0 0 0 0 0 0 0 0 0 0 0 0 0 0 0 1.3050043781858538
0 0 0 0 0 0 0 0 0 0 0 0 0 0 0 0 0 0 0 0 0 0 0 0 0 0 0 0 0 0 0 0 0 0 0 0 0 0 0 0 0 0 0 0 0 0 0 0 0 0 0 0 0 0 0 0 0 0 0 0 0 0 0 0 0 0 0 0 0 0 0 0 0 0 0 0 0 0 0 0 0 0 0 0 0 0 0 0 0 0 0 0 0 0 0 0 0 0 0 0 0 0 0 0 0 0 0 0 0 0 0 0 0 0 0 0 0 0 0 0 0 0 0 0 0 0 0 0 0 0 0 0 0 0 0 0 0 0 0 0 0 0 0 0 0 0 0 0 0 0 0 0 0 1.3141613311075748
0 0 0 0 0 0 0 0 0 0 0 0 0 0 0 0 0 0 0 0 0 0 0 0 0 0 0 0 0 0 0 0 0 0 0 0 0 0 0 0 0 0 0 0 0 0 0 0 0 0 0 0 0 0 0 0 0 0 0 0 0 0 0 0 0 0 0 0 0 0 0 0 0 0 0 0 0 0 0 0 0 0 0 0 0 0 0 0 0 0 0 0 0 0 0 0 0 0 0 0 0 0 0 0 0 0 0 0 0 0 0 0 0 0 0 0 0 0 0 0 0 0 0 0 0 0 0 0 0 0 0 0 0 0 0 0 0 0 0 0 0 0 0 0 0 0 0 0 0 0 0 0 0 0 1.317428224200861
0 0 0 0 0 0 0 0 0 0 0 0 0 0 0 0 0 0 0 0 0 0 0 0 0 0 0 0 0 0 0 0 0 0 0 0 0 0 0 0 0 0 0 0 0 0 0 0 0 0 0 0 0 0 0 0 0 0 0 0 0 0 0 0 0 0 0 0 0 0 0 0 0 0 0 0 0 0 0 0 0 0 0 0 0 0 0 0 0 0 0 0 0 0 0 0 0 0 0 0 0 0 0 0 0 0 0 0 0 0 0 0 0 0 0 0 0 0 0 0 0 0 0 0 0 0 0 0 0 0 0 0 0 0 0 0 0 0 0 0 0 0 0 0 0 0 0 0 0 0 0 0 0 0 0 1.3211888476178326
0 0 0 0 0 0 0 0 0 0 0 0 0 0 0 0 0 0 0 0 0 0 0 0 0 0 0 0 0 0 0 0 0 0 0 0 0 0 0 0 0 0 0 0 0 0 0 0 0 0 0 0 0 0 0 0 0 0 0 0 0 0 0 0 0 0 0 0 0 0 0 0 0 0 0 0 0 0 0 0 0 0 0 0 0 0 0 0 0 0 0 0 0 0 0 0 0 0 0 0 0 0 0 0 0 0 0 0 0 0 0 0 0 0 0 0 0 0 0 0 0 0 0 0 0 0 0 0 0 0 0 0 0 0 0 0 0 0 0 0 0 0 0 0 0 0 0 0 0 0 0 0 0 0 0 0 1.325619288538922
0 0 0 0 0 0 0 0 0 0 0 0 0 0 0 0 0 0 0 0 0 0 0 0 0 0 0 0 0 0 0 0 0 0 0 0 0 0 0 0 0 0 0 0 0 0 0 0 0 0 0 0 0 0 0 0 0 0 0 0 0 0 0 0 0 0 0 0 0 0 0 0 0 0 0 0 0 0 0 0 0 0 0 0 0 0 0 0 0 0 0 0 0 0 0 0 0 0 0 0 0 0 0 0 0 0 0 0 0 0 0 0 0 0 0 0 0 0 0 0 0 0 0 0 0 0 0 0 0 0 0 0 0 0 0 0 0 0 0 0 0 0 0 0 0 0 0 0 0 0 0 0 0 0 0 0 0 1.3310291602573352
0 0 0 0 0 0 0 0 0 0 0 0 0 0 0 0 0 0 0 0 0 0 0 0 0 0 0 0 0 0 0 0 0 0 0 0 0 0 0 0 0 0 0 0 0 0 0 0 0 0 0 0 0 0 0 0 0 0 0 0 0 0 0 0 0 0 0 0 0 0 0 0 0 0 0 0 0 0 0 0 0 0 0 0 0 0 0 0 0 0 0 0 0 0 0 0 0 0 0 0 0 0 0 0 0 0 0 0 0 0 0 0 0 0 0 0 0 0 0 0 0 0 0 0 0 0 0 0 0 0 0 0 0 0 0 0 0 0 0 0 0 0 0 0 0 0 0 0 0 0 0 0 0 0 0 0 0 0 1.3309858862379691
0 0 0 0 0 0 0 0 0 0 0 0 0 0 0 0 0 0 0 0 0 0 0 0 0 0 0 0 0 0 0 0 0 0 0 0 0 0 0 0 0 0 0 0 0 0 0 0 0 0 0 0 0 0 0 0 0 0 0 0 0 0 0 0 0 0 0 0 0 0 0 0 0 0 0 0 0 0 0 0 0 0 0 0 0 0 0 0 0 0 0 0 0 0 0 0 0 0 0 0 0 0 0 0 0 0 0 0 0 0 0 0 0 0 0 0 0 0 0 0 0 0 0 0 0 0 0 0 0 0 0 0 0 0 0 0 0 0 0 0 0 0 0 0 0 0 0 0 0 0 0 0 0 0 0 0 0 0 0 1.3436571286960419
0 0 0 0 0 0 0 0 0 0 0 0 0 0 0 0 0 0 0 0 0 0 0 0 0 0 0 0 0 0 0 0 0 0 0 0 0 0 0 0 0 0 0 0 0 0 0 0 0 0 0 0 0 0 0 0 0 0 0 0 0 0 0 0 0 0 0 0 0 0 0 0 0 0 0 0 0 0 0 0 0 0 0 0 0 0 0 0 0 0 0 0 0 0 0 0 0 0 0 0 0 0 0 0 0 0 0 0 0 0 0 0 0 0 0 0 0 0 0 0 0 0 0 0 0 0 0 0 0 0 0 0 0 0 0 0 0 0 0 0 0 0 0 0 0 0 0 0 0 0 0 0 -0.015546231266959835 -0.015812503452757046 -0.015906919735309662 -0.016015238704606794 -0.016142358090114047 -0.016296874963482574 -0.01629564198849737 -0.016654661788941039 1.6361949359792953
0 0 0 0 0 0 0 0 0 0 0 0 0 0 0 0 0 0 0 0 0 0 0 0 0 0 0 0 0 0 0 0 0 0 0 0 0 0 0 0 0 0 0 0 0 0 0 0 0 0 0 0 0 0 0 0 0 0 0 0 0 0 0 0 0 0 0 0 0 0 0 0 0 0 0 0 0 0 0 0 0 0 0 0 0 0 0 0 0 0 0 0 0 0 0 0 0 0 0 0 0 0 0 0 0 0 0 0 0 0 0 0 0 0 0 0 0 0 0 0 0 0 0 0 0 0 0 0 0 0 0 0 0 0 0 0 0 0 0 0 0 0 0 0 0 0 0 0 0 0 0 0 0 0 0 0 0 0 0 0 -0.013987583954206316 1.3528886320047704
0 0 0 0 0 0 0 0 0 0 0 0 0 0 0 0 0 0 0 0 0 0 0 0 0 0 0 0 0 0 0 0 0 0 0 0 0 0 0 0 0 0 0 0 0 0 0 0 0 0 0 0 0 0 0 0 0 0 0 0 0 0 0 0 0 0 0 0 0 0 0 0 0 0 0 0 0 0 0 0 0 0 0 0 0 0 0 0 0 0 0 0 0 0 0 0 0 0 0 0 0 0 0 0 0 0 0 0 0 0 0 0 0 0 0 0 0 0 0 0 0 0 0 0 0 0 0 0 0 0 0 0 0 0 0 0 0 0 0 0 0 0 0 0 0 0 0 0 0 0 0 0 0 0 0 0 0 0 0 0 -0.019977097280272547 -0.00020654421861397801 1.5240699945090963
0 0 0 0 0 0 0 0 0 0 0 0 0 0 0 0 0 0 0 0 0 0 0 0 0 0 0 0 0 0 0 0 0 0 0 0 0 0 0 0 0 0 0 0 0 0 0 0 0 0 0 0 0 0 0 0 0 0 0 0 0 0 0 0 0 0 0 0 0 0 0 0 0 0 0 0 0 0 0 0 0 0 0 0 0 0 0 0 0 0 0 0 0 0 0 0 0 0 0 0 0 0 0 0 0 0 0 0 0 0 0 0 0 0 0 0 0 0 0 0 0 0 0 0 0 0 0 0 0 0 0 0 0 0 0 0 0 0 0 0 0 0 0 0 0 0 0 0 0 0 0 0 0 0 0 0 0 0 0 0 -0.02158514742311126 -0.015284158033511715 -0.019379151336450753 1.5671721526404305
0 0 0 0 0 0 0 0 0 0 0 0 0 0 0 0 0 0 0 0 0 0 0 0 0 0 0 0 0 0 0 0 0 0 0 0 0 0 0 0 0 0 0 0 0 0 0 0 0 0 0 0 0 0 0 0 0 0 0 0 0 0 0 0 0 0 0 0 0 0 0 0 0 0 0 0 0 0 0 0 0 0 0 0 0 0 0 0 0 0 0 0 0 0 0 0 0 0 0 0 0 0 0 0 0 0 0 0 0 0 0 0 0 0 0 0 0 0 0 0 0 0 0 0 0 0 0 0 0 0 0 0 0 0 0 0 0 0 0 0 0 0 0 0 0 0 0 0 0 0 0 0 -0.015920368368484015 -0.016193048686394221 -0.016289737200311856 -0.01640066298437429 -0.016530841637276646 -0.016689077128627463 -0.016687814480747274 -0.017055474486345749 -0.02612398308953625 -0.017593918319785577 -0.022307751920171384 -0.023885421250234434 1.6503814414136291
0 0 0 0 0 0 0 0 0 0 0 0 0 0 0 0 0 0 0 0 0 0 0 0 0 0 0 0 0 0 0 0 0 0 0 0 0 0 0 0 0 0 0 0 0 0 0 0 0 0 0 0 0 0 0 0 0 0 0 0 0 0 0 0 0 0 0 0 0 0 0 0 0 0 0 0 0 0 0 0 0 0 0 0 0 0 0 0 0 0 0 0 0 0 0 0 0 0 0 0 0 0 0 0 0 0 0 0 0 0 0 0 0 0 0 0 0 0 0 0 0 0 0 0 0 0 0 0 0 0 0 0 0 0 0 0 0 0 0 0 0 0 0 0 0 0 0 0 0 0 0 0 0 0 0 0 0 0 0 0 -0.017955449297096068 -0.00018564229792252437 -0.016118709489519521 -0.017138283157704139 -0.018981614994961898 1.467746768248569
0 0 0 0 0 0 0 0 0 0 0 0 0 0 0 0 0 0 0 0 0 0 0 0 0 0 0 0 0 0 0 0 0 0 0 0 0 0 0 0 0 0 0 0 0 0 0 0 0 0 0 0 0 0 0 0 0 0 0 0 0 0 0 0 0 0 0 0 0 0 0 0 0 0 0 0 0 0 0 0 0 0 0 0 0 0 0 0 0 0 0 0 0 0 0 0 0 0 0 0 0 0 0 0 0 0 0 0 0 0 0 0 0 0 0 0 0 0 0 0 0 0 0 0 0 0 0 0 0 0 0 0 0 0 0 0 0 0 0 0 0 0 0 0 0 0 0 0 0 0 0 0 0 0 0 0 0 0 0 0 -0.015126620839760598 -0.00015639489750613275 -0.013579254010293324 -0.014438196832700126 -0.01599111713687594 -0.00070958936137803974 1.3864177071118187
0 0 0 0 0 0 0 0 0 0 0 0 0 0 0 0 0 0 0 0 0 0 0 0 0 0 0 0 0 0 0 0 0 0 0 0 0 0 0 0 0 0 0 0 0 0 0 0 0 0 0 0 0 0 0 0 0 0 0 0 0 0 0 0 0 0 0 0 0 0 0 0 0 0 0 0 0 0 0 0 0 0 0 0 0 0 0 0 0 0 0 0 0 0 0 0 0 0 0 0 0 0 0 0 0 0 0 0 0 0 0 0 0 0 0 0 0 0 0 0 0 0 0 0 0 0 0 0 0 0 0 0 0 0 0 0 0 0 0 0 0 0 0 0 0 0 0 0 0 0 0 0 0 0 0 0 0 0 0 0 -0.016693698693853263 -0.0001725969946546742 -0.014986028759263883 -0.015933955783045888 -0.017647754517613978 -0.014565204290862416 -0.00070588073390592939 1.4318359407953321
0 0 0 0 0 0 0 0 0 0 0 0 0 0 0 0 0 0 0 0 0 0 0 0 0 0 0 0 0 0 0 0 0 0 0 0 0 0 0 0 0 0 0 0 0 0 0 0 0 0 0 0 0 0 0 0 0 0 0 0 0 0 0 0 0 0 0 0 0 0 0 0 0 0 0 0 0 0 0 0 0 0 0 0 0 0 0 0 0 0 0 0 0 0 0 0 0 0 0 0 0 0 0 0 0 0 0 0 0 0 0 0 0 0 0 0 0 0 0 0 0 0 0 0 0 0 0 0 0 0 0 0 0 0 0 0 0 0 0 0 0 0 0 0 0 0 0 0 0 0 0 0 0 0 0 0 0 0 0 0 -0.014490353100831023 -0.0001498164931902932 -0.00018995593266342851 -0.013672381374016098 -0.015142933333389088 -0.00053485311499952971 -0.00047729442898183135 -0.00051541601854427418 1.3677065177976455
0 0 0 0 0 0 0 0 0 0 0 0 0 0 0 0 0 0 0 0 0 0 0 0 0 0 0 0 0 0 0 0 0 0 0 0 0 0 0 0 0 0 0 0 0 0 0 0 0 0 0 0 0 0 0 0 0 0 0 0 0 0 0 0 0 0 0 0 0 0 0 0 0 0 0 0 0 0 0 0 0 0 0 0 0 0 0 0 0 0 0 0 0 0 0 0 0 0 0 0 0 0 0 0 0 0 0 0 0 0 0 0 0 0 0 0 0 0 0 0 0 0 0 0 0 0 0 0 0 0 0 0 0 0 0 0 0 0 0 0 0 0 0 0 0 0 0 0 0 0 0 0 0 0 0 0 0 0 0 0 -0.01408815607878733 -0.00014565815784850573 -0.00018468347933498744 -0.013292888132229022 -0.014722623169150248 -0.00052000762927626083 -0.00046404655319587525 -0.00050111003260110598 -0.00044574350112899699 1.3557461389209253
0 0 0 0 0 0 0 0 0 0 0 0 0 0 0 0 0 0 0 0 0 0 0 0 0 0 0 0 0 0 0 0 0 0 0 0 0 0 0 0 0 0 0 0 0 0 0 0 0 0 0 0 0 0 0 0 0 0 0 0 0 0 0 0 0 0 0 0 0 0 0 0 0 0 0 0 0 0 0 0 0 0 0 0 0 0 0 0 0 0 0 0 0 0 0 0 0 0 0 0 0 0 0 0 0 0 0 0 0 0 0 0 0 0 0 0 0 0 0 0 0 0 0 0 0 0 0 0 0 0 0 0 0 0 0 0 0 0 0 0 0 0 0 0 0 0 0 0 0 0 0 0 0 0 0 0 0 0 0 0 -0.018875412219624702 -0.00019515384108225795 -0.016944565464717197 -0.018016377868674986 -0.019954154401586731 -0.016468743092523941 -0.00079813288083794675 -0.015863400789985889 -0.00061607962515691458 -0.0006044663481171033 1.4932547901070368
0 0 0 0 0 0 0 0 0 0 0 0 0 0 0 0 0 0 0 0 0 0 0 0 0 0 0 0 0 0 0 0 0 0 0 0 0 0 0 0 0 0 0 0 0 0 0 0 0 0 0 0 0 0 0 0 0 0 0 0 0 0 0 0 0 0 0 0 0 0 0 0 0 0 0 0 0 0 0 0 0 0 0 0 0 0 0 0 0 0 0 0 0 0 0 0 0 0 0 0 0 0 0 0 0 0 0 0 0 0 0 0 0 0 0 0 0 0 0 0 0 0 0 0 0 0 0 0 0 0 0 0 0 0 0 0 0 0 0 0 0 0 0 0 0 0 0 0 0 0 0 0 0 0 0 0 0 0 0 0 -0.017936057101193083 -0.00018544180102881666 -0.016101301004387253 -0.017119773515369908 -0.018961114522350116 -0.015649158442498583 -0.00075841294264107617 -0.015073941648409549 -0.00058541976234072223 -0.00057438443247908037 -0.016503544887063119 1.4669471884135357
0 0 0 0 0 0 0 0 0 0 0 0 0 0 0 0 0 0 0 0 0 0 0 0 0 0 0 0 0 0 0 0 0 0 0 0 0 0 0 0 0 0 0 0 0 0 0 0 0 0 0 0 0 0 0 0 0 0 0 0 0 0 0 0 0 0 0 0 0 0 0 0 0 0 0 0 0 0 0 0 0 0 0 0 0 0 0 0 0 0 0 0 0 0 0 0 0 0 0 0 0 0 0 0 0 0 0 0 0 0 0 0 0 0 0 0 0 0 0 0 0 0 0 0 0 0 0 0 0 0 0 0 0 0 0 0 0 0 0 0 0 0 0 0 0 0 0 0 0 0 0 0 0 0 0 0 0 0 0 0 -0.016576066635654453 -0.00017138079085870931 -0.014880429788089249 -0.01582167724918844 -0.017523399710176951 -0.014462570657044062 -0.00070090674910515036 -0.0008885372752026904 -0.00053611566935670156 -0.00052600973574132271 -0.015113615192130529 -0.014789054555337772 1.4283026735259474
0 0 0 0 0 0 0 0 0 0 0 0 0 0 0 0 0 0 0 0 0 0 0 0 0 0 0 0 0 0 0 0 0 0 0 0 0 0 0 0 0 0 0 0 0 0 0 0 0 0 0 0 0 0 0 0 0 0 0 0 0 0 0 0 0 0 0 0 0 0 0 0 0 0 0 0 0 0 0 0 0 0 0 0 0 0 0 0 0 0 0 0 0 0 0 0 0 0 0 0 0 0 0 0 0 0 0 0 0 0 0 0 0 0 0 0 0 0 0 0 0 0 0 0 0 0 0 0 0 0 0 0 0 0 0 0 0 0 0 0 0 0 0 0 0 0 0 0 0 0 0 0 0 0 0 0 0 0 0 0 -0.015211456187045742 -0.00015727201445010232 -0.013655411186574864 -0.014519171258876008 -0.01608080087987156 -0.00071356898515126334 -0.00063677763437390957 -0.00068763717545828403 -0.00048701896024790314 -0.00047783851363345913 -0.00075322499228691467 -0.00073704969735998024 -0.00070086924552949367 1.3889070139114181
0 0 0 0 0 0 0 0 0 0 0 0 0 0 0 0 0 0 0 0 0 0 0 0 0 0 0 0 0 0 0 0 0 0 0 0 0 0 0 0 0 0 0 0 0 0 0 0 0 0 0 0 0 0 0 0 0 0 0 0 0 0 0 0 0 0 0 0 0 0 0 0 0 0 0 0 0 0 0 0 0 0 0 0 0 0 0 0 0 0 0 0 0 0 0 0 0 0 0 0 0 0 0 0 0 0 0 0 0 0 0 0 0 0 0 0 0 0 0 0 0 0 0 0 0 0 0 0 0 0 0 0 0 0 0 0 0 0 0 0 0 0 0 0 0 0 0 0 0 0 0 0 0 0 0 0 0 0 0 -0.015299456372089773 -0.022427640345531904 -0.015772054772806823 -0.019997767339152414 -0.021412067817014414 -0.023873301575484038 -0.019442137320478486 -0.017349854699027115 -0.018735590629813895 -0.016665536947452299 -0.016351386812169827 -0.020525367979055797 -0.020084591472772927 -0.019098674787753178 -0.01747601518056674 1.5839549014271694
0 0 0 0 0 0 0 0 0 0 0 0 0 0 0 0 0 0 0 0 0 0 0 0 0 0 0 0 0 0 0 0 0 0 0 0 0 0 0 0 0 0 0 0 0 0 0 0 0 0 0 0 0 0 0 0 0 0 0 0 0 0 0 0 0 0 0 0 0 0 0 0 0 0 0 0 0 0 0 0 0 0 0 0 0 0 0 0 0 0 0 0 0 0 0 0 0 0 0 0 0 0 0 0 0 0 0 0 0 0 0 0 0 0 0 0 0 0 0 0 0 0 0 0 0 0 0 0 0 0 0 0 0 0 0 0 0 0 0 0 0 0 0 0 0 0 0 0 0 0 0 0 0 0 0 0 0 0 0 0 -0.018097815059122089 -0.00018711422473263636 -0.016246512048028548 -0.01727416974573618 -0.01913211705361427 -0.015790291797431997 -0.00076525275855917946 -0.015209887358508095 -0.00059069942357024494 -0.00057956457058524178 -0.016652383603647243 -0.016294778347868421 -0.015494896813128822 -0.00080194998336326358 -0.019170981995216115 1.4711909250520914
0 0 0 0 0 0 0 0 0 0 0 0 0 0 0 0 0 0 0 0 0 0 0 0 0 0 0 0 0 0 0 0 0 0 0 0 0 0 0 0 0 0 0 0 0 0 0 0 0 0 0 0 0 0 0 0 0 0 0 0 0 0 0 0 0 0 0 0 0 0 0 0 0 0 0 0 0 0 0 0 0 0 0 0 0 0 0 0 0 0 0 0 0 0 0 0 0 0 0 0 0 0 0 0 0 0 0 0 0 0 0 0 0 0 0 0 0 0 0 0 0 0 0 0 0 0 0 0 0 0 0 0 0 0 0 0 0 0 0 0 0 0 0 0 0 0 0 0 0 0 0 0 0 0 0 0 0 0 0 0 -0.018557059188644028 -0.00019186237300234689 -0.016658778128707093 -0.017712513326007172 -0.019617607286191937 -0.016190980984923688 -0.00078467155778001317 -0.015595848396195431 -0.00060568881547752649 -0.00059427140817037191 -0.017074948945792076 -0.016708269218103044 -0.015888090155847082 -0.00082229999914289144 -0.019657458451612746 -0.017419322809094757 1.4839042004533503
0 0 0 0 0 0 0 0 0 0 0 0 0 0 0 0 0 0 0 0 0 0 0 0 0 0 0 0 0 0 0 0 0 0 0 0 0 0 0 0 0 0 0 0 0 0 0 0 0 0 0 0 0 0 0 0 0 0 0 0 0 0 0 0 0 0 0 0 0 0 0 0 0 0 0 0 0 0 0 0 0 0 0 0 0 0 0 0 0 0 0 0 0 0 0 0 0 0 0 0 0 0 0 0 0 0 0 0 0 0 0 0 0 0 0 0 0 0 0 0 0 0 0 0 0 0 0 0 0 0 0 0 0 0 0 0 0 0 0 0 0 0 0 0 0 0 0 0 0 0 0 0 0 0 0 0 0 0 0 0 -0.01827831753604308 -0.00018898044896584112 -0.016408550153535668 -0.017446457417793149 -0.019322935365418178 -0.015947779691491665 -0.00077288517263454095 -0.015361586463230591 -0.00059659089216586682 -0.00058534498331376734 -0.016818469756991576 -0.016457297847768147 -0.0156494385213563 -0.0008099484051556703 -0.019362187934930213 -0.017157670853488394 -0.017643741800909149 1.4760339760404282
0 0 0 0 0 0 0 0 0 0 0 0 0 0 0 0 0 0 0 0 0 0 0 0 0 0 0 0 0 0 0 0 0 0 0 0 0 0 0 0 0 0 0 0 0 0 0 0 0 0 0 0 0 0 0 0 0 0 0 0 0 0 0 0 0 0 0 0 0 0 0 0 0 0 0 0 0 0 0 0 0 0 0 0 0 0 0 0 0 0 0 0 0 0 0 0 0 0 0 0 0 0 0 0 0 0 0 0 0 0 0 0 0 0 0 0 0 0 0 0 0 0 0 0 0 0 0 0 0 0 0 0 0 0 0 0 0 0 0 0 0 0 0 0 0 0 0 0 0 0 0 0 0 0 0 0 0 0 0 0 -0.01369386800566324 -0.00014158159352939184 -0.00017951470545161968 -0.00019221050940801499 -0.014126360667948049 -0.00035444443853984342 -0.00031630059011399781 -0.00034156357359445754 -0.00030382497504958053 -0.00029809778742190116 -0.00037419252879657751 -0.00036615684945146812 -0.0003481828643844716 -0.00031860058832448651 -0.013442885498807977 -0.00055146293209681343 -0.00056708568836487687 -0.00056832454834408492 1.3439528729121724
0 0 0 0 0 0 0 0 0 0 0 0 0 0 0 0 0 0 0 0 0 0 0 0 0 0 0 0 0 0 0 0 0 0 0 0 0 0 0 0 0 0 0 0 0 0 0 0 0 0 0 0 0 0 0 0 0 0 0 0 0 0 0 0 0 0 0 0 0 0 0 0 0 0 0 0 0 0 0 0 0 0 0 0 0 0 0 0 0 0 0 0 0 0 0 0 0 0 0 0 0 0 0 0 0 0 0 0 0 0 0 0 0 0 0 0 0 0 0 0 0 0 0 0 0 0 0 0 0 0 0 0 0 0 0 0 0 0 0 0 0 0 0 0 0 0 0 0 0 0 0 0 0 0 0 0 0 0 0 0 -0.01361364957708283 -0.00014075221114129367 -0.00017846311158694616 -0.00019108454375572637 -0.014043608705254045 -0.00035236810949483213 -0.00031444770703614944 -0.00033956270042095356 -0.00030204517389684107 -0.00029635153602964481 -0.00037200051579965401 -0.00036401190931733082 -0.00034614321552645891 -0.00031673423189914371 -0.013364137321166619 -0.00054823247231620801 -0.00056376371076349179 -0.00056499531352357678 -0.00042152323432699019 1.3415465534260393
0 0 0 0 0 0 0 0 0 0 0 0 0 0 0 0 0 0 0 0 0 0 0 0 0 0 0 0 0 0 0 0 0 0 0 0 0 0 0 0 0 0 0 0 0 0 0 0 0 0 0 0 0 0 0 0 0 0 0 0 0 0 0 0 0 0 0 0 0 0 0 0 0 0 0 0 0 0 0 0 0 0 0 0 0 0 0 0 0 0 0 0 0 0 0 0 0 0 0 0 0 0 0 0 0 0 0 0 0 0 0 0 0 0 0 0 0 0 0 0 0 0 0 0 0 0 0 0 0 0 0 0 0 0 0 0 0 0 0 0 0 0 0 0 0 0 0 0 0 0 0 0 0 0 0 0 0 0 0 0 -0.016115502335475887 -0.00016661899327784587 -0.014466978582664311 -0.015382073580230127 -0.017036513858324033 -0.00075597776474032609 -0.00067462255603580512 -0.00072850477763563236 -0.00051596343537313601 -0.00050623737712883888 -0.014545504377434834 -0.000935517156538666 -0.00088959429198831206 -0.00068704884368828926 -0.016424217576442725 -0.0011753597097233491 -0.014809471950950032 -0.0013738747497853607 -0.00052449208965605005 -0.00052251968912730268 1.4150009665620007
0 0 0 0 0 0 0 0 0 0 0 0 0 0 0 0 0 0 0 0 0 0 0 0 0 0 0 0 0 0 0 0 0 0 0 0 0 0 0 0 0 0 0 0 0 0 0 0 0 0 0 0 0 0 0 0 0 0 0 0 0 0 0 0 0 0 0 0 0 0 0 0 0 0 0 0 0 0 0 0 0 0 0 0 0 0 0 0 0 0 0 0 0 0 0 0 0 0 0 0 0 0 0 0 0 0 0 0 0 0 0 0 0 0 0 0 0 0 0 0 0 0 0 0 0 0 0 0 0 0 0 0 0 0 0 0 0 0 0 0 0 0 0 0 0 0 0 0 0 0 0 0 0 0 0 0 0 0 0 0 -0.016689613526827428 -0.00017255475790629073 -0.014982361481468804 -0.015930056535075073 -0.017643435880614414 -0.014561639994334137 -0.00070570799563196844 -0.00089462380028175643 -0.00053978808868888732 -0.00052961292891934026 -0.015217144217270556 -0.0148903603237716 -0.0012066711025623667 -0.00072629513139535625 -0.017362418075999878 -0.015385588424707438 -0.015821456882965535 -0.015856020565575026 -0.00056641697869850888 -0.0005642869157856268 -0.0013009301139990444 1.4311952434201374
0 0 0 0 0 0 0 0 0 0 0 0 0 0 0 0 0 0 0 0 0 0 0 0 0 0 0 0 0 0 0 0 0 0 0 0 0 0 0 0 0 0 0 0 0 0 0 0 0 0 0 0 0 0 0 0 0 0 0 0 0 0 0 0 0 0 0 0 0 0 0 0 0 0 0 0 0 0 0 0 0 0 0 0 0 0 0 0 0 0 0 0 0 0 0 0 0 0 0 0 0 0 0 0 0 0 0 0 0 0 0 0 0 0 0 0 0 0 0 0 0 0 0 0 0 0 0 0 0 0 0 0 0 0 0 0 0 0 0 0 0 0 0 0 0 0 0 0 0 0 0 0 0 0 0 0 -0.015238088188376521 -0.01538394926578749 -0.015382785360153096 -0.015721693427362866 -0.023503370167909841 -0.016212057227340565 -0.020555657027031864 -0.02200941309204902 -0.025003355082773616 -0.019990527530008621 -0.017839229416266103 -0.019264051791352054 -0.017135609612196175 -0.01681259847281328 -0.021104312086958784 -0.02065110291873877 -0.019637377199734449 -0.017968948414637229 -0.025290491602985781 -0.021552148496946155 -0.022162713493111441 -0.022211130336174986 -0.016570947180028089 -0.016508630615823708 -0.019481097060603633 -0.0208179593085847 1.5986621828346381
0 0 0 0 0 0 0 0 0 0 0 0 0 0 0 0 0 0 0 0 0 0 0 0 0 0 0 0 0 0 0 0 0 0 0 0 0 0 0 0 0 0 0 0 0 0 0 0 0 0 0 0 0 0 0 0 0 0 0 0 0 0 0 0 0 0 0 0 0 0 0 0 0 0 0 0 0 0 0 0 0 0 0 0 0 0 0 0 0 0 0 0 0 0 0 0 0 0 0 0 0 0 0 0 0 0 0 0 0 0 0 0 0 0 0 0 0 0 0 0 0 0 0 0 0 0 0 0 0 0 0 0 0 0 0 0 0 0 0 0 0 0 0 0 0 0 0 0 0 0 0 0 0 0 0 -0.015269422333067741 -0.015390621874318789 -0.015537943025165292 -0.015536767468802344 -0.015879068015176964 -0.023888098179890734 -0.016375885630677742 -0.020763378997357317 -0.022231825766437327 -0.025407818328712146 -0.020194501769365748 -0.018021252789358157 -0.019460613403104763 -0.017310453569231748 -0.016984146571279998 -0.021319650876725174 -0.020861817368540737 -0.019837748053944834 -0.018152295381316508 -0.025548544262174667 -0.021772056805497254 -0.022388851728835799 -0.022437762595318062 -0.016740029578748247 -0.016677077164703163 -0.019679873303443261 -0.021030376285003902 -0.028652798980434321 1.6042389968464703
0 0 0 0 0 0 0 0 0 0 0 0 0 0 0 0 0 0 0 0 0 0 0 0 0 0 0 0 0 0 0 0 0 0 0 0 0 0 0 0 0 0 0 0 0 0 0 0 0 0 0 0 0 0 0 0 0 0 0 0 0 0 0 0 0 0 0 0 0 0 0 0 0 0 0 0 0 0 0 0 0 0 0 0 0 0 0 0 0 0 0 0 0 0 0 0 0 0 0 0 0 0 0 0 0 0 0 0 0 0 0 0 0 0 0 0 0 0 0 0 0 0 0 0 0 0 0 0 0 0 0 0 0 0 0 0 0 0 0 0 0 0 0 0 0 0 0 0 0 0 0 0 0 0 0 0 0 0 0 0 -0.021263506370209247 -0.015056408248613231 -0.019090381910047104 -0.020440509441788216 -0.022639016811348018 -0.018558009788834109 -0.016560873325396314 -0.017883593175810137 -0.015907674794645124 -0.015607810577576639 -0.019591980737298325 -0.019171248459594996 -0.018230166150074251 -0.016681296682807451 -0.023337092473890809 -0.020005886774815913 -0.020572646705208662 -0.020617589875512488 -0.00076046684989809613 -0.00075760704467621519 -0.018072624438562977 -0.019312832279974025 -0.02547257548966576 -0.026097989754415671 1.556179392069128
0 0 0 0 0 0 0 0 0 0 0 0 0 0 0 0 0 0 0 0 0 0 0 0 0 0 0 0 0 0 0 0 0 0 0 0 0 0 0 0 0 0 0 0 0 0 0 0 0 0 0 0 0 0 0 0 0 0 0 0 0 0 0 0 0 0 0 0 0 0 0 0 0 0 0 0 0 0 0 0 0 0 0 0 0 0 0 0 0 0 0 0 0 0 0 0 0 0 0 0 0 0 0 0 0 0 0 0 0 0 0 0 0 0 0 0 0 0 0 0 0 0 0 0 0 0 0 0 0 0 0 0 0 0 0 0 0 0 0 0 0 0 0 0 0 0 0 0 0 0 0 0 -0.015828174019630419 -0.016099275254457802 -0.016195403848254263 -0.016305687264615606 -0.016435112057063439 -0.01659243121169594 -0.016591175875770255 -0.01695670677392392 -0.025972699931089395 -0.017492032496182842 -0.022178568435525837 -0.023747101532480129 -0.02761019283980605 -0.021577004110108398 -0.019254975930880651 -0.020792874227824717 -0.018495515862527411 -0.018146870101597979 -0.022779180187101809 -0.022290003697349969 -0.02119582726940808 -0.019394989612702473 -0.027297580838980939 -0.023262557528918738 -0.023921577828006132 -0.023973837100314213 -0.017886041019934271 -0.017818778924926323 -0.02102714451707479 -0.022470102046638903 -0.030614350798431774 -0.031521324682302593 -0.029274434528984518 1.6433002133397381
0 0 0 0 0 0 0 0 0 0 0 0 0 0 0 0 0 0 0 0 0 0 0 0 0 0 0 0 0 0 0 0 0 0 0 0 0 0 0 0 0 0 0 0 0 0 0 0 0 0 0 0 0 0 0 0 0 0 0 0 0 0 0 0 0 0 0 0 0 0 0 0 0 0 0 0 0 0 0 0 0 0 0 0 0 0 0 0 0 0 0 0 0 0 0 0 0 0 0 0 0 0 0 0 0 0 0 0 0 0 0 0 0 0 0 0 0 0 0 0 0 0 0 0 0 0 0 0 0 0 0 0 0 0 0 0 0 0 0 0 0 0 0 0 0 0 0 0 0 0 0 0 0 0 0 0 0 0 0 0 -0.02036054453593085 -0.00021050869917331466 -0.018277777235915137 -0.01943392068491781 -0.021524163003335744 -0.017764516784301753 -0.015852772764928108 -0.017118936499670147 -0.00066978780871171449 -0.00065716211705947711 -0.018742489782715182 -0.018340000084410127 -0.017439722271391674 -0.015958010414165173 -0.02189870490060775 -0.019132891375178724 -0.019674919644460564 -0.019717901632971449 -0.00071405619181238078 -0.00071137091811986509 -0.017283980896117084 -0.018470069209468767 -0.023926209529174729 -0.024513656713188031 -0.023605052993734148 -0.026459990217546962 1.5318927758372751
0 0 0 0 0 0 0 0 0 0 0 0 0 0 0 0 0 0 0 0 0 0 0 0 0 0 0 0 0 0 0 0 0 0 0 0 0 0 0 0 0 0 0 0 0 0 0 0 0 0 0 0 0 0 0 0 0 0 0 0 0 0 0 0 0 0 0 0 0 0 0 0 0 0 0 0 0 0 0 0 0 0 0 0 0 0 0 0 0 0 0 0 0 0 0 0 0 0 0 0 0 0 0 0 0 0 0 0 0 0 0 0 0 0 0 0 0 0 0 0 0 0 0 0 0 0 0 0 0 0 0 0 0 0 0 0 0 0 0 0 0 0 0 0 0 0 0 0 0 0 0 0 0 0 0 0 0 0 0 0 -0.021637464653911476 -0.015321203174216811 -0.019426121760757326 -0.020799993794733896 -0.023037166002929283 -0.018884386886229797 -0.01685212706584497 -0.018198109403474095 -0.016187440824777865 -0.015882302938071347 -0.019936542135748109 -0.019508410498891786 -0.018550777507694103 -0.016974668291836015 -0.023747518623566766 -0.020357727480295473 -0.020934454937545768 -0.020980188517040199 -0.00077384107299419049 -0.0007709309727817335 -0.01839046513234964 -0.019652484333926072 -0.025920558077566973 -0.026556971414672514 -0.025572631816254458 -0.028665539868714396 -0.025290190804647159 1.5653918210768212
0 0 0 0 0 0 0 0 0 0 0 0 0 0 0 0 0 0 0 0 0 0 0 0 0 0 0 0 0 0 0 0 0 0 0 0 0 0 0 0 0 0 0 0 0 0 0 0 0 0 0 0 0 0 0 0 0 0 0 0 0 0 0 0 0 0 0 0 0 0 0 0 0 0 0 0 0 0 0 0 0 0 0 0 0 0 0 0 0 0 0 0 0 0 0 0 0 0 0 0 0 0 0 0 0 0 0 0 0 0 0 0 0 0 0 0 0 0 0 0 0 0 0 0 0 0 0 0 0 0 0 0 0 0 0 0 0 0 0 0 0 0 0 0 0 0 0 0 0 0 0 0 0 0 -0.015291973873820737 -0.015396105338371543 -0.015518310413544281 -0.015666853816664321 -0.015665668507278248 -0.016010808955581293 -0.02423495317163965 -0.016513285502014408 -0.020937591596729626 -0.022418359189347887 -0.02577197704450758 -0.020365893788374227 -0.018174200306255807 -0.019625776864940183 -0.01745736848800708 -0.017128292101840675 -0.021500592107660858 -0.021038872937418254 -0.020006112281512164 -0.018306355065013401 -0.025765376379836072 -0.021956837634281811 -0.022578867335305119 -0.022628193311417567 -0.016882103272891625 -0.016818616577708733 -0.019846897637976497 -0.021208862424110408 -0.028895977105032496 -0.029752042835635574 -0.02763126990612574 -0.032246950688509607 -0.027348093761633115 -0.029435475718833738 1.6077503657366834
0 0 0 0 0 0 0 0 0 0 0 0 0 0 0 0 0 0 0 0 0 0 0 0 0 0 0 0 0 0 0 0 0 0 0 0 0 0 0 0 0 0 0 0 0 0 0 0 0 0 0 0 0 0 0 0 0 0 0 0 0 0 0 0 0 0 0 0 0 0 0 0 0 0 0 0 0 0 0 0 0 0 0 0 0 0 0 0 0 0 0 0 0 0 0 0 0 0 0 0 0 0 0 0 0 0 0 0 0 0 0 0 0 0 0 0 0 0 0 0 0 0 0 0 0 0 0 0 0 0 0 0 0 0 0 0 0 0 0 0 0 0 0 0 0 0 0 0 0 0 0 0 0 0 0 0 0 0 0 0 -0.019157645755149437 -0.00019807186787282587 -0.017197928123152947 -0.018285766741567441 -0.020252517768682393 -0.016714991043803671 -0.00081006691767679221 -0.01610059739466449 -0.00062529152096875776 -0.0006135045970596842 -0.017627568024944772 -0.017249020957908999 -0.016402297359587377 -0.00084891317788539085 -0.020293658689897114 -0.017983087313502479 -0.018492542026946727 -0.018532940983754416 -0.0006620433162912746 -0.00065955364177976215 -0.016245281639871698 -0.017360090711692401 -0.022189140106613412 -0.02273393797170602 -0.021891299892836232 -0.024538965498937776 -0.022016209225960048 -0.023307872231262346 -0.024967153842210061 1.4988528191108412
0 0 0 0 0 0 0 0 0 0 0 0 0 0 0 0 0 0 0 0 0 0 0 0 0 0 0 0 0 0 0 0 0 0 0 0 0 0 0 0 0 0 0 0 0 0 0 0 0 0 0 0 0 0 0 0 0 0 0 0 0 0 0 0 0 0 0 0 0 0 0 0 0 0 0 0 0 0 0 0 0 0 0 0 0 0 0 0 0 0 0 0 0 0 0 0 0 0 0 0 0 0 0 0 0 0 0 0 0 0 0 0 0 0 0 0 0 0 0 0 0 0 0 0 0 0 0 0 0 0 0 0 0 0 0 0 0 0 0 0 0 0 0 0 0 0 0 0 0 0 0 0 0 0 0 0 0 0 0 0 -0.020492795043431888 -0.0002118760438555713 -0.018396499272606063 -0.019560152371343242 -0.021663971714035675 -0.01787990497326173 -0.015955743352957106 -0.017230131366582888 -0.015326412525384536 -0.00066624805668742335 -0.018870277439955788 -0.018465043537641775 -0.017558627565076996 -0.016066813288739282 -0.022195437686622424 -0.019265261914050556 -0.01981104019542862 -0.019854319553993444 -0.00072356940932579328 -0.00072084836030773185 -0.017403563161010327 -0.018597857635184824 -0.02424208413937428 -0.024837286820554413 -0.023916687684720571 -0.026809315884264974 -0.023913958430149491 -0.025462072788478497 -0.027274711399816597 -0.023868195398579119 1.5345301231531212
0 0 0 0 0 0 0 0 0 0 0 0 0 0 0 0 0 0 0 0 0 0 0 0 0 0 0 0 0 0 0 0 0 0 0 0 0 0 0 0 0 0 0 0 0 0 0 0 0 0 0 0 0 0 0 0 0 0 0 0 0 0 0 0 0 0 0 0 0 0 0 0 0 0 0 0 0 0 0 0 0 0 0 0 0 0 0 0 0 0 0 0 0 0 0 0 0 0 0 0 0 0 0 0 0 0 0 0 0 0 0 0 0 0 0 0 0 0 0 0 0 0 0 0 0 0 0 0 0 0 0 0 0 0 0 0 0 0 0 0 0 0 0 0 0 0 0 0 0 -0.020362535180750617 -0.020316165473274899 -0.020369517910848945 -0.020974627197047218 -0.021333875669177955 -0.021461260003931878 -0.021607401532406742 -0.021778908161552823 -0.021987378867983548 -0.021985715365735747 -0.022470096843237506 -0.034417595970309488 -0.023179481099402533 -0.029389821221476674 -0.031468355164435018 -0.036587511669716348 -0.02859266120510149 -0.025515636948233583 -0.027553575336158761 -0.02450924216226498 -0.02404723594156935 -0.030185718939297366 -0.029537489112320472 -0.028087546583547032 -0.025701175392216082 -0.036173255409549805 -0.03082626405381924 -0.031699561571998339 -0.031768812690472513 -0.023701599562838526 -0.023612467527424165 -0.027864017461338451 -0.02977614555686009 -0.040568456859293354 -0.04177032885463719 -0.038792873384402939 -0.045684233939878444 -0.038402410995865971 -0.041333529359161687 -0.046003039590563906 -0.03837255187702425 -0.041541331364102811 1.8297255818946443
0 0 0 0 0 0 0 0 0 0 0 0 0 0 0 0 0 0 0 0 0 0 0 0 0 0 0 0 0 0 0 0 0 0 0 0 0 0 0 0 0 0 0 0 0 0 0 0 0 0 0 0 0 0 0 0 0 0 0 0 0 0 0 0 0 0 0 0 0 0 0 0 0 0 0 0 0 0 0 0 0 0 0 0 0 0 0 0 0 0 0 0 0 0 0 0 0 0 0 0 0 0 0 0 0 0 0 0 0 0 0 0 0 0 0 0 0 0 0 0 0 0 0 0 0 0 0 0 0 0 0 0 0 0 0 0 0 0 0 0 0 0 0 0 0 0 0 0 0 -0.015676128009277507 -0.01564043022097715 -0.015681503674434025 -0.016147347958843979 -0.016423915929691783 -0.016521982949355817 -0.01663449022251719 -0.016766524856175077 -0.016927016339734459 -0.016925735690054053 -0.017298637491290122 -0.026496437472687505 -0.017844758016494679 -0.022625797600741796 -0.024225960049680507 -0.028166950302809007 -0.02201210277592483 -0.0196432510730233 -0.021212160973512209 -0.018868476549484287 -0.01851280037299562 -0.023238520643137698 -0.022739479946244257 -0.021623239532887476 -0.019786088120212597 -0.027848034504487484 -0.023731645252712773 -0.024403954646589145 -0.02445726772319522 -0.018246711692507193 -0.018178093262410766 -0.021451155305534032 -0.022923209965204597 -0.031231686880831663 -0.032156949824887433 -0.029864751300539043 -0.035170075478828888 -0.029564153249698188 -0.031820679083317725 -0.03541550848340641 -0.029541166162625886 -0.031980655766041123 -0.046833120479711596 1.6529447761982925
0 0 0 0 0 0 0 0 0 0 0 0 0 0 0 0 0 0 0 0 0 0 0 0 0 0 0 0 0 0 0 0 0 0 0 0 0 0 0 0 0 0 0 0 0 0 0 0 0 0 0 0 0 0 0 0 0 0 0 0 0 0 0 0 0 0 0 0 0 0 0 0 0 0 0 0 0 0 0 0 0 0 0 0 0 0 0 0 0 0 0 0 0 0 0 0 0 0 0 0 0 0 0 0 0 0 0 0 0 0 0 0 0 0 0 0 0 0 0 0 0 0 0 0 0 0 0 0 0 0 0 0 0 0 0 0 0 0 0 0 0 0 0 0 0 0 0 0 0 -0.016868865910832708 -0.016830452011444209 -0.016874650590228888 -0.017375939222497354 -0.017673550215001669 -0.017779078787108736 -0.017900146317549537 -0.018042226972252252 -0.018214929652046404 -0.018213551562525122 -0.018614826065975764 -0.028512452218877944 -0.019202498857712823 -0.024347309847602028 -0.026069222667574707 -0.030310068117202483 -0.023686921280739081 -0.021137832518817613 -0.022826114900912582 -0.02030410830190808 -0.019921370056512615 -0.025006652692757647 -0.024469641857239533 -0.023268470889127101 -0.021291537502261829 -0.029966887209547408 -0.025537297308017962 -0.026260760207095352 -0.026318129676139196 -0.019635035684345284 -0.019561196334754422 -0.02308329341705723 -0.024667351205607403 -0.03360798902956625 -0.034603651767602828 -0.03213704843766331 -0.037846034873862081 -0.031813579006328023 -0.034241795444031102 -0.038110141957056066 -0.031788842917845367 -0.034413944153719962 -0.050396477311908452 -0.044375080228508682 1.6989787341396159
0 0 0 0 0 0 0 0 0 0 0 0 0 0 0 0 0 0 0 0 0 0 0 0 0 0 0 0 0 0 0 0 0 0 0 0 0 0 0 0 0 0 0 0 0 0 0 0 0 0 0 0 0 0 0 0 0 0 0 0 0 0 0 0 0 0 0 0 0 0 0 0 0 0 0 0 0 0 0 0 0 0 0 0 0 0 0 0 0 0 0 0 0 0 0 0 0 0 0 0 0 0 0 0 0 0 0 0 0 0 0 0 0 0 0 0 0 0 0 0 0 0 0 0 0 0 0 0 0 0 0 0 0 0 0 0 0 0 0 0 0 0 0 0 0 0 0 0 0 -0.022088223472926945 -0.022037924016008043 -0.022095797976862588 -0.022752189188489817 -0.023141883323541307 -0.023280063251925526 -0.023438590012516726 -0.023624631520514007 -0.023850769744969563 -0.023848965263893733 -0.024374397201824376 -0.037334425426150973 -0.025143900499879298 -0.031880555795578767 -0.034135241757841737 -0.039688237584630373 -0.031015837899251945 -0.027678041361934021 -0.029888691368771137 -0.026586356425007673 -0.026085196006718884 -0.032743904415815754 -0.032040738275008487 -0.030467915720539855 -0.027879303855878348 -0.03923887385028127 -0.033438734578585337 -0.034386042493276016 -0.034461162519688081 -0.025710267565539312 -0.025613581750175082 -0.030225442906608189 -0.032299620424674852 -0.044006560730560113 -0.045310289219344581 -0.042080499744535017 -0.049555890732477646 -0.041656946369711255 -0.044836471750974161 -0.04990171458958946 -0.041624556744163856 -0.045061884602691747 -0.065989537115172067 -0.058105073209867762 -0.062349549850101722 1.8869317213804409
0 0 0 0 0 0 0 0 0 0 0 0 0 0 0 0 0 0 0 0 0 0 0 0 0 0 0 0 0 0 0 0 0 0 0 0 0 0 0 0 0 0 0 0 0 0 0 0 0 0 0 0 0 0 0 0 0 0 0 0 0 0 0 0 0 0 0 0 0 0 0 0 0 0 0 0 0 0 0 0 0 0 0 0 0 0 0 0 0 0 0 0 0 0 0 0 0 0 0 0 0 0 0 0 0 0 0 0 0 0 0 0 0 0 0 0 0 0 0 0 0 0 0 0 0 0 0 0 0 0 0 0 0 0 0 0 0 0 0 0 0 0 0 0 0 0 0 0 0 -0.021409191720828634 -0.021360438559762752 -0.021416533370877872 -0.022052745935044169 -0.022430460170868975 -0.022564392199507705 -0.022718045562102704 -0.022898367819238357 -0.023117554147587541 -0.023115805139507842 -0.023625084353799689 -0.03618669798026701 -0.024370931735236741 -0.030900490120026807 -0.033085862976993091 -0.038468149715734361 -0.030062355208471565 -0.026827168545310035 -0.028969859191392201 -0.025769043968561847 -0.025283290123704633 -0.031737297849503229 -0.031055748301682961 -0.029531277143885468 -0.027022243867883364 -0.038032600231510325 -0.032410767682258319 -0.033328953646336666 -0.033401764347907772 -0.024919887657741696 -0.0248261741383928 -0.02929625838074747 -0.031306671948036789 -0.042653719834446054 -0.043917369362552312 -0.040786869430366898 -0.048032453442372107 -0.040376336848752505 -0.043458117896112453 -0.048367646051573267 -0.040344942938602045 -0.043676601150985525 -0.063960899951915895 -0.056318818660431133 -0.060432812447968012 -0.073245984168071446 1.8621885023084406
0 0 0 0 0 0 0 0 0 0 0 0 0 0 0 0 0 0 0 0 0 0 0 0 0 0 0 0 0 0 0 0 0 0 0 0 0 0 0 0 0 0 0 0 0 0 0 0 0 0 0 0 0 0 0 0 0 0 0 0 0 0 0 0 0 0 0 0 0 0 0 0 0 0 0 0 0 0 0 0 0 0 0 0 0 0 0 0 0 0 0 0 0 0 0 0 0 0 0 0 0 0 0 0 0 0 0 0 0 0 0 0 0 0 0 0 0 0 0 0 0 0 0 0 0 0 0 0 0 0 0 0 0 0 0 0 0 0 0 0 0 0 0 0 0 0 0 0 0 -0.02919300810064724 -0.029126529578500648 -0.029203018980653285 -0.030070541621471342 -0.030585582772485607 -0.030768208947632884 -0.030977726612636012 -0.031223609277517377 -0.03152248596293708 -0.031520101061737013 -0.032214540740833478 -0.049343225145945892 -0.033231558521422261 -0.042135091793786203 -0.0451150084738869 -0.052454152445921581 -0.04099223317579069 -0.036580818130500577 -0.039502534475700075 -0.035137987418192344 -0.03447562631120997 -0.043276140701369446 -0.042346797747653903 -0.040268069160461835 -0.036846817685568474 -0.051860248678467114 -0.044194466369125537 -0.045446480487022323 -0.045545763235689644 -0.033980100311395915 -0.033852315032756375 -0.03994760378532685 -0.042688950601259039 -0.058161485257672653 -0.059884564362734177 -0.055615897377495463 -0.0654957842744186 -0.055056105997374288 -0.059258341198644024 -0.065952844058988547 -0.055013298091066018 -0.059556259191651528 -0.08721539303159942 -0.076794852921666559 -0.082404586139606689 -0.099876288513872896 -0.10202065056635778 2.1075648240079179
0 0 0 0 0 0 0 0 0 0 0 0 0 0 0 0 0 0 0 0 0 0 0 0 0 0 0 0 0 0 0 0 0 0 0 0 0 0 0 0 0 0 0 0 0 0 0 0 0 0 0 0 0 0 0 0 0 0 0 0 0 0 0 0 0 0 0 0 0 0 0 0 0 0 0 0 0 0 0 0 0 0 0 0 0 0 0 0 0 0 0 0 0 0 0 0 0 0 0 0 0 0 0 0 0 0 0 0 0 0 0 0 0 0 0 0 0 0 0 0 0 0 0 0 0 0 0 0 0 0 0 0 0 0 0 0 0 0 0 0 0 0 0 0 0 0 0 0 0 -0.030336856918281786 -0.030267773615611428 -0.030347260047459697 -0.03124877420924729 -0.031783995850383447 -0.031973777736713456 -0.03219150478296743 -0.03244702169295758 -0.032757609050401384 -0.032755130703317925 -0.033476780117125009 -0.051276605548092588 -0.034533646980132844 -0.043786041047220822 -0.046882717677492351 -0.054509426093928177 -0.042598402615016996 -0.038014138239974737 -0.041050334113128653 -0.036514774120809237 -0.035826460190927924 -0.044971798860419181 -0.044006042124500856 -0.041845864197505238 -0.038290560265913091 -0.053892251818691124 -0.045926106627919135 -0.04722717752213184 -0.047330350395938983 -0.035311518349246299 -0.035178726151163596 -0.041512842256117559 -0.044361601309365235 -0.060440385257102915 -0.06223097854193655 -0.057795055422380226 -0.068062058881821402 -0.057213330135825274 -0.061580218522192871 -0.068537027313980287 -0.057168844917850792 -0.061889809623461953 -0.090632691579759422 -0.079803850878029076 -0.085633386272108314 -0.10378966990069498 -0.10601805296224602 -0.13286441195224488 2.1366730731485402
0 0 0 0 0 0 0 0 0 0 0 0 0 0 0 0 0 0 0 0 0 0 0 0 0 0 0 0 0 0 0 0 0 0 0 0 0 0 0 0 0 0 0 0 0 0 0 0 0 0 0 0 0 0 0 0 0 0 0 0 0 0 0 0 0 0 0 0 0 0 0 0 0 0 0 0 0 0 0 0 0 0 0 0 0 0 0 0 0 0 0 0 0 0 0 0 0 0 0 0 0 0 0 0 0 0 0 0 0 0 0 0 0 0 0 0 0 0 0 0 0 0 0 0 0 0 0 0 0 0 0 0 0 0 0 0 0 0 0 0 0 0 0 0 0 0 0 0 0 -0.022786923944015134 -0.022735033401497819 -0.022794738046642574 -0.023471892397023578 -0.023873913439039229 -0.024016464311115638 -0.024180005631724691 -0.024371932053437677 -0.024605223541448652 -0.024603361980554867 -0.025145414519186931 -0.038515397751292299 -0.025939258947143565 -0.032889009887879121 -0.035215016667134294 -0.04094366631256878 -0.031996939008535848 -0.028553560416786476 -0.030834138283737121 -0.027427343015959164 -0.026910329760035399 -0.033779668177832047 -0.033054259301459173 -0.031431684811933307 -0.028761189298661189 -0.040480088186860642 -0.034496477390327497 -0.035473750797131116 -0.035551247039897205 -0.026523541484188565 -0.026423797277786334 -0.031181542034435784 -0.033321330479101186 -0.045398587787471703 -0.046743556157334172 -0.043411601135787875 -0.051123455649702249 -0.042974649809659371 -0.046254750770685277 -0.051480218697653103 -0.04294123562699248 -0.046487293940775311 -0.06807693543970246 -0.05994306810674626 -0.064321807143939841 -0.077959536829155116 -0.079633342242763958 -0.099798448408067369 -0.10850168957044086 1.9016007861827624
0 0 0 0 0 0 0 0 0 0 0 0 0 0 0 0 0 0 0 0 0 0 0 0 0 0 0 0 0 0 0 0 0 0 0 0 0 0 0 0 0 0 0 0 0 0 0 0 0 0 0 0 0 0 0 0 0 0 0 0 0 0 0 0 0 0 0 0 0 0 0 0 0 0 0 0 0 0 0 0 0 0 0 0 0 0 0 0 0 0 0 0 0 0 0 0 0 0 0 0 0 0 0 0 0 0 0 0 0 0 0 0 0 0 0 0 0 0 0 0 0 0 0 0 0 0 0 0 0 0 0 0 0 0 0 0 0 0 0 0 0 0 0 0 0 0 0 0 0 -0.020435611681604758 -0.020389075563810068 -0.020442619471130144 -0.021049900356732553 -0.021410438089805139 -0.021538279577921749 -0.021684945575057082 -0.02185706770243194 -0.022066286562743901 -0.022064617090566951 -0.02255073690286458 -0.03454111288306011 -0.023262666977551326 -0.029495294595814237 -0.03158128792367243 -0.036718815915677321 -0.028695273753707416 -0.025607206757624679 -0.02765245884224975 -0.024597200249993283 -0.024133535994201143 -0.03029404860926449 -0.029643492433083868 -0.028188346390824296 -0.025793411056823055 -0.036303072984146201 -0.030936892494308227 -0.031813324078371306 -0.031882823723337221 -0.023786659205231462 -0.023697207295242904 -0.027964015073507913 -0.029883005361244601 -0.040714047810813482 -0.041920233051002335 -0.038932092171249939 -0.0458481842501356 -0.038540228502135107 -0.041481865981623942 -0.046168134021688761 -0.038510262225716192 -0.041690413740631219 -0.061052286852643953 -0.053757728153349046 -0.057684638641092884 -0.069915133145329461 -0.071416223750937771 -0.089500554928105172 -0.097305735530916676 -0.087676493260862992 1.8199762298506519
0 0 0 0 0 0 0 0 0 0 0 0 0 0 0 0 0 0 0 0 0 0 0 0 0 0 0 0 0 0 0 0 0 0 0 0 0 0 0 0 0 0 0 0 0 0 0 0 0 0 0 0 0 0 0 0 0 0 0 0 0 0 0 0 0 0 0 0 0 0 0 0 0 0 0 0 0 0 0 0 0 0 0 0 0 0 0 0 0 0 0 0 0 0 0 0 0 0 0 0 0 0 0 0 0 0 0 0 0 0 0 0 0 0 0 0 0 0 0 0 0 0 0 0 0 0 0 0 0 0 0 0 0 0 0 0 0 0 0 0 0 0 0 0 0 0 0 0 0 -0.028128795336670908 -0.02806474024727067 -0.028138441276338088 -0.028974338924478281 -0.029470604574009376 -0.029646573226713095 -0.029848453056909714 -0.030085372223768048 -0.030373353547450039 -0.030371055586323702 -0.031040179903339724 -0.047544448882977861 -0.032020122939881462 -0.040599083502222917 -0.043470369192476759 -0.050541969283292812 -0.039497887076917211 -0.035247287394751102 -0.038062494406737132 -0.033857054169313748 -0.033218839020225432 -0.041698536188971423 -0.040803071848588439 -0.038800122005665183 -0.035503590103207937 -0.049969715904442352 -0.042583384871630228 -0.043789757601688732 -0.043885421060147062 -0.032741377109322421 -0.03261825016270891 -0.038491338994386351 -0.041132751734942435 -0.056041244864165507 -0.057701510203319026 -0.0535884547903831 -0.063108176619489975 -0.053049070253226575 -0.057098115611122914 -0.063548574576853464 -0.053007822882237134 -0.057385173190923032 -0.084036010689105517 -0.0739953448200973 -0.079400578739011698 -0.096235361183308804 -0.098301551864792211 -0.12319390441135275 -0.13393742073779766 -0.1206831570885557 -0.11889813314054029 2.0610640006488725
0 0 0 0 0 0 0 0 0 0 0 0 0 0 0 0 0 0 0 0 0 0 0 0 0 0 0 0 0 0 0 0 0 0 0 0 0 0 0 0 0 0 0 0 0 0 0 0 0 0 0 0 0 0 0 0 0 0 0 0 0 0 0 0 0 0 0 0 0 0 0 0 0 0 0 0 0 0 0 0 0 0 0 0 0 0 0 0 0 0 0 0 0 0 0 0 0 0 0 0 0 0 0 0 0 0 0 0 0 0 0 0 0 0 0 0 0 0 0 0 0 0 0 0 0 0 0 0 0 0 0 0 0 0 0 0 0 0 0 0 0 0 0 0 0 0 0 0 0 -0.019981008043962006 -0.019935507152751452 -0.019987859940595688 -0.020581631463035856 -0.020934148796841752 -0.021059146366877151 -0.021202549682334013 -0.02137084283965119 -0.021575407488658476 -0.021573775154987079 -0.0220490809119759 -0.033772723083454533 -0.022745173633382007 -0.028839152346417134 -0.030878741379178894 -0.035901981678207441 -0.028056928494714164 -0.02503755758229147 -0.027037311687601519 -0.024050019334458186 -0.023596669595334546 -0.029620137550900098 -0.028984053425215931 -0.027561278064802987 -0.025219619644249097 -0.035495487221932846 -0.030248680950441659 -0.031105615736833327 -0.031173569316434273 -0.023257509308936837 -0.023170047315585959 -0.027341937145352484 -0.029218238230582963 -0.039808337009183313 -0.040987689864493984 -0.038066022146148126 -0.044828261202852042 -0.037682875742374715 -0.040559074559217548 -0.045141093481067852 -0.037653576085504487 -0.040762983036006235 -0.059694138531859564 -0.052561852093917567 -0.056401405872195345 -0.068359824973042216 -0.069827522829738878 -0.087509556152281037 -0.095141105373280466 -0.085726071937876361 -0.08445809805427959 -0.107526941747114 1.7989912274129585
0 0 0 0 0 0 0 0 0 0 0 0 0 0 0 0 0 0 0 0 0 0 0 0 0 0 0 0 0 0 0 0 0 0 0 0 0 0 0 0 0 0 0 0 0 0 0 0 0 0 0 0 0 0 0 0 0 0 0 0 0 0 0 0 0 0 0 0 0 0 0 0 0 0 0 0 0 0 0 0 0 0 0 0 0 0 0 0 0 0 0 0 0 0 0 0 0 0 0 0 0 0 0 0 0 0 0 0 0 0 0 0 0 0 0 0 0 0 0 0 0 0 0 0 0 0 0 0 0 0 0 0 0 0 0 0 0 0 0 0 0 0 0 0 0 0 0 0 0 -0.016249628157530015 -0.016212624390683064 -0.016255200487626131 -0.016738087358446122 -0.017024773374527308 -0.01712642810732351 -0.017243051380162321 -0.017379916408285991 -0.017546279360206508 -0.017544951858854452 -0.017931496010942016 -0.027465791053480314 -0.018497595972521701 -0.023453546536619557 -0.025112249806426609 -0.029197418423822563 -0.022817400117072034 -0.020361885636091211 -0.021988193004883999 -0.01955876653002191 -0.01919007819008146 -0.02408868562176824 -0.023571387870996618 -0.022414310585030572 -0.020509948276469514 -0.028866835314701939 -0.024599850849315919 -0.025296756210820118 -0.02535201970894126 -0.018914254841846872 -0.018843126054614162 -0.022235930776915963 -0.023761839523837355 -0.032374276239998716 -0.033333389279899178 -0.030957332280245723 -0.036456748022536574 -0.030645737060550186 -0.032984816309103653 -0.036711160021442521 -0.030621909007018357 -0.033150645626558901 -0.04854647734451617 -0.042746119210704071 -0.045868650418868707 -0.05559387866126371 -0.056787489332279548 -0.071167467856294409 -0.077373853281610033 -0.06971704277037663 -0.068685858353826929 -0.087446680190643902 -0.076392660341570662 1.6622388079177404
0 0 0 0 0 0 0 0 0 0 0 0 0 0 0 0 0 0 0 0 0 0 0 0 0 0 0 0 0 0 0 0 0 0 0 0 0 0 0 0 0 0 0 0 0 0 0 0 0 0 0 0 0 0 0 0 0 0 0 0 0 0 0 0 0 0 0 0 0 0 0 0 0 0 0 0 0 0 0 0 0 0 0 0 0 0 0 0 0 0 0 0 0 0 0 0 0 0 0 0 0 0 0 0 0 0 0 0 0 0 0 0 0 0 0 0 0 0 0 0 0 0 0 0 0 0 0 0 0 0 0 0 0 0 0 0 0 0 0 0 0 0 0 0 0 0 0 0 0 -0.019653695222683561 -0.019608939690517618 -0.019660434877050756 -0.020244479711439032 -0.020591222389489693 -0.020714172349756664 -0.020855226547307329 -0.021020762861326387 -0.021221976496598446 -0.021220370902505826 -0.021687890582438401 -0.033219485466494607 -0.022372580472115013 -0.028366732521700602 -0.030372910645508573 -0.03531386425756898 -0.027597322432706739 -0.024627412428846068 -0.026594408168982304 -0.023656051239212567 -0.023210127911300293 -0.029134924253997899 -0.028509259947438796 -0.027109791349940422 -0.02480649209636979 -0.034914028666903803 -0.029753171360532179 -0.030596068529704614 -0.030662908948356434 -0.022876523476236452 -0.022790494214993788 -0.02689404349721617 -0.028739608525465695 -0.039156228813829318 -0.040316262458142182 -0.037442455153126358 -0.044093920642304732 -0.037065585145924951 -0.039894668384453498 -0.044401628353461883 -0.037036765452495631 -0.040095236596395113 -0.058716277111972311 -0.051700826060464861 -0.055477483353398041 -0.06724000923978192 -0.068683664449321516 -0.086076044907503313 -0.093582580220256908 -0.084321776298669188 -0.083074573344558617 -0.10576552177324608 -0.092395841249292621 -0.085569429539638503 1.783207541348194
0 0 0 0 0 0 0 0 0 0 0 0 0 0 0 0 0 0 0 0 0 0 0 0 0 0 0 0 0 0 0 0 0 0 0 0 0 0 0 0 0 0 0 0 0 0 0 0 0 0 0 0 0 0 0 0 0 0 0 0 0 0 0 0 0 0 0 0 0 0 0 0 0 0 0 0 0 0 0 0 0 0 0 0 0 0 0 0 0 0 0 0 0 0 0 0 0 0 0 0 0 0 0 0 0 0 0 0 0 0 0 0 0 0 0 0 0 0 0 0 0 0 0 0 0 0 0 0 0 0 0 0 0 0 0 0 0 0 0 0 0 0 0 0 0 0 0 0 0 -0.02655595406008264 -0.026495480655835096 -0.026565060640281694 -0.02735421848644308 -0.027822735094879005 -0.027988864337219158 -0.028179455915429086 -0.028403127581268874 -0.028675006227700275 -0.028672836758678592 -0.029304546521235823 -0.044885967750717404 -0.030229695357097901 -0.038328957335792606 -0.04103969307726868 -0.047715879700098662 -0.037289335079258377 -0.033276410653011172 -0.035934203394759889 -0.031963913291297663 -0.031361384388912665 -0.039366933356133192 -0.038521539531013671 -0.036630586030280604 -0.033518382016155555 -0.047175624269406476 -0.040202305105459114 -0.041341222660062349 -0.04143153702929385 -0.03091062009490083 -0.030794377877675153 -0.036339068837171321 -0.038832785135803814 -0.052907659438311772 -0.054475089879128281 -0.050592018838041528 -0.059579438758899296 -0.050082794364755677 -0.053905434517828095 -0.059995211556271175 -0.050043853369381892 -0.054176441072163004 -0.079337078340613806 -0.069857843330416461 -0.074960839812016816 -0.090854293614477818 -0.092804951798027432 -0.116305431031564 -0.1264482161239979 -0.11393507390241245 -0.11224986081766455 -0.142909733031234 -0.1248447016074081 -0.11562089541204218 -0.13590349727453593 1.9976434766226896
0 0 0 0 0 0 0 0 0 0 0 0 0 0 0 0 0 0 0 0 0 0 0 0 0 0 0 0 0 0 0 0 0 0 0 0 0 0 0 0 0 0 0 0 0 0 0 0 0 0 0 0 0 0 0 0 0 0 0 0 0 0 0 0 0 0 0 0 0 0 0 0 0 0 0 0 0 0 0 0 0 0 0 0 0 0 0 0 0 0 0 0 0 0 0 0 0 0 0 0 0 0 0 0 0 0 0 0 0 0 0 0 0 0 0 0 0 0 0 0 0 0 0 0 0 0 0 0 0 0 0 0 0 0 0 0 0 0 0 0 0 0 0 0 0 0 0 0 0 -0.021932937689970389 -0.021882991850922115 -0.021940458943233241 -0.022592235559061206 -0.02297919004604106 -0.023116398534671904 -0.023273810812145971 -0.02345854440141067 -0.023683092817104526 -0.023681301021985381 -0.024203039040847502 -0.037071954997480346 -0.024967132536603369 -0.031656427446195651 -0.033895262397380568 -0.039409219262717163 -0.030797788734812565 -0.027483457749140017 -0.029678566328773574 -0.026399447632706369 -0.025901810498580154 -0.032513706507844901 -0.031815483802389105 -0.030253718587235221 -0.027683305316981779 -0.038963014668776455 -0.033203651839293434 -0.034144299940378708 -0.034218891854052573 -0.025529517898922306 -0.025433511809228378 -0.030012950418351607 -0.032072545945239041 -0.043697183507598263 -0.044991746456227867 -0.041784663216168735 -0.049207500319735177 -0.041364087528413286 -0.044521260044185516 -0.049550892947895046 -0.041331925610106506 -0.044745088186693517 -0.065525614022832912 -0.05769657988770658 -0.061911216786454427 -0.075037844854085031 -0.07664892101039382 -0.096058298867708003 -0.10443536839162029 -0.094100587421943563 -0.092708746123434216 -0.11803116780413446 -0.10311100309494417 -0.095492931227158767 -0.11224461869559221 -0.14302015008779709 1.8505987988309431
0 0 0 0 0 0 0 0 0 0 0 0 0 0 0 0 0 0 0 0 0 0 0 0 0 0 0 0 0 0 0 0 0 0 0 0 0 0 0 0 0 0 0 0 0 0 0 0 0 0 0 0 0 0 0 0 0 0 0 0 0 0 0 0 0 0 0 0 0 0 0 0 0 0 0 0 0 0 0 0 0 0 0 0 0 0 0 0 0 0 0 0 0 0 0 0 0 0 0 0 0 0 0 0 0 0 0 0 0 0 0 0 0 0 0 0 0 0 0 0 0 0 0 0 0 0 0 0 0 0 0 0 0 0 0 0 0 0 0 0 0 0 0 0 0 0 0 0 0 -0.029546809767954083 -0.029479525566178232 -0.029556941973795287 -0.03043497846627655 -0.030956261605691659 -0.03114110110003665 -0.031353157992889277 -0.031602020607507823 -0.031904519498260522 -0.031902105693493728 -0.032604961563052336 -0.049941235301900415 -0.033634304986316158 -0.042645743716926782 -0.045661775191577145 -0.053089865166195037 -0.041489034341133955 -0.037024155603687957 -0.039981281390449097 -0.035563838652553519 -0.03489345012807462 -0.043800621449705993 -0.042860015419386173 -0.040756093894298288 -0.037293378913080752 -0.05248876364294968 -0.044730076671200582 -0.045997264445776828 -0.04609775044153553 -0.034391918651733813 -0.034262584692517709 -0.040431744671925049 -0.043206314959406911 -0.058866367412549921 -0.060610329198087773 -0.056289928541161091 -0.066289553713939062 -0.055723352826827853 -0.059976516586591616 -0.066752152787686328 -0.055680026114491597 -0.060278045166156487 -0.088272391041643056 -0.077725560264697346 -0.083403280068974031 -0.10108672894807 -0.10325707937649929 -0.12940429245715479 -0.14068940542901048 -0.12676697462558079 -0.12489196496406055 -0.159004895335706 -0.13890529561037365 -0.12864266123563842 -0.15120958455062922 -0.19266863506208506 -0.1866617471158781 2.0643208099718149
0 0 0 0 0 0 0 0 0 0 0 0 0 0 0 0 0 0 0 0 0 0 0 0 0 0 0 0 0 0 0 0 0 0 0 0 0 0 0 0 0 0 0 0 0 0 0 0 0 0 0 0 0 0 0 0 0 0 0 0 0 0 0 0 0 0 0 0 0 0 0 0 0 0 0 0 0 0 0 0 0 0 0 0 0 0 0 0 0 0 0 0 0 0 0 0 0 0 0 0 0 0 0 0 0 0 0 0 0 0 0 0 0 0 0 0 0 0 0 0 0 0 0 0 0 0 0 0 0 0 0 0 0 0 0 0 0 0 0 0 0 0 0 0 0 0 0 0 0 -0.021911307854977278 -0.021861411271540142 -0.021918821690926345 -0.022569955537380462 -0.022956528417398196 -0.023093601593694925 -0.0232508586342542 -0.023435410042860885 -0.023659737013289394 -0.023657946985203016 -0.024179170476216157 -0.037035395359148272 -0.024942510437882731 -0.031625208495417702 -0.033861835551277919 -0.039370354659992335 -0.030767416556769504 -0.027456354099615353 -0.029649297906019553 -0.02637341301279842 -0.025876266638698707 -0.032481642125191543 -0.03178410799333619 -0.030223882960550869 -0.027656004581687793 -0.038924590104313192 -0.033170907046022893 -0.034110627498310606 -0.03418514585089949 -0.025504341186734787 -0.025408429776373882 -0.029983352232535926 -0.03204091662651691 -0.04365409019824034 -0.044947376474161749 -0.041743455996990489 -0.049158972843505774 -0.041323295072767913 -0.044477354046636157 -0.049502026824559432 -0.041291164871916447 -0.044700961454197732 -0.065460993941417231 -0.057639680646923951 -0.061850161153037091 -0.074963843996314339 -0.076573331340767395 -0.09596356804853369 -0.10433237627001003 -0.094007787259576314 -0.092617318567787946 -0.11791476777054563 -0.10300931703653461 -0.095398757962513028 -0.11213392524377379 -0.14287910640769669 -0.1384245215617044 -0.17968811049235459 1.8359500589367559
0 0 0 0 0 0 0 0 0 0 0 0 0 0 0 0 0 0 0 0 0 0 0 0 0 0 0 0 0 0 0 0 0 0 0 0 0 0 0 0 0 0 0 0 0 0 0 0 0 0 0 0 0 0 0 0 0 0 0 0 0 0 0 0 0 0 0 0 0 0 0 0 0 0 0 0 0 0 0 0 0 0 0 0 0 0 0 0 0 0 0 0 0 0 0 0 0 0 0 0 0 0 0 0 0 0 0 0 0 0 0 0 0 0 0 0 0 0 0 0 0 0 0 0 0 0 0 0 0 0 0 0 0 0 0 0 0 0 0 0 0 0 0 0 0 0 0 0 0 -0.017879612225884484 -0.017838896647920155 -0.017885743510879737 -0.018417068284316149 -0.018732511490057276 -0.01884436310818003 -0.018972684745738277 -0.019123278568958305 -0.019306329223423645 -0.01930486856173029 -0.019730186573964695 -0.030220857286866097 -0.020353071460683873 -0.025806148505751771 -0.027631234653843862 -0.032126182479621818 -0.025106190870405797 -0.022404366169597397 -0.024193806816004311 -0.021520686983310226 -0.021115015882012318 -0.026504997761984551 -0.02593581038739164 -0.024662667827579313 -0.022567280826437549 -0.031762438907018846 -0.027067437466039488 -0.027834248712490472 -0.027895055637241772 -0.020811524967545687 -0.020733261322279921 -0.024466394918003946 -0.026145366056452228 -0.035621707749451316 -0.036677028466207004 -0.034062631547794917 -0.040113688223543977 -0.033719780520953119 -0.036293490486763454 -0.040393620037488163 -0.033693562299029173 -0.036475953978423299 -0.053416126291502393 -0.047033939991704299 -0.050469689205407037 -0.061170445437891068 -0.062483786010336689 -0.078306205904097897 -0.085135147689917617 -0.076710290117749394 -0.075575668616102265 -0.096218369866204842 -0.084055532260159632 -0.077845321260143291 -0.091501206317517861 -0.11658925312256295 -0.11295431493444499 -0.14662537528426159 -0.13661017497500275 1.6988356945436511
0 0 0 0 0 0 0 0 0 0 0 0 0 0 0 0 0 0 0 0 0 0 0 0 0 0 0 0 0 0 0 0 0 0 0 0 0 0 0 0 0 0 0 0 0 0 0 0 0 0 0 0 0 0 0 0 0 0 0 0 0 0 0 0 0 0 0 0 0 0 0 0 0 0 0 0 0 0 0 0 0 0 0 0 0 0 0 0 0 0 0 0 0 0 0 0 0 0 0 0 0 0 0 0 0 0 0 0 0 0 0 0 0 0 0 0 0 0 0 0 0 0 0 0 0 0 0 0 0 0 0 0 0 0 0 0 0 0 0 0 0 0 0 0 0 0 0 0 0 -0.02239973504002515 -0.022348726206787742 -0.022407416367655034 -0.02307306470469796 -0.023468254719980309 -0.023608383408349674 -0.023769145881545019 -0.023957811144312609 -0.024187138609984175 -0.02418530868020086 -0.024718150816900313 -0.037860955112229873 -0.025498506467049781 -0.032330169224564519 -0.034616653160905078 -0.040247963227596474 -0.031453256158837574 -0.02806838647273309 -0.030310213411874423 -0.02696130543634696 -0.026453077122015996 -0.033205693703214939 -0.032492610767303191 -0.030897606600114511 -0.028272487383943053 -0.039792262089008913 -0.033910323098285129 -0.034870990954457018 -0.034947170403196677 -0.026072861042090296 -0.025974811660755517 -0.030651714177254489 -0.032755143947766463 -0.044627187949068642 -0.045949303000499965 -0.042673963607114264 -0.050254780491537622 -0.042244436833129569 -0.045468803255380767 -0.050605481523663835 -0.042211590414710384 -0.045697395118339451 -0.066920191594653303 -0.058924532612485279 -0.063228869366473595 -0.076634870643645867 -0.078280235233684603 -0.098102701673936379 -0.1066580598480175 -0.09610332437711254 -0.094681860606731158 -0.12054321781465371 -0.10530550816702117 -0.097525301349022694 -0.11463351394098055 -0.14606403905557314 -0.14151015660711252 -0.18369355638246068 -0.17114642557973567 -0.16468962944237853 1.8356337090956834
0 0 0 0 0 0 0 0 0 0 0 0 0 0 0 0 0 0 0 0 0 0 0 0 0 0 0 0 0 0 0 0 0 0 0 0 0 0 0 0 0 0 0 0 0 0 0 0 0 0 0 0 0 0 0 0 0 0 0 0 0 0 0 0 0 0 0 0 0 0 0 0 0 0 0 0 0 0 0 0 0 0 0 0 0 0 0 0 0 0 0 0 0 0 0 0 0 0 0 0 0 0 0 0 0 0 0 0 0 0 0 0 0 0 0 0 0 0 0 0 0 0 0 0 0 0 0 0 0 0 0 0 0 0 0 0 0 0 0 0 0 0 0 0 0 0 0 0 0 -0.017616387609519665 -0.01757627144849435 -0.017622428629407404 -0.018145931210847774 -0.018456730444685779 -0.018566935377248902 -0.018693367856732018 -0.018841744629556349 -0.019022100402405758 -0.019020661244653087 -0.019439717702151818 -0.029775944194512894 -0.020053432443944301 -0.025426228994387658 -0.027224446125686103 -0.031653219086927573 -0.024736576173133868 -0.022074527881419927 -0.023837624286034035 -0.02120385826781588 -0.02080415947837012 -0.026114789754145346 -0.025553981986806997 -0.024299582700486547 -0.022235044099889113 -0.031294830566835241 -0.026668949190513543 -0.027424471400402082 -0.027484383122326903 -0.020505136573529682 -0.020428025129873115 -0.02410619933128107 -0.02576045256599593 -0.03509728304503925 -0.036137067273235207 -0.033561159647386582 -0.039523132340108839 -0.033223356091868661 -0.035759175760629917 -0.039798942982776642 -0.033197523856023377 -0.035938953014914413 -0.05262973119674013 -0.046341503788169612 -0.049726671716479785 -0.060269890838063903 -0.061563896339704625 -0.077153377713668925 -0.083881783449877526 -0.075580957085674985 -0.074463039543025425 -0.094801837830993316 -0.082818062176756552 -0.076699278238322011 -0.090154120618711461 -0.11487281984439374 -0.11129139541250331 -0.14446674859422368 -0.13459899260455782 -0.12952101184862161 -0.16179286836307621 1.6770875514704637
0 0 0 0 0 0 0 0 0 0 0 0 0 0 0 0 0 0 0 0 0 0 0 0 0 0 0 0 0 0 0 0 0 0 0 0 0 0 0 0 0 0 0 0 0 0 0 0 0 0 0 0 0 0 0 0 0 0 0 0 0 0 0 0 0 0 0 0 0 0 0 0 0 0 0 0 0 0 0 0 0 0 0 0 0 0 0 0 0 0 0 0 0 0 0 0 0 0 0 0 0 0 0 0 0 0 0 0 0 0 0 0 0 0 0 0 0 0 0 0 0 0 0 0 0 0 0 0 0 0 0 0 0 0 0 0 0 0 0 0 0 0 0 0 0 0 0 0 0 -0.016542470955543141 -0.016504800325028126 -0.016548143707427628 -0.017039732927680417 -0.017331585457991197 -0.017435072162330967 -0.01755379716237283 -0.017693128704645882 -0.017862489767775592 -0.017861138342848668 -0.018254648603326418 -0.027960766016830021 -0.018830950539690042 -0.023876214804749496 -0.025564810408208214 -0.029723599923059608 -0.023228604067640778 -0.020728837513677597 -0.022384453393143555 -0.019911244990500971 -0.019535912330824846 -0.024522800053773584 -0.02399617981763473 -0.022818250254516573 -0.020879568466060167 -0.029387059207911417 -0.02504317724937577 -0.025752641896178818 -0.025808901325852202 -0.019255118230013073 -0.019182707594796889 -0.022636655773327772 -0.024190063696391866 -0.032957709506646719 -0.033934107209524035 -0.031515230080495275 -0.037113753585608401 -0.031198019445165277 -0.033579252428270277 -0.037372750472297864 -0.031173761974185855 -0.033748070240039493 -0.049421358056948535 -0.043516468724704375 -0.046695272652897732 -0.056595764170378336 -0.057810885505222627 -0.072450012922093618 -0.07876824676977634 -0.070973448989405663 -0.069923681075012525 -0.089022601205922175 -0.07776937125366977 -0.072023595909233254 -0.084658214550839592 -0.10787003147173101 -0.10450693507778011 -0.13565987792923437 -0.12639367248044098 -0.12162525167647965 -0.15192977612865957 -0.14543880455994634 1.6344627132268352
0 0 0 0 0 0 0 0 0 0 0 0 0 0 0 0 0 0 0 0 0 0 0 0 0 0 0 0 0 0 0 0 0 0 0 0 0 0 0 0 0 0 0 0 0 0 0 0 0 0 0 0 0 0 0 0 0 0 0 0 0 0 0 0 0 0 0 0 0 0 0 0 0 0 0 0 0 0 0 0 0 0 0 0 0 0 0 0 0 0 0 0 0 0 0 0 0 0 0 0 0 0 0 0 0 0 0 0 0 0 0 0 0 0 0 0 0 0 0 0 0 0 0 0 0 0 0 0 0 0 0 0 0 0 0 0 0 0 0 0 0 0 0 0 0 0 0 0 0 -0.015885295158806097 -0.015849121053610256 -0.015890742551659277 -0.016362802613398692 -0.016643060840799261 -0.016742436372294656 -0.016856444834117933 -0.016990241210723494 -0.017152874138018574 -0.017151576400583034 -0.017529453844195658 -0.026849980407240136 -0.018082861275547351 -0.022927694445878236 -0.02454920792091422 -0.028542782951168685 -0.022305811068562626 -0.019905351690726429 -0.021495195613415095 -0.019120239322374447 -0.018759817345650697 -0.023548593074244641 -0.023042893659075372 -0.021911759209047435 -0.020050094617861825 -0.028219611847682437 -0.024048297463525482 -0.024729577506240774 -0.024783601941178582 -0.018490178234163816 -0.018420644225845054 -0.021737378855552533 -0.023229075194400286 -0.031648412421473177 -0.032586021182841589 -0.030263237769723852 -0.035639351082616032 -0.02995862882809425 -0.032245263568464355 -0.035888058908751928 -0.029935335023477283 -0.032407374825917316 -0.047458016519631011 -0.041787708246164942 -0.044840229165623129 -0.054347408014242302 -0.055514256734100945 -0.069571821683698409 -0.075639053708617732 -0.068153916586289984 -0.06714585236098726 -0.085486037712337287 -0.074679860100667975 -0.069162344760436145 -0.081295033213101262 -0.10358472403084393 -0.10035523195502127 -0.13027057492831354 -0.12137248413209534 -0.11679349637894205 -0.14589412571441765 -0.13966101824736885 -0.14699467693678112 1.6054042330099612
0 0 0 0 0 0 0 0 0 0 0 0 0 0 0 0 0 0 0 0 0 0 0 0 0 0 0 0 0 0 0 0 0 0 0 0 0 0 0 0 0 0 0 0 0 0 0 0 0 0 0 0 0 0 0 0 0 0 0 0 0 0 0 0 0 0 0 0 0 0 0 0 0 0 0 0 0 0 0 0 0 0 0 0 0 0 0 0 0 0 0 0 0 0 0 0 0 0 0 0 0 0 0 0 0 0 0 0 0 0 0 0 0 0 0 0 0 0 0 0 0 0 0 0 0 0 0 0 0 0 0 0 0 0 0 0 0 0 0 0 0 0 0 0 0 0 0 0 0 -0.029887274252551766 -0.029819214742672864 -0.029897523210633412 -0.030785677216454539 -0.031312967041420323 -0.031499936419961148 -0.03171443681995767 -0.0319661670498078 -0.03227215160042813 -0.032269709981666943 -0.032980664778427461 -0.05051670240209756 -0.034021869207357676 -0.043137145708170802 -0.046187930565998681 -0.053701613565535558 -0.041967107703517192 -0.037450780682817077 -0.040441981089302297 -0.035973636667714547 -0.035295523333508494 -0.044305330964000182 -0.043353886438770146 -0.041225721668361567 -0.037723106221385555 -0.053093585618695739 -0.045245496190920699 -0.046527285624219421 -0.046628929508528857 -0.034788212767752749 -0.034657388508224314 -0.040897635007267355 -0.043704176348487882 -0.059544677781711769 -0.061308735037966591 -0.056938550902061902 -0.067053400603559424 -0.05636544660105347 -0.060667619076777222 -0.06752133015313555 -0.05632162064000211 -0.060972622135420956 -0.089289543632946097 -0.078621182940154383 -0.084364326455553612 -0.10225153967861209 -0.10444689880496208 -0.13089540320928642 -0.14231055323765524 -0.12822769586820967 -0.12633108068639601 -0.16083709042424793 -0.14050588532714403 -0.130124995798958 -0.15295195517116372 -0.1948887335447915 -0.18881262892088507 -0.24509663566195095 -0.22835538677156872 -0.21974028321765382 -0.27449145284821402 -0.2627642176630367 -0.27656207702503954 -0.29570492229305184 1.9568948978600036
0 0 0 0 0 0 0 0 0 0 0 0 0 0 0 0 0 0 0 0 0 0 0 0 0 0 0 0 0 0 0 0 0 0 0 0 0 0 0 0 0 0 0 0 0 0 0 0 0 0 0 0 0 0 0 0 0 0 0 0 0 0 0 0 0 0 0 0 0 0 0 0 0 0 0 0 0 0 0 0 0 0 0 0 0 0 0 0 0 0 0 0 0 0 0 0 0 0 0 0 0 0 0 0 0 0 0 0 0 0 0 0 0 0 0 0 0 0 0 0 0 0 0 0 0 0 0 0 0 0 0 0 0 0 0 0 0 0 0 0 0 0 0 0 0 0 0 0 0 0 0 0 0 0 0 0 0 0 0 0 -0.018906307048873233 -0.00019547326428357814 -0.016972299929566385 -0.018045866650771462 -0.019986814890579328 -0.016495698742544085 -0.00079943924590081608 -0.015889365630011764 -0.00061708800974746782 -0.00060545572436987915 -0.017396303171276641 -0.017022722451949513 -0.016187107442673234 -0.00083777586265377873 -0.020027416063536373 -0.017747158225033321 -0.018249929148087856 -0.018289798090839679 -0.00065335763994344397 -0.00065090062871314941 -0.016032151690469162 -0.017132335026255305 -0.021898029714496205 -0.022435680104775868 -0.021604097014981814 -0.024217026575925026 -0.021727367600287508 -0.023002084634626368 -0.024639597302836838 -0.021940516593531377 -0.023348674001376742 -0.032011407238148576 -0.028186667802764149 -0.03024565588152878 -0.036658443354076892 -0.037445506790266876 -0.046927623182385893 -0.051020095843516883 -0.04597121706121144 -0.045291257029064239 -0.057662088874981809 -0.050373100046893667 -0.04665142258433299 -0.054835170229814739 -0.069870024661292551 -0.067691665901422032 -0.087870179392202499 -0.081868234325618613 -0.078779613003989682 -0.098408585406556656 -0.094204226351552997 -0.0991509298185064 -0.10601387693009995 -0.1796525822818611 1.4482443794626911
0 0 0 0 0 0 0 0 0 0 0 0 0 0 0 0 0 0 0 0 0 0 0 0 0 0 0 0 0 0 0 0 0 0 0 0 0 0 0 0 0 0 0 0 0 0 0 0 0 0 0 0 0 0 0 0 0 0 0 0 0 0 0 0 0 0 0 0 0 0 0 0 0 0 0 0 0 0 0 0 0 0 0 0 0 0 0 0 0 0 0 0 0 0 0 0 0 0 0 0 0 0 0 0 0 0 0 0 0 0 0 0 0 0 0 0 0 0 0 0 0 0 0 0 0 0 0 0 0 0 0 0 0 0 0 0 0 0 0 0 0 0 0 0 0 0 0 0 0 0 0 0 0 0 0 0 0 0 0 0 -0.013406516272203043 -0.00013861064943164659 -0.00017574777402130451 -0.00018817716959162282 -0.013829933520867256 -0.00034700678660777866 -0.0003096633476032505 -0.0003343962133629549 -0.00029744952048751651 -0.0002918425120007479 -0.00036634048350498452 -0.00035847342462477197 -0.00034087660514488732 -0.00031191508271725932 -0.013160800375072395 -0.0005398910497468719 -0.0005551859785455016 -0.00055639884232243928 -0.00041510970795293265 -0.00041354864988627724 -0.00048801027627295247 -0.00052149927912257729 -0.013659744170900805 -0.013995124425670658 -0.0011138169880043733 -0.014886076214988397 -0.00133707311159609 -0.0014391271089581265 -0.014708869276768606 -0.0015543661560269899 -0.0016827246662040557 -0.018589223034568166 -0.016368173085575827 -0.017563840253124172 -0.021287785773970207 -0.021744838400518354 -0.027251162291296333 -0.029627686587609441 -0.026695771315639102 -0.02630091430113415 -0.033484733200318251 -0.029251972109440746 -0.027090770888278225 -0.031843123982558841 -0.040573957345794845 -0.039308970882212392 -0.051026759013035057 -0.047541392229442397 -0.045747810641793708 -0.057146476849001905 -0.054704979428740926 -0.057577560860383709 -0.061562916879965901 -0.10432537051335157 -0.052759412097422201 1.3177539975191821
0 0 0 0 0 0 0 0 0 0 0 0 0 0 0 0 0 0 0 0 0 0 0 0 0 0 0 0 0 0 0 0 0 0 0 0 0 0 0 0 0 0 0 0 0 0 0 0 0 0 0 0 0 0 0 0 0 0 0 0 0 0 0 0 0 0 0 0 0 0 0 0 0 0 0 0 0 0 0 0 0 0 0 0 0 0 0 0 0 0 0 0 0 0 0 0 0 0 0 0 0 0 0 0 0 0 0 0 0 0 0 0 0 0 0 0 0 0 0 0 0 0 0 0 0 0 0 0 0 0 0 0 0 0 0 0 0 0 0 0 0 0 0 0 0 0 0 0 0 0 0 0 0 0 0 0 0 0 0 0 -0.019087433118244308 -0.00019734593587064669 -0.01713489783758132 -0.018218749535112651 -0.020178292433550533 -0.016653730719230143 -0.00080709802812289346 -0.016041588818492058 -0.0006229998319437673 -0.00061125610702789123 -0.017562963112155258 -0.01718580341745703 -0.016342183055165618 -0.00084580191706113772 -0.020219282573578266 -0.017917179425022568 -0.018424766990525324 -0.01846501788544052 -0.00065961693219499754 -0.00065713638232305343 -0.016185742796958905 -0.017296466101374686 -0.022107817064238318 -0.02265061824899104 -0.021811068432747924 -0.024449030363031282 -0.021935519974045657 -0.023222449043521668 -0.024875649399039763 -0.022150710975770458 -0.023572358803277758 -0.03231808269587267 -0.028456701518739747 -0.030535415100566805 -0.037009638314406082 -0.037804241970172937 -0.047377198866838444 -0.051508878205677275 -0.046411630190490785 -0.045725156010041693 -0.05821450281191129 -0.050855684064488121 -0.047098352213765425 -0.055360501740689953 -0.070539392978490753 -0.068340165121404173 -0.088711992664729997 -0.0826525478063765 -0.079534336896557964 -0.099351358642018522 -0.095106721016063295 -0.10010081485666272 -0.10702951032574559 -0.18137368868286313 -0.11221571861645328 -0.063032224463823033 1.4468022693178371
0 0 0 0 0 0 0 0 0 0 0 0 0 0 0 0 0 0 0 0 0 0 0 0 0 0 0 0 0 0 0 0 0 0 0 0 0 0 0 0 0 0 0 0 0 0 0 0 0 0 0 0 0 0 0 0 0 0 0 0 0 0 0 0 0 0 0 0 0 0 0 0 0 0 0 0 0 0 0 0 0 0 0 0 0 0 0 0 0 0 0 0 0 0 0 0 0 0 0 0 0 0 0 0 0 0 0 0 0 0 0 0 0 0 0 0 0 0 0 0 0 0 0 0 0 0 0 0 0 0 0 0 0 0 0 0 0 0 0 0 0 0 0 0 0 0 0 0 0 0 0 0 0 0 0 0 0 0 0 0 -0.013946158173212075 -0.00014419003432483322 -0.00018282201023191538 -0.013158905923112099 -0.014574230317530671 -0.00051476634760480567 -0.00045936931663811037 -0.00049605922434102316 -0.00044125074542483689 -0.00043293304274259563 -0.00054344687179502024 -0.00053177650302284882 -0.00050567254528279557 -0.00046270964744761484 -0.013883948095295664 -0.00072741330554954736 -0.00074802067572316358 -0.00074965480773845662 -0.00043812084291871173 -0.00043647324937198199 -0.00065742311048781147 -0.00070253782526120035 -0.014420672406721843 -0.014774735317798713 -0.014227106719552966 -0.015947818660831104 -0.0017989738688740904 -0.014945635708614883 -0.016009611787134587 -0.0022306595635503937 -0.0024148659277840288 -0.020257659160882537 -0.017837263603611795 -0.019140245331519805 -0.023198425652166454 -0.023696500063882089 -0.029697032329344498 -0.03228685650288507 -0.02909179341941498 -0.028661496854450335 -0.036490084120446277 -0.031877420571843111 -0.029522245337515029 -0.034701135763277942 -0.044215586482062287 -0.042837063852325913 -0.055606557102917537 -0.051808368646013694 -0.049853807962533053 -0.062275537180849654 -0.059614908358985245 -0.062745312219647076 -0.067088365381650014 -0.11368887197502929 -0.05806047554876731 -0.039018326623622708 -0.064878267791941668 1.328472530791744
0 0 0 0 0 0 0 0 0 0 0 0 0 0 0 0 0 0 0 0 0 0 0 0 0 0 0 0 0 0 0 0 0 0 0 0 0 0 0 0 0 0 0 0 0 0 0 0 0 0 0 0 0 0 0 0 0 0 0 0 0 0 0 0 0 0 0 0 0 0 0 0 0 0 0 0 0 0 0 0 0 0 0 0 0 0 0 0 0 0 0 0 0 0 0 0 0 0 0 0 0 0 0 0 0 0 0 0 0 0 0 0 0 0 0 0 0 0 0 0 0 0 0 0 0 0 0 0 0 0 0 0 0 0 0 0 0 0 0 0 0 0 0 0 0 0 0 0 0 0 0 0 0 0 0 0 0 0 0 0 -0.019748039099573112 -0.00020417597450493903 -0.017727927603859304 -0.018849290836327293 -0.02087665247976694 -0.017230107545616925 -0.015375874444122632 -0.016603948226531443 -0.00064963860919898609 -0.00063739273571718745 -0.01817866022194076 -0.017788278604924206 -0.016915083812880111 -0.015477946233420768 -0.021239927048318123 -0.018557317379116901 -0.01908303983393372 -0.019124728797025585 -0.00069257526832438405 -0.00068997077561156535 -0.016764027599085608 -0.0179144348657636 -0.023206438337290729 -0.023776213371467153 -0.022894943140891987 -0.025663995403870109 -0.023025579151254506 -0.024376460606824839 -0.02611181475771529 -0.022976850316706651 -0.024739487350914347 -0.033918234688892983 -0.029865666526921197 -0.032047302603011897 -0.038842081379393642 -0.039676027920548321 -0.049722966711542749 -0.054059216197404523 -0.04870959022876082 -0.047989126933352673 -0.061096853648553377 -0.053373680722209854 -0.04943031363833407 -0.058101543591117404 -0.074031981054435272 -0.071723863729126647 -0.093104353226558315 -0.08674488955650872 -0.083472287946941059 -0.10427050177424908 -0.099815701143863261 -0.10505706550752029 -0.11232881863779294 -0.19035396985110103 -0.11749132845086578 -0.066141883452960015 -0.13072949412562168 -0.080527337033073937 1.4520398683962512
0 0 0 0 0 0 0 0 0 0 0 0 0 0 0 0 0 0 0 0 0 0 0 0 0 0 0 0 0 0 0 0 0 0 0 0 0 0 0 0 0 0 0 0 0 0 0 0 0 0 0 0 0 0 0 0 0 0 0 0 0 0 0 0 0 0 0 0 0 0 0 0 0 0 0 0 0 0 0 0 0 0 0 0 0 0 0 0 0 0 0 0 0 0 0 0 0 0 0 0 0 0 0 0 0 0 0 0 0 0 0 0 0 0 0 0 0 0 0 0 0 0 0 0 0 0 0 0 0 0 0 0 0 0 0 0 0 0 0 0 0 0 0 0 0 0 0 0 0 0 0 0 0 0 0 0 0 0 0 0 -0.013666888140559569 -0.00014130264734026502 -0.00017916102287375291 -0.00019183181336587473 -0.014098528699283562 -0.00035374610676575124 -0.00031567740992488082 -0.00034089061989458824 -0.00030322637450526401 -0.00029751047066895424 -0.00037345528903746868 -0.00036543544170889841 -0.0003474968692581387 -0.00031797287664423553 -0.013416400123221506 -0.00055037643151775728 -0.00056596840759599507 -0.00056720482675460323 -0.00042317167483815499 -0.00042158029900682653 -0.00049748806638863637 -0.00053162746894421897 -0.013925034052242727 -0.014266927824898624 -0.0011354487530569727 -0.015175183049150238 -0.0013630407990345937 -0.0014670768168877791 -0.014994534523223612 -0.0015845539551492885 -0.0017154053534440203 -0.018950249764744288 -0.016686064155958483 -0.017904952724803525 -0.021701222079316327 -0.022167151258422203 -0.027780415073794421 -0.030203094542611757 -0.027214237687778271 -0.026811712039862642 -0.034135049984169455 -0.029820083203823941 -0.027616908662491082 -0.032461558594304579 -0.041361956022427919 -0.040072401887252654 -0.052017764603948274 -0.048464707494028786 -0.046636292234489951 -0.058256335267480371 -0.055767420812697185 -0.058695791487360309 -0.06275854827025959 -0.1063515040059043 -0.053784068049967312 -0.036478932761510263 -0.060114272115147381 -0.043462388008853325 -0.070674967544566217 1.3205191502757161
0 0 0 0 0 0 0 0 0 0 0 0 0 0 0 0 0 0 0 0 0 0 0 0 0 0 0 0 0 0 0 0 0 0 0 0 0 0 0 0 0 0 0 0 0 0 0 0 0 0 0 0 0 0 0 0 0 0 0 0 0 0 0 0 0 0 0 0 0 0 0 0 0 0 0 0 0 0 0 0 0 0 0 0 0 0 0 0 0 0 0 0 0 0 0 0 0 0 0 0 0 0 0 0 0 0 0 0 0 0 0 0 0 0 0 0 0 0 0 0 0 0 0 0 0 0 0 0 0 0 0 0 0 0 0 0 0 0 0 0 0 0 0 0 0 0 0 0 0 0 0 0 -0.015918931286236983 -0.016191586990141425 -0.016288266776286527 -0.016399182547422651 -0.016529349449501695 -0.016687570657425755 -0.016686308123521398 -0.017053934941591888 -0.026121624958652931 -0.017592330171377891 -0.022305738268632913 -0.023883265187381326 -0.027768507098262118 -0.021700724629744355 -0.01936538215852953 -0.020912098620194972 -0.018601567417311102 -0.01825092255425962 -0.022909793871711839 -0.02241781248980616 -0.021317362156758144 -0.019506198665681214 -0.027454102609518399 -0.023395942853908256 -0.024058741913635918 -0.024111300835714635 -0.01798859790308311 -0.017920950133525057 -0.021147712193329619 -0.02259894350615143 -0.030789890617110745 -0.031702065004240047 -0.029442291393334201 -0.034672567675276073 -0.029145945533423492 -0.031370551071286994 -0.034914528840985934 -0.029123283616402401 -0.031528264760626153 -0.045655331252323635 -0.04020040874369369 -0.043136980137798445 -0.052283030298349784 -0.053405556453745028 -0.066929147017405127 -0.07276591619143763 -0.065565100821337083 -0.064595327756533413 -0.082238864061901035 -0.071843157401297861 -0.066535224010447647 -0.07820705420711134 -0.09965007463707462 -0.096543254308048068 -0.12532226769997568 -0.11676216947828247 -0.1123571138522414 -0.14035236037529514 -0.13435601651162613 -0.14141110733317772 -0.1511991844837981 -0.25622422948776885 -0.15624917344099745 -0.10597567827521785 -0.17463917607111415 -0.12626345399991465 -0.20531926390448277 -0.13382985379103848 1.5180609934744083
0 0 0 0 0 0 0 0 0 0 0 0 0 0 0 0 0 0 0 0 0 0 0 0 0 0 0 0 0 0 0 0 0 0 0 0 0 0 0 0 0 0 0 0 0 0 0 0 0 0 0 0 0 0 0 0 0 0 0 0 0 0 0 0 0 0 0 0 0 0 0 0 0 0 0 0 0 0 0 0 0 0 0 0 0 0 0 0 0 0 0 0 0 0 0 0 0 0 0 0 0 0 0 0 0 0 0 0 0 0 0 0 0 0 0 0 0 0 0 0 0 0 0 0 0 0 0 0 0 0 0 0 0 0 0 0 0 0 0 0 0 0 0 0 0 0 0 0 0 0 0 0 0 0 0 0 0 0 0 0 0 0 0 0 0 0 0 0 0 0 0 0 0 0 0 0 0 0 0 0 0 0 0 0 0 0 0 0 0 0 0 0 0 0 0 0 0 0 0 0 0 0 0 0 0 0 0 0 0 0 0 0 0 0 0 0 0 0 0 0 0 1.3063844801187325
0 0 0 0 0 0 0 0 0 0 0 0 0 0 0 0 0 0 0 0 0 0 0 0 0 0 0 0 0 0 0 0 0 0 0 0 0 0 0 0 0 0 0 0 0 0 0 0 0 0 0 0 0 0 0 0 0 0 0 0 0 0 0 0 0 0 0 0 0 0 0 0 0 0 0 0 0 0 0 0 0 0 0 0 0 0 0 0 0 0 0 0 0 0 0 0 0 0 0 0 0 0 0 0 0 0 0 0 0 0 0 0 0 0 0 0 0 0 0 0 0 0 0 0 0 0 0 0 0 0 0 0 0 0 0 0 0 0 0 0 0 0 0 0 0 0 0 0 0 0 0 0 0 0 0 0 0 0 0 0 0 0 0 0 0 0 0 0 0 0 0 0 0 0 0 0 0 0 0 0 0 0 0 0 0 0 0 0 0 0 0 0 0 0 0 0 0 0 0 0 0 0 0 0 0 0 0 0 0 0 0 0 0 0 0 0 0 0 0 0 0 -0.02976838745557947 1.8534831949435648
0 0 0 0 0 0 0 0 0 0 0 0 0 0 0 0 0 0 0 0 0 0 0 0 0 0 0 0 0 0 0 0 0 0 0 0 0 0 0 0 0 0 0 0 0 0 0 0 0 0 0 0 0 0 0 0 0 0 0 0 0 0 0 0 0 0 0 0 0 0 0 0 0 0 0 0 0 0 0 0 0 0 0 0 0 0 0 0 0 0 0 0 0 0 0 0 0 0 0 0 0 0 0 0 0 0 0 0 0 0 0 0 0 0 0 0 0 0 0 0 0 0 0 0 0 0 0 0 0 0 0 0 0 0 0 0 0 0 0 0 0 0 0 0 0 0 0 0 0 0 0 0 0 0 0 0 0 0 0 0 0 0 0 0 0 0 0 0 0 0 0 0 0 0 0 0 0 0 0 0 0 0 0 0 0 0 0 0 0 0 0 0 0 0 0 0 0 0 0 0 0 0 0 0 0 0 0 0 0 0 0 0 0 0 0 0 0 0 0 0 0 -0.017777843556134269 -0.0340245742596786 1.5234942309639077
0 0 0 0 0 0 0 0 0 0 0 0 0 0 0 0 0 0 0 0 0 0 0 0 0 0 0 0 0 0 0 0 0 0 0 0 0 0 0 0 0 0 0 0 0 0 0 0 0 0 0 0 0 0 0 0 0 0 0 0 0 0 0 0 0 0 0 0 0 0 0 0 0 0 0 0 0 0 0 0 0 0 0 0 0 0 0 0 0 0 0 0 0 0 0 0 0 0 0 0 0 0 0 0 0 0 0 0 0 0 0 0 0 0 0 0 0 0 0 0 0 0 0 0 0 0 0 0 0 0 0 0 0 0 0 0 0 0 0 0 0 0 0 0 0 0 0 0 0 0 0 0 0 0 0 0 0 0 0 0 0 0 0 0 0 0 0 0 0 0 0 0 0 0 0 0 0 0 0 0 0 0 0 0 0 0 0 0 0 0 0 0 0 0 0 0 0 0 0 0 0 0 0 0 0 0 0 0 0 0 0 0 0 0 0 0 0 0 0 0 0 -0.026417167915374788 -0.050559163074474001 -0.037863426383394294 1.7667277110006929
0 0 0 0 0 0 0 0 0 0 0 0 0 0 0 0 0 0 0 0 0 0 0 0 0 0 0 0 0 0 0 0 0 0 0 0 0 0 0 0 0 0 0 0 0 0 0 0 0 0 0 0 0 0 0 0 0 0 0 0 0 0 0 0 0 0 0 0 0 0 0 0 0 0 0 0 0 0 0 0 0 0 0 0 0 0 0 0 0 0 0 0 0 0 0 0 0 0 0 0 0 0 0 0 0 0 0 0 0 0 0 0 0 0 0 0 0 0 0 0 0 0 0 0 0 0 0 0 0 0 0 0 0 0 0 0 0 0 0 0 0 0 0 0 0 0 0 0 0 0 0 0 0 0 0 0 0 0 0 0 0 0 0 0 0 0 0 0 0 0 0 0 0 0 0 0 0 0 0 0 0 0 0 0 0 0 0 0 0 0 0 0 0 0 0 0 0 0 0 0 0 0 0 0 0 0 0 0 0 0 0 0 0 0 0 0 0 0 0 0 0 0 -0.022338984120691682 -0.016729519028780202 -0.021795429049118482 1.3302441419649198
0 0 0 0 0 0 0 0 0 0 0 0 0 0 0 0 0 0 0 0 0 0 0 0 0 0 0 0 0 0 0 0 0 0 0 0 0 0 0 0 0 0 0 0 0 0 0 0 0 0 0 0 0 0 0 0 0 0 0 0 0 0 0 0 0 0 0 0 0 0 0 0 0 0 0 0 0 0 0 0 0 0 0 0 0 0 0 0 0 0 0 0 0 0 0 0 0 0 0 0 0 0 0 0 0 0 0 0 0 0 0 0 0 0 0 0 0 0 0 0 0 0 0 0 0 0 0 0 0 0 0 0 0 0 0 0 0 0 0 0 0 0 0 0 0 0 0 0 0 0 0 0 0 0 0 0 0 0 0 0 0 0 0 0 0 0 0 0 0 0 0 0 0 0 0 0 0 0 0 0 0 0 0 0 0 0 0 0 0 0 0 0 0 0 0 0 0 0 0 0 0 0 0 0 0 0 0 0 0 0 0 0 0 0 0 0 0 0 0 0 0 0 -0.021563544492891541 -0.016148797365751102 -0.021038857519353232 -0.00090992335841782481 1.3164021021835
0 0 0 0 0 0 0 0 0 0 0 0 0 0 0 0 0 0 0 0 0 0 0 0 0 0 0 0 0 0 0 0 0 0 0 0 0 0 0 0 0 0 0 0 0 0 0 0 0 0 0 0 0 0 0 0 0 0 0 0 0 0 0 0 0 0 0 0 0 0 0 0 0 0 0 0 0 0 0 0 0 0 0 0 0 0 0 0 0 0 0 0 0 0 0 0 0 0 0 0 0 0 0 0 0 0 0 0 0 0 0 0 0 0 0 0 0 0 0 0 0 0 0 0 0 0 0 0 0 0 0 0 0 0 0 0 0 0 0 0 0 0 0 0 0 0 0 0 0 0 0 0 0 0 0 0 0 0 0 0 0 0 0 0 0 0 0 0 0 0 0 0 0 0 0 0 0 0 0 0 0 0 0 0 0 0 0 0 0 0 0 0 0 0 0 0 0 0 0 0 0 0 0 0 0 0 0 0 0 0 0 0 0 0 0 0 0 0 0 0 0 -0.031544618317660575 -0.06037246334480964 -0.045212542740733073 -0.058903472702390838 -0.035530595170321901 -0.034682439970956505 1.8940641305205765
0 0 0 0 0 0 0 0 0 0 0 0 0 0 0 0 0 0 0 0 0 0 0 0 0 0 0 0 0 0 0 0 0 0 0 0 0 0 0 0 0 0 0 0 0 0 0 0 0 0 0 0 0 0 0 0 0 0 0 0 0 0 0 0 0 0 0 0 0 0 0 0 0 0 0 0 0 0 0 0 0 0 0 0 0 0 0 0 0 0 0 0 0 0 0 0 0 0 0 0 0 0 0 0 0 0 0 0 0 0 0 0 0 0 0 0 0 0 0 0 0 0 0 0 0 0 0 0 0 0 0 0 0 0 0 0 0 0 0 0 0 0 0 0 0 0 0 0 0 0 0 0 0 0 0 0 0 0 0 0 0 0 0 0 0 0 0 0 0 0 0 0 0 0 0 0 0 0 0 0 0 0 0 0 0 0 0 0 0 0 0 0 0 0 0 0 0 0 0 0 0 0 0 0 0 0 0 0 0 0 0 0 0 0 0 0 0 0 0 0 0 -0.016726152596716296 -0.032011768992608387 -0.023973404323731583 -0.031232854459523243 -0.018839668646053433 -0.018389944602877004 -0.036449156247209749 1.4899927833004936
0 0 0 0 0 0 0 0 0 0 0 0 0 0 0 0 0 0 0 0 0 0 0 0 0 0 0 0 0 0 0 0 0 0 0 0 0 0 0 0 0 0 0 0 0 0 0 0 0 0 0 0 0 0 0 0 0 0 0 0 0 0 0 0 0 0 0 0 0 0 0 0 0 0 0 0 0 0 0 0 0 0 0 0 0 0 0 0 0 0 0 0 0 0 0 0 0 0 0 0 0 0 0 0 0 0 0 0 0 0 0 0 0 0 0 0 0 0 0 0 0 0 0 0 0 0 0 0 0 0 0 0 0 0 0 0 0 0 0 0 0 0 0 0 0 0 0 0 0 0 0 0 0 0 0 0 0 0 0 0 0 0 0 0 0 0 0 0 0 0 0 0 0 0 0 0 0 0 0 0 0 0 0 0 0 0 0 0 0 0 0 0 0 0 0 0 0 0 0 0 0 0 0 0 0 0 0 0 0 0 0 0 0 0 0 0 0 0 0 0 0 -0.027481737956592277 -0.052596617297066675 -0.039389262518240868 -0.051316829553588406 -0.030954329390819532 -0.03021541479370022 -0.059887422103356042 -0.041831115527153621 1.7915964042031804
0 0 0 0 0 0 0 0 0 0 0 0 0 0 0 0 0 0 0 0 0 0 0 0 0 0 0 0 0 0 0 0 0 0 0 0 0 0 0 0 0 0 0 0 0 0 0 0 0 0 0 0 0 0 0 0 0 0 0 0 0 0 0 0 0 0 0 0 0 0 0 0 0 0 0 0 0 0 0 0 0 0 0 0 0 0 0 0 0 0 0 0 0 0 0 0 0 0 0 0 0 0 0 0 0 0 0 0 0 0 0 0 0 0 0 0 0 0 0 0 0 0 0 0 0 0 0 0 0 0 0 0 0 0 0 0 0 0 0 0 0 0 0 0 0 0 0 0 0 0 0 0 0 0 0 0 0 0 0 0 0 0 0 0 0 0 0 0 0 0 0 0 0 0 0 0 0 0 0 0 0 0 0 0 0 0 0 0 0 0 0 0 0 0 0 0 0 0 0 0 0 0 0 0 0 0 0 0 0 0 0 0 0 0 0 0 0 0 0 0 0 0 -0.021885101822928469 -0.016389609546046666 -0.021352590674548543 -0.00092349220957619747 -0.00090144741366522012 -0.024480759163435211 -0.017099708566361688 -0.02376506227414717 1.3216006966647014
0 0 0 0 0 0 0 0 0 0 0 0 0 0 0 0 0 0 0 0 0 0 0 0 0 0 0 0 0 0 0 0 0 0 0 0 0 0 0 0 0 0 0 0 0 0 0 0 0 0 0 0 0 0 0 0 0 0 0 0 0 0 0 0 0 0 0 0 0 0 0 0 0 0 0 0 0 0 0 0 0 0 0 0 0 0 0 0 0 0 0 0 0 0 0 0 0 0 0 0 0 0 0 0 0 0 0 0 0 0 0 0 0 0 0 0 0 0 0 0 0 0 0 0 0 0 0 0 0 0 0 0 0 0 0 0 0 0 0 0 0 0 0 0 0 0 0 0 0 0 0 0 0 0 0 0 0 0 0 0 0 0 0 0 0 0 0 0 0 0 0 0 0 0 0 0 0 0 0 0 0 0 0 0 0 0 0 0 0 0 0 0 0 0 0 0 0 0 0 0 0 0 0 0 0 0 0 0 0 0 0 0 0 0 0 0 0 0 0 0 0 0 -0.025266181854595948 -0.018921678257050586 -0.024651401826455328 -0.0010661646583709065 -0.0010407141109190017 -0.02826284830504646 -0.019741482118472278 -0.027436581746917849 -0.0023251104306996617 1.3810023656915953
0 0 0 0 0 0 0 0 0 0 0 0 0 0 0 0 0 0 0 0 0 0 0 0 0 0 0 0 0 0 0 0 0 0 0 0 0 0 0 0 0 0 0 0 0 0 0 0 0 0 0 0 0 0 0 0 0 0 0 0 0 0 0 0 0 0 0 0 0 0 0 0 0 0 0 0 0 0 0 0 0 0 0 0 0 0 0 0 0 0 0 0 0 0 0 0 0 0 0 0 0 0 0 0 0 0 0 0 0 0 0 0 0 0 0 0 0 0 0 0 0 0 0 0 0 0 0 0 0 0 0 0 0 0 0 0 0 0 0 0 0 0 0 0 0 0 0 0 0 0 0 0 0 0 0 0 0 0 0 0 0 0 0 0 0 0 0 0 0 0 0 0 0 0 0 0 0 0 0 0 0 0 0 0 0 0 0 0 0 0 0 0 0 0 0 0 0 0 0 0 0 0 0 0 0 0 0 0 0 0 0 0 0 0 0 0 0 0 0 0 0 -0.035805618827948839 -0.068527486636868376 -0.051319786320278005 -0.066860066905407634 -0.040330015554078349 -0.039367292801512854 -0.078026586666689421 -0.054501246612530425 -0.075745473365165322 -0.043336589994901885 -0.047952684935233851 1.9888968732462995
0 0 0 0 0 0 0 0 0 0 0 0 0 0 0 0 0 0 0 0 0 0 0 0 0 0 0 0 0 0 0 0 0 0 0 0 0 0 0 0 0 0 0 0 0 0 0 0 0 0 0 0 0 0 0 0 0 0 0 0 0 0 0 0 0 0 0 0 0 0 0 0 0 0 0 0 0 0 0 0 0 0 0 0 0 0 0 0 0 0 0 0 0 0 0 0 0 0 0 0 0 0 0 0 0 0 0 0 0 0 0 0 0 0 0 0 0 0 0 0 0 0 0 0 0 0 0 0 0 0 0 0 0 0 0 0 0 0 0 0 0 0 0 0 0 0 0 0 0 0 0 0 0 0 0 0 0 0 0 0 0 0 0 0 0 0 0 0 0 0 0 0 0 0 0 0 0 0 0 0 0 0 0 0 0 0 0 0 0 0 0 0 0 0 0 0 0 0 0 0 0 0 0 0 0 0 0 0 0 0 0 0 0 0 0 0 0 0 0 0 0 0 -0.022273777905361031 -0.016680686520807772 -0.021731809439913357 -0.00093989329087247402 -0.00091745698273632958 -0.024915533725765143 -0.017403396791807586 -0.024187126168490294 -0.0020497356362303601 -0.0022680678654281726 -0.029407471268610732 1.3281860251783322
0 0 0 0 0 0 0 0 0 0 0 0 0 0 0 0 0 0 0 0 0 0 0 0 0 0 0 0 0 0 0 0 0 0 0 0 0 0 0 0 0 0 0 0 0 0 0 0 0 0 0 0 0 0 0 0 0 0 0 0 0 0 0 0 0 0 0 0 0 0 0 0 0 0 0 0 0 0 0 0 0 0 0 0 0 0 0 0 0 0 0 0 0 0 0 0 0 0 0 0 0 0 0 0 0 0 0 0 0 0 0 0 0 0 0 0 0 0 0 0 0 0 0 0 0 0 0 0 0 0 0 0 0 0 0 0 0 0 0 0 0 0 0 0 0 0 0 0 0 0 0 0 0 0 0 0 0 0 0 0 0 0 0 0 0 0 0 0 0 0 0 0 0 0 0 0 0 0 0 0 0 0 0 0 0 0 0 0 0 0 0 0 0 0 0 0 0 0 0 0 0 0 0 0 0 0 0 0 0 0 0 0 0 0 0 0 0 0 0 0 0 -0.019090146347751007 -0.036536158054617608 -0.027361689686107814 -0.035647155497514647 -0.021502376563687448 -0.020989090692911268 -0.041600704225780723 -0.029057919064812365 -0.040384504417277735 -0.023105363691392749 -0.025566483785126513 -0.050054741877476466 -0.024586699297223579 1.559278802827611
0 0 0 0 0 0 0 0 0 0 0 0 0 0 0 0 0 0 0 0 0 0 0 0 0 0 0 0 0 0 0 0 0 0 0 0 0 0 0 0 0 0 0 0 0 0 0 0 0 0 0 0 0 0 0 0 0 0 0 0 0 0 0 0 0 0 0 0 0 0 0 0 0 0 0 0 0 0 0 0 0 0 0 0 0 0 0 0 0 0 0 0 0 0 0 0 0 0 0 0 0 0 0 0 0 0 0 0 0 0 0 0 0 0 0 0 0 0 0 0 0 0 0 0 0 0 0 0 0 0 0 0 0 0 0 0 0 0 0 0 0 0 0 0 0 0 0 0 0 0 0 0 0 0 0 0 0 0 0 0 0 0 0 0 0 0 0 0 0 0 0 0 0 0 0 0 0 0 0 0 0 0 0 0 0 0 0 0 0 0 0 0 0 0 0 0 0 0 0 0 0 0 0 0 0 0 0 0 0 0 0 0 0 0 0 0 0 0 0 0 0 0 -0.026421010822250204 -0.019786522114093513 -0.025778131345236724 -0.0011148953228955871 -0.0010882815197682 -0.029554644434707893 -0.020643796348063528 -0.028690612116726237 -0.002431383111464003 -0.018549309737186555 -0.035265313741614915 -0.0032785348215484868 -0.02516624769412314 1.4000907832642191
0 0 0 0 0 0 0 0 0 0 0 0 0 0 0 0 0 0 0 0 0 0 0 0 0 0 0 0 0 0 0 0 0 0 0 0 0 0 0 0 0 0 0 0 0 0 0 0 0 0 0 0 0 0 0 0 0 0 0 0 0 0 0 0 0 0 0 0 0 0 0 0 0 0 0 0 0 0 0 0 0 0 0 0 0 0 0 0 0 0 0 0 0 0 0 0 0 0 0 0 0 0 0 0 0 0 0 0 0 0 0 0 0 0 0 0 0 0 0 0 0 0 0 0 0 0 0 0 0 0 0 0 0 0 0 0 0 0 0 0 0 0 0 0 0 0 0 0 0 0 0 0 0 0 0 0 0 0 0 0 0 0 0 0 0 0 0 0 0 0 0 0 0 0 0 0 0 0 0 0 0 0 0 0 0 0 0 0 0 0 0 0 0 0 0 0 0 0 0 0 0 0 0 0 0 0 0 0 0 0 0 0 0 0 0 0 0 0 0 0 0 0 -0.027115116418847555 -0.020306333253378831 -0.026455347874041427 -0.0011441847050637497 -0.0011168717314987994 -0.030331073627579766 -0.021186128913482972 -0.029444342342037976 -0.0024952579055244253 -0.019036618106583279 -0.03619176775953644 -0.0033646651132161992 -0.025827389445563734 -0.021271235641087554 1.4117442521332433
0 0 0 0 0 0 0 0 0 0 0 0 0 0 0 0 0 0 0 0 0 0 0 0 0 0 0 0 0 0 0 0 0 0 0 0 0 0 0 0 0 0 0 0 0 0 0 0 0 0 0 0 0 0 0 0 0 0 0 0 0 0 0 0 0 0 0 0 0 0 0 0 0 0 0 0 0 0 0 0 0 0 0 0 0 0 0 0 0 0 0 0 0 0 0 0 0 0 0 0 0 0 0 0 0 0 0 0 0 0 0 0 0 0 0 0 0 0 0 0 0 0 0 0 0 0 0 0 0 0 0 0 0 0 0 0 0 0 0 0 0 0 0 0 0 0 0 0 0 0 0 0 0 0 0 0 0 0 0 0 0 0 0 0 0 0 0 0 0 0 0 0 0 0 0 0 0 0 0 0 0 0 0 0 0 0 0 0 0 0 0 0 0 0 0 0 0 0 0 0 0 0 0 0 0 0 0 0 0 0 0 0 0 0 0 0 0 0 0 0 0 0 -0.020840888261080395 -0.015607604842580189 -0.020333785053110405 -0.0008794292165271991 -0.00085843625373286248 -0.023312697852611849 -0.016283822593652346 -0.022631149326169532 -0.0019178745312509425 -0.0021221612764918156 -0.027515665521767544 -0.002558067913762614 -0.01963589659411754 -0.0032690194560803464 -0.0033764616519757202 1.302470789260777
0 0 0 0 0 0 0 0 0 0 0 0 0 0 0 0 0 0 0 0 0 0 0 0 0 0 0 0 0 0 0 0 0 0 0 0 0 0 0 0 0 0 0 0 0 0 0 0 0 0 0 0 0 0 0 0 0 0 0 0 0 0 0 0 0 0 0 0 0 0 0 0 0 0 0 0 0 0 0 0 0 0 0 0 0 0 0 0 0 0 0 0 0 0 0 0 0 0 0 0 0 0 0 0 0 0 0 0 0 0 0 0 0 0 0 0 0 0 0 0 0 0 0 0 0 0 0 0 0 0 0 0 0 0 0 0 0 0 0 0 0 0 0 0 0 0 0 0 0 0 0 0 0 0 0 0 0 0 0 0 0 0 0 0 0 0 0 0 0 0 0 0 0 0 0 0 0 0 0 0 0 0 0 0 0 0 0 0 0 0 0 0 0 0 0 0 0 0 0 0 0 0 0 0 0 0 0 0 0 0 0 0 0 0 0 0 0 0 0 0 0 -0.023464895672531995 -0.044908882384118887 -0.033631968148026423 -0.043816153607971614 -0.026429919058104927 -0.025799007215494853 -0.051134033588842547 -0.03571691001714266 -0.049639126158400361 -0.028400251030989396 -0.031425368030358579 -0.061525421265766544 -0.030221053491779393 -0.044292479774006167 -0.035246636090786813 -0.036405080092236537 -0.02974513403586897 1.6811970058776065
0 0 0 0 0 0 0 0 0 0 0 0 0 0 0 0 0 0 0 0 0 0 0 0 0 0 0 0 0 0 0 0 0 0 0 0 0 0 0 0 0 0 0 0 0 0 0 0 0 0 0 0 0 0 0 0 0 0 0 0 0 0 0 0 0 0 0 0 0 0 0 0 0 0 0 0 0 0 0 0 0 0 0 0 0 0 0 0 0 0 0 0 0 0 0 0 0 0 0 0 0 0 0 0 0 0 0 0 0 0 0 0 0 0 0 0 0 0 0 0 0 0 0 0 0 0 0 0 0 0 0 0 0 0 0 0 0 0 0 0 0 0 0 0 0 0 0 0 0 0 0 0 0 0 0 0 0 0 0 0 0 0 0 0 0 0 0 0 0 0 0 0 0 0 0 0 0 0 0 0 0 0 0 0 0 0 0 0 0 0 0 0 0 0 0 0 0 0 0 0 0 0 0 0 0 0 0 0 0 0 0 0 0 0 0 0 0 0 0 0 0 0 -0.020808492227369465 -0.015583343664923446 -0.02030217728391176 -0.00087806219137030197 -0.00085710186100131406 -0.023276459524567941 -0.016258510272071956 -0.022595970428451743 -0.0019148932990122106 -0.0021188624915555866 -0.027472893907782066 -0.0025540915355329106 -0.019605373654785922 -0.0032639379421269031 -0.0033712131249393124 -0.0027544833306433103 -0.023057308536385393 1.3016831720507356
0 0 0 0 0 0 0 0 0 0 0 0 0 0 0 0 0 0 0 0 0 0 0 0 0 0 0 0 0 0 0 0 0 0 0 0 0 0 0 0 0 0 0 0 0 0 0 0 0 0 0 0 0 0 0 0 0 0 0 0 0 0 0 0 0 0 0 0 0 0 0 0 0 0 0 0 0 0 0 0 0 0 0 0 0 0 0 0 0 0 0 0 0 0 0 0 0 0 0 0 0 0 0 0 0 0 0 0 0 0 0 0 0 0 0 0 0 0 0 0 0 0 0 0 0 0 0 0 0 0 0 0 0 0 0 0 0 0 0 0 0 0 0 0 0 0 0 0 0 0 0 0 0 0 0 0 0 0 0 0 0 0 0 0 0 0 0 0 0 0 0 0 0 0 0 0 0 0 0 0 0 0 0 0 0 0 0 0 0 0 0 0 0 0 0 0 0 0 0 0 0 0 0 0 0 0 0 0 0 0 0 0 0 0 0 0 0 0 0 0 0 0 -0.028210847372984519 -0.021126918994817244 -0.027524417359868686 -0.016733169102532038 -0.0011727483497048579 -0.031848524354525141 -0.022246061941758492 -0.030917430279510064 -0.017946631680689898 -0.01985825776172102 -0.038333227906589919 -0.01908514510871465 -0.027600332503865892 -0.02225222019683238 -0.022983579380714891 -0.003969341369299528 -0.033226677257401555 -0.0045625280697411822 1.4292583166256652
0 0 0 0 0 0 0 0 0 0 0 0 0 0 0 0 0 0 0 0 0 0 0 0 0 0 0 0 0 0 0 0 0 0 0 0 0 0 0 0 0 0 0 0 0 0 0 0 0 0 0 0 0 0 0 0 0 0 0 0 0 0 0 0 0 0 0 0 0 0 0 0 0 0 0 0 0 0 0 0 0 0 0 0 0 0 0 0 0 0 0 0 0 0 0 0 0 0 0 0 0 0 0 0 0 0 0 0 0 0 0 0 0 0 0 0 0 0 0 0 0 0 0 0 0 0 0 0 0 0 0 0 0 0 0 0 0 0 0 0 0 0 0 0 0 0 0 0 0 0 0 0 0 0 0 0 0 0 0 0 0 0 0 0 0 0 0 0 0 0 0 0 0 0 0 0 0 0 0 0 0 0 0 0 0 0 0 0 0 0 0 0 0 0 0 0 0 0 0 0 0 0 0 0 0 0 0 0 0 0 0 0 0 0 0 0 0 0 0 0 0 -0.019019665866351756 -0.036401267207723825 -0.027260670813551487 -0.035515546832278734 -0.021422990171156391 -0.020911599342702397 -0.041447115164335933 -0.028950637743503881 -0.04023540554393442 -0.023020059098844851 -0.025472092780885799 -0.049869940659110185 -0.024495925639917909 -0.035901636958047559 -0.028569453310819039 -0.029508439707346849 -0.024110165176413279 -0.043539161191655407 -0.024909501445112926 -0.03277124670128307 1.554909793074742
0 0 0 0 0 0 0 0 0 0 0 0 0 0 0 0 0 0 0 0 0 0 0 0 0 0 0 0 0 0 0 0 0 0 0 0 0 0 0 0 0 0 0 0 0 0 0 0 0 0 0 0 0 0 0 0 0 0 0 0 0 0 0 0 0 0 0 0 0 0 0 0 0 0 0 0 0 0 0 0 0 0 0 0 0 0 0 0 0 0 0 0 0 0 0 0 0 0 0 0 0 0 0 0 0 0 0 0 0 0 0 0 0 0 0 0 0 0 0 0 0 0 0 0 0 0 0 0 0 0 0 0 0 0 0 0 0 0 0 0 0 0 0 0 0 0 0 0 0 0 0 0 0 0 0 0 0 0 0 0 0 0 0 0 0 0 0 0 0 0 0 0 0 0 0 0 0 0 0 0 0 0 0 0 0 0 0 0 0 0 0 0 0 0 0 0 0 0 0 0 0 0 0 0 0 0 0 0 0 0 0 0 0 0 0 0 0 0 0 0 0 -0.041374437668583793 -0.079185511024558827 -0.059301511041498195 -0.077258758855348664 -0.04660251014605276 -0.04549005590501469 -0.090161998373653532 -0.062977781271302283 -0.087526105371430227 -0.050076694669870914 -0.055410727110386242 -0.10848459514668068 -0.05328722153400535 -0.078098640163220295 -0.06214857156482375 -0.064191195994074329 -0.052448057357073197 -0.094712931527017916 -0.054186893825489767 -0.071288944479448418 -0.088028131901765547 2.0960604300668622
0 0 0 0 0 0 0 0 0 0 0 0 0 0 0 0 0 0 0 0 0 0 0 0 0 0 0 0 0 0 0 0 0 0 0 0 0 0 0 0 0 0 0 0 0 0 0 0 0 0 0 0 0 0 0 0 0 0 0 0 0 0 0 0 0 0 0 0 0 0 0 0 0 0 0 0 0 0 0 0 0 0 0 0 0 0 0 0 0 0 0 0 0 0 0 0 0 0 0 0 0 0 0 0 0 0 0 0 0 0 0 0 0 0 0 0 0 0 0 0 0 0 0 0 0 0 0 0 0 0 0 0 0 0 0 0 0 0 0 0 0 0 0 0 0 0 0 0 0 0 0 0 0 0 0 0 0 0 0 0 0 0 0 0 0 0 0 0 0 0 0 0 0 0 0 0 0 0 0 0 0 0 0 0 0 0 0 0 0 0 0 0 0 0 0 0 0 0 0 0 0 0 0 0 0 0 0 0 0 0 0 0 0 0 0 0 0 0 0 0 0 -0.031720184257395131 -0.060708474646467885 -0.04546417940579419 -0.059231308133287745 -0.035728345615979477 -0.034875469891448165 -0.069123723791391686 -0.048282633882527376 -0.06710288637523 -0.038391868782685599 -0.04248126555475417 -0.083170951462976053 -0.040853255799214366 -0.059875212711602691 -0.04764691080906322 -0.049212912111208179 -0.040209901017508223 -0.072612748568578134 -0.041542999816662297 -0.054654481893306961 -0.06748777073721049 -0.11174125713991574 1.8823138491516225
0 0 0 0 0 0 0 0 0 0 0 0 0 0 0 0 0 0 0 0 0 0 0 0 0 0 0 0 0 0 0 0 0 0 0 0 0 0 0 0 0 0 0 0 0 0 0 0 0 0 0 0 0 0 0 0 0 0 0 0 0 0 0 0 0 0 0 0 0 0 0 0 0 0 0 0 0 0 0 0 0 0 0 0 0 0 0 0 0 0 0 0 0 0 0 0 0 0 0 0 0 0 0 0 0 0 0 0 0 0 0 0 0 0 0 0 0 0 0 0 0 0 0 0 0 0 0 0 0 0 0 0 0 0 0 0 0 0 0 0 0 0 0 0 0 0 0 0 0 0 0 0 0 0 0 0 0 0 0 0 0 0 0 0 0 0 0 0 0 0 0 0 0 0 0 0 0 0 0 0 0 0 0 0 0 0 0 0 0 0 0 0 0 0 0 0 0 0 0 0 0 0 0 0 0 0 0 0 0 0 0 0 0 0 0 0 0 0 0 0 0 -0.017852531063173683 -0.0341675168286973 -0.025587829771650219 -0.033336148358450127 -0.020108376255612445 -0.019628366737330066 -0.038903728180592213 -0.027174092502274243 -0.037766374675553209 -0.021607441635726879 -0.023909007172376148 -0.046809690085588829 -0.022992742169118955 -0.033698546205599804 -0.02681629931215556 -0.027697665153685217 -0.022630653754630255 -0.04086739657260053 -0.023380939047081991 -0.030760251196031319 -0.037982992585847419 -0.062889428634490818 -0.057423304987505391 1.5175550293993583
0 0 0 0 0 0 0 0 0 0 0 0 0 0 0 0 0 0 0 0 0 0 0 0 0 0 0 0 0 0 0 0 0 0 0 0 0 0 0 0 0 0 0 0 0 0 0 0 0 0 0 0 0 0 0 0 0 0 0 0 0 0 0 0 0 0 0 0 0 0 0 0 0 0 0 0 0 0 0 0 0 0 0 0 0 0 0 0 0 0 0 0 0 0 0 0 0 0 0 0 0 0 0 0 0 0 0 0 0 0 0 0 0 0 0 0 0 0 0 0 0 0 0 0 0 0 0 0 0 0 0 0 0 0 0 0 0 0 0 0 0 0 0 0 0 0 0 0 0 0 0 0 0 0 0 0 0 0 0 0 0 0 0 0 0 0 0 0 0 0 0 0 0 0 0 0 0 0 0 0 0 0 0 0 0 0 0 0 0 0 0 0 0 0 0 0 0 0 0 0 0 0 0 0 0 0 0 0 0 0 0 0 0 0 0 0 0 0 0 0 0 -0.029465833332654474 -0.056393928272830088 -0.04223304385959567 -0.055021743864039963 -0.033189134988283811 -0.032396873072382759 -0.0642111063429507 -0.044851191005059882 -0.062333889678198341 -0.035663361779369768 -0.039462125454229918 -0.077259998682226966 -0.037949818220091337 -0.055619886196152442 -0.044260648718911513 -0.045715354435412581 -0.037352186610587125 -0.067452166411954381 -0.038590542186112749 -0.050770192294053655 -0.062691420339760523 -0.10379981504988831 -0.094777907299789146 -0.069749885164208603 1.8252013483063201
0 0 0 0 0 0 0 0 0 0 0 0 0 0 0 0 0 0 0 0 0 0 0 0 0 0 0 0 0 0 0 0 0 0 0 0 0 0 0 0 0 0 0 0 0 0 0 0 0 0 0 0 0 0 0 0 0 0 0 0 0 0 0 0 0 0 0 0 0 0 0 0 0 0 0 0 0 0 0 0 0 0 0 0 0 0 0 0 0 0 0 0 0 0 0 0 0 0 0 0 0 0 0 0 0 0 0 0 0 0 0 0 0 0 0 0 0 0 0 0 0 0 0 0 0 0 0 0 0 0 0 0 0 0 0 0 0 0 0 0 0 0 0 0 0 0 0 0 0 0 0 0 0 0 0 0 0 0 0 0 0 0 0 0 0 0 0 0 0 0 0 0 0 0 0 0 0 0 0 0 0 0 0 0 0 0 0 0 0 0 0 0 0 0 0 0 0 0 0 0 0 0 0 0 0 0 0 0 0 0 0 0 0 0 0 0 0 0 0 0 0 0 -0.028611928941013477 -0.021427286356563893 -0.027915739758937987 -0.016971069283728265 -0.016565950805335707 -0.0325828853077402 -0.022759010016556971 -0.031630322133408231 -0.018224947328288468 -0.020166218830263996 -0.03921054549219781 -0.019387379324025813 -0.028229888770830904 -0.022608068201659726 -0.023351122969357794 -0.0040590939631461103 -0.033977980859510051 -0.0046656934794800115 -0.025832288534641954 -0.031348584917496758 -0.051904667319336448 -0.047393299740023362 -0.034878140999288557 -0.049196527088812482 1.4322510070900245
0 0 0 0 0 0 0 0 0 0 0 0 0 0 0 0 0 0 0 0 0 0 0 0 0 0 0 0 0 0 0 0 0 0 0 0 0 0 0 0 0 0 0 0 0 0 0 0 0 0 0 0 0 0 0 0 0 0 0 0 0 0 0 0 0 0 0 0 0 0 0 0 0 0 0 0 0 0 0 0 0 0 0 0 0 0 0 0 0 0 0 0 0 0 0 0 0 0 0 0 0 0 0 0 0 0 0 0 0 0 0 0 0 0 0 0 0 0 0 0 0 0 0 0 0 0 0 0 0 0 0 0 0 0 0 0 0 0 0 0 0 0 0 0 0 0 0 0 0 0 0 0 0 0 0 0 0 0 0 0 0 0 0 0 0 0 0 0 0 0 0 0 0 0 0 0 0 0 0 0 0 0 0 0 0 0 0 0 0 0 0 0 0 0 0 0 0 0 0 0 0 0 0 0 0 0 0 0 0 0 0 0 0 0 0 0 0 0 0 0 0 0 -0.020507474193553404 -0.015357913229164716 -0.020008483660105783 -0.00086536004305861421 -0.00084470292723140398 -0.022939739592930133 -0.016023312798780463 -0.022269094530081857 -0.0018871922330465382 -0.0020882107838698124 -0.027075467875323372 -0.0025171437546071137 -0.019321760072152742 -0.003216721441714383 -0.0033224447694353882 -0.0027146366590387492 -0.022723758868063455 -0.0031203176556715267 -0.0041051283144184682 -0.020687683230081376 -0.034253135141224973 -0.031275975449298367 -0.023016921961433172 -0.032465968435640084 -0.0086679644391820295 1.2946419096628594
0 0 0 0 0 0 0 0 0 0 0 0 0 0 0 0 0 0 0 0 0 0 0 0 0 0 0 0 0 0 0 0 0 0 0 0 0 0 0 0 0 0 0 0 0 0 0 0 0 0 0 0 0 0 0 0 0 0 0 0 0 0 0 0 0 0 0 0 0 0 0 0 0 0 0 0 0 0 0 0 0 0 0 0 0 0 0 0 0 0 0 0 0 0 0 0 0 0 0 0 0 0 0 0 0 0 0 0 0 0 0 0 0 0 0 0 0 0 0 0 0 0 0 0 0 0 0 0 0 0 0 0 0 0 0 0 0 0 0 0 0 0 0 0 0 0 0 0 0 0 0 0 0 0 0 0 0 0 0 0 0 0 0 0 0 0 0 0 0 0 0 0 0 0 0 0 0 0 0 0 0 0 0 0 0 0 0 0 0 0 0 0 0 0 0 0 0 0 0 0 0 0 0 0 0 0 0 0 0 0 0 0 0 0 0 0 0 0 0 0 0 0 -0.024471860643950231 -0.018326816300183367 -0.023876408142978037 -0.0010326464478609663 -0.0010079960177271402 -0.027374317540439768 -0.019120847070940212 -0.026574027247999052 -0.0022520133342397945 -0.017180876461684032 -0.032663695165031571 -0.0030366683473633965 -0.023309664821115659 -0.019197657361761978 -0.019828622851783134 -0.0033543784272582386 -0.028078927719277655 -0.0038556637756759081 -0.021482140785316479 -0.025908870639056385 -0.042897990919818052 -0.039169451359730642 -0.02882596600961617 -0.04065977649675151 -0.027688399123073023 -0.0081107070575027976 1.3630582209241517
0 0 0 0 0 0 0 0 0 0 0 0 0 0 0 0 0 0 0 0 0 0 0 0 0 0 0 0 0 0 0 0 0 0 0 0 0 0 0 0 0 0 0 0 0 0 0 0 0 0 0 0 0 0 0 0 0 0 0 0 0 0 0 0 0 0 0 0 0 0 0 0 0 0 0 0 0 0 0 0 0 0 0 0 0 0 0 0 0 0 0 0 0 0 0 0 0 0 0 0 0 0 0 0 0 0 0 0 0 0 0 0 0 0 0 0 0 0 0 0 0 0 0 0 0 0 0 0 0 0 0 0 0 0 0 0 0 0 0 0 0 0 0 0 0 0 0 0 0 0 0 0 0 0 0 0 0 0 0 0 0 0 0 0 0 0 0 0 0 0 0 0 0 0 0 0 0 0 0 0 0 0 0 0 0 0 0 0 0 0 0 0 0 0 0 0 0 0 0 0 0 0 0 0 0 0 0 0 0 0 0 0 0 0 0 0 0 0 0 0 0 0 -0.027766415765054609 -0.020794087071857294 -0.027090799719715907 -0.016469555991175173 -0.0011542729587367805 -0.031346785051839847 -0.0218955991233903 -0.030430359364180273 -0.0025788178214125558 -0.01952001438776399 -0.037400023907680428 -0.018753864400725094 -0.026930518154457472 -0.021862537013737211 -0.022581088559899067 -0.0038737919122532835 -0.032426849105569387 -0.0044526995014064321 -0.024808573342771562 -0.029920766459027814 -0.049540591164883761 -0.045234700608525032 -0.033289563599480959 -0.046955797255076363 -0.031975848555009484 -0.0093666209950231862 -0.028755068863519452 1.4179759344318885
0 0 0 0 0 0 0 0 0 0 0 0 0 0 0 0 0 0 0 0 0 0 0 0 0 0 0 0 0 0 0 0 0 0 0 0 0 0 0 0 0 0 0 0 0 0 0 0 0 0 0 0 0 0 0 0 0 0 0 0 0 0 0 0 0 0 0 0 0 0 0 0 0 0 0 0 0 0 0 0 0 0 0 0 0 0 0 0 0 0 0 0 0 0 0 0 0 0 0 0 0 0 0 0 0 0 0 0 0 0 0 0 0 0 0 0 0 0 0 0 0 0 0 0 0 0 0 0 0 0 0 0 0 0 0 0 0 0 0 0 0 0 0 0 0 0 0 0 0 0 0 0 0 0 0 0 0 0 0 0 0 0 0 0 0 0 0 0 0 0 0 0 0 0 0 0 0 0 0 0 0 0 0 0 0 0 0 0 0 0 0 0 0 0 0 0 0 0 0 0 0 0 0 0 0 0 0 0 0 0 0 0 0 0 0 0 0 0 0 0 0 -0.018950931683813666 -0.036269718558949185 -0.027162154891296829 -0.03538719904236208 -0.021345570739749038 -0.020836028000046712 -0.04129733158772686 -0.028846014537542982 -0.040090000901782524 -0.022936868102996069 -0.025380040507879162 -0.049689718270951505 -0.024407401086636908 -0.03577189389708061 -0.028466207647479085 -0.029401800689842356 -0.024023034702834463 -0.043381817278574736 -0.024819482291711999 -0.032652816395062324 -0.040319946515933403 -0.066758784032860619 -0.06095634988821462 -0.044859593610606381 -0.063275626195282528 -0.042495076469712803 -0.031308816633748258 -0.037953558074757893 -0.042902647897773871 1.5458382927427892
0 0 0 0 0 0 0 0 0 0 0 0 0 0 0 0 0 0 0 0 0 0 0 0 0 0 0 0 0 0 0 0 0 0 0 0 0 0 0 0 0 0 0 0 0 0 0 0 0 0 0 0 0 0 0 0 0 0 0 0 0 0 0 0 0 0 0 0 0 0 0 0 0 0 0 0 0 0 0 0 0 0 0 0 0 0 0 0 0 0 0 0 0 0 0 0 0 0 0 0 0 0 0 0 0 0 0 0 0 0 0 0 0 0 0 0 0 0 0 0 0 0 0 0 0 0 0 0 0 0 0 0 0 0 0 0 0 0 0 0 0 0 0 0 0 0 0 0 0 0 0 0 0 0 0 0 0 0 0 0 0 0 0 0 0 0 0 0 0 0 0 0 0 0 0 0 0 0 0 0 0 0 0 0 0 0 0 0 0 0 0 0 0 0 0 0 0 0 0 0 0 0 0 0 0 0 0 0 0 0 0 0 0 0 0 0 0 0 0 0 0 0 -0.028492035828700055 -0.021337499189294621 -0.027798763901451039 -0.016899955087970594 -0.016496534185275677 -0.032446352621120104 -0.022663642502200286 -0.031497780990451064 -0.018148578983412055 -0.020081715938336225 -0.03904624079452141 -0.019306140018156191 -0.028111596528739135 -0.022513333181672774 -0.023253274312785975 -0.0040420850641858814 -0.033835602277353827 -0.004646142734980774 -0.025724043002612537 -0.031217224343377255 -0.05168717020051794 -0.047194706690937345 -0.034731990458906667 -0.04899037794172581 -0.033361352533481131 -0.0097724738883754516 -0.029707863273629554 -0.033581726259057795 -0.041984016254169781 1.4285367949514387
0 0 0 0 0 0 0 0 0 0 0 0 0 0 0 0 0 0 0 0 0 0 0 0 0 0 0 0 0 0 0 0 0 0 0 0 0 0 0 0 0 0 0 0 0 0 0 0 0 0 0 0 0 0 0 0 0 0 0 0 0 0 0 0 0 0 0 0 0 0 0 0 0 0 0 0 0 0 0 0 0 0 0 0 0 0 0 0 0 0 0 0 0 0 0 0 0 0 0 0 0 0 0 0 0 0 0 0 0 0 0 0 0 0 0 0 0 0 0 0 0 0 0 0 0 0 0 0 0 0 0 0 0 0 0 0 0 0 0 0 0 0 0 0 0 0 0 0 0 0 0 0 0 0 0 0 0 0 0 0 0 0 0 0 0 0 0 0 0 0 0 0 0 0 0 0 0 0 0 0 0 0 0 0 0 0 0 0 0 0 0 0 0 0 0 0 0 0 0 0 0 0 0 0 0 0 0 0 0 0 0 0 0 0 0 0 0 0 0 0 0 -0.018825823423571888 -0.036030276959766905 -0.026982838644498363 -0.035153583567361001 -0.021204653804177048 -0.020698474909944004 -0.041024699223589388 -0.028655581963887851 -0.039825338965915766 -0.022785445908476015 -0.02521248923568925 -0.049361681934347389 -0.024246270882701593 -0.035535738784197711 -0.028278282442857173 -0.029207698985838644 -0.023864441968316136 -0.043095423776851695 -0.024655631653577925 -0.032437252478768663 -0.040053766549385708 -0.066318062939798736 -0.060553934692358848 -0.044563444281094849 -0.062857899845934664 -0.042214536959852812 -0.031102125393199273 -0.037703000281613476 -0.042619417725885053 -0.054204861004455825 -0.046724581922166296 1.5405881570354913
0 0 0 0 0 0 0 0 0 0 0 0 0 0 0 0 0 0 0 0 0 0 0 0 0 0 0 0 0 0 0 0 0 0 0 0 0 0 0 0 0 0 0 0 0 0 0 0 0 0 0 0 0 0 0 0 0 0 0 0 0 0 0 0 0 0 0 0 0 0 0 0 0 0 0 0 0 0 0 0 0 0 0 0 0 0 0 0 0 0 0 0 0 0 0 0 0 0 0 0 0 0 0 0 0 0 0 0 0 0 0 0 0 0 0 0 0 0 0 0 0 0 0 0 0 0 0 0 0 0 0 0 0 0 0 0 0 0 0 0 0 0 0 0 0 0 0 0 0 0 0 0 0 0 0 0 0 0 0 0 0 0 0 0 0 0 0 0 0 0 0 0 0 0 0 0 0 0 0 0 0 0 0 0 0 0 0 0 0 0 0 0 0 0 0 0 0 0 0 0 0 0 0 0 0 0 0 0 0 0 0 0 0 0 0 0 0 0 0 0 0 -0.018336012741530069 -0.035092840432569911 -0.026280798563567302 -0.034238956867857266 -0.020652950661711585 -0.020159941540924334 -0.039957317709636564 -0.027910020411002271 -0.038789162433153099 -0.022192613682764255 -0.024556510144063601 -0.04807738862345224 -0.023615430881135002 -0.034611169161976242 -0.027542537477090394 -0.028447772440304137 -0.023243536399723111 -0.041974166106570419 -0.024014140894598142 -0.031593299340427115 -0.039011646782803409 -0.064592598140232604 -0.058978441106518148 -0.043403991621504372 -0.061222461644771214 -0.041116198221878113 -0.03029290962032043 -0.036722042802758204 -0.041510544791360661 -0.052794557755498663 -0.045508900736569192 -0.055862547151132314 1.5254982400253352
0 0 0 0 0 0 0 0 0 0 0 0 0 0 0 0 0 0 0 0 0 0 0 0 0 0 0 0 0 0 0 0 0 0 0 0 0 0 0 0 0 0 0 0 0 0 0 0 0 0 0 0 0 0 0 0 0 0 0 0 0 0 0 0 0 0 0 0 0 0 0 0 0 0 0 0 0 0 0 0 0 0 0 0 0 0 0 0 0 0 0 0 0 0 0 0 0 0 0 0 0 0 0 0 0 0 0 0 0 0 0 0 0 0 0 0 0 0 0 0 0 0 0 0 0 0 0 0 0 0 0 0 0 0 0 0 0 0 0 0 0 0 0 0 0 0 0 0 0 0 0 0 0 0 0 0 0 0 0 0 0 0 0 0 0 0 0 0 0 0 0 0 0 0 0 0 0 0 0 0 0 0 0 0 0 0 0 0 0 0 0 0 0 0 0 0 0 0 0 0 0 0 0 0 0 0 0 0 0 0 0 0 0 0 0 0 0 0 0 0 0 0 -0.025946424236724566 -0.019431107325736992 -0.025315092462331233 -0.0010948690503176295 -0.0010687332968015559 -0.029023770052835768 -0.020272982797929856 -0.028175257888504977 -0.0023877094679104786 -0.018216118337687933 -0.034631861639848688 -0.0032196442417385695 -0.02471419975227886 -0.020354421329327466 -0.021023405944801243 -0.0035564980934816776 -0.029770836852848596 -0.0040879886287922508 -0.022776557387215426 -0.027470021951990251 -0.045482829748947691 -0.041529625265765938 -0.03056288829038397 -0.043109750652159509 -0.029356776770490048 -0.0085994215656742621 -0.026676890682218787 -0.029847919910250546 -0.036965792845922753 -0.032397020435922297 -0.039130094041823556 -0.039921915893689909 1.3855921131347704
0 0 0 0 0 0 0 0 0 0 0 0 0 0 0 0 0 0 0 0 0 0 0 0 0 0 0 0 0 0 0 0 0 0 0 0 0 0 0 0 0 0 0 0 0 0 0 0 0 0 0 0 0 0 0 0 0 0 0 0 0 0 0 0 0 0 0 0 0 0 0 0 0 0 0 0 0 0 0 0 0 0 0 0 0 0 0 0 0 0 0 0 0 0 0 0 0 0 0 0 0 0 0 0 0 0 0 0 0 0 0 0 0 0 0 0 0 0 0 0 0 0 0 0 0 0 0 0 0 0 0 0 0 0 0 0 0 0 0 0 0 0 0 0 0 0 0 0 0 0 0 0 0 0 0 0 0 0 0 0 0 0 0 0 0 0 0 0 0 0 0 0 0 0 0 0 0 0 0 0 0 0 0 0 0 0 0 0 0 0 0 0 0 0 0 0 0 0 0 0 0 0 0 0 0 0 0 0 0 0 0 0 0 0 0 0 0 0 0 0 0 -0.031725950646499308 -0.060719510795688769 -0.0454724443057282 -0.059242075749487429 -0.035734840645807023 -0.034881809877621912 -0.069136289742601387 -0.04829141114724065 -0.067115084959883692 -0.03839884801244256 -0.042488988192960625 -0.083186071049435234 -0.040860682482717438 -0.05988609738274505 -0.047655572506143357 -0.049221858490519146 -0.040217210746016113 -0.072625948787052239 -0.041550551888226428 -0.054664417491612022 -0.067500039289711267 -0.11176157050135355 -0.10204765551426997 -0.075099909421748129 -0.10593037995659747 -0.071141446831815572 -0.052414413596933357 -0.063538443936626818 -0.071823766373001488 -0.091347969559437317 -0.078741935833995025 -0.096656369020211449 -0.098612270915835937 -0.078890919648193336 1.8599718225465538
0 0 0 0 0 0 0 0 0 0 0 0 0 0 0 0 0 0 0 0 0 0 0 0 0 0 0 0 0 0 0 0 0 0 0 0 0 0 0 0 0 0 0 0 0 0 0 0 0 0 0 0 0 0 0 0 0 0 0 0 0 0 0 0 0 0 0 0 0 0 0 0 0 0 0 0 0 0 0 0 0 0 0 0 0 0 0 0 0 0 0 0 0 0 0 0 0 0 0 0 0 0 0 0 0 0 0 0 0 0 0 0 0 0 0 0 0 0 0 0 0 0 0 0 0 0 0 0 0 0 0 0 0 0 0 0 0 0 0 0 0 0 0 0 0 0 0 0 0 0 0 0 0 0 0 0 0 0 0 0 0 0 0 0 0 0 0 0 0 0 0 0 0 0 0 0 0 0 0 0 0 0 0 0 0 0 0 0 0 0 0 0 0 0 0 0 0 0 0 0 0 0 0 0 0 0 0 0 0 0 0 0 0 0 0 0 0 0 0 0 0 -0.016204938506951441 -0.031014230261524403 -0.023226354095598881 -0.030259587970786823 -0.018252593962378053 -0.017816884051050166 -0.035313341319883465 -0.02466622219691551 -0.034280953052661933 -0.019613312071014646 -0.021702468384992814 -0.042489669766276827 -0.020870764578887608 -0.030588540476587659 -0.024341449388871783 -0.025141474842605586 -0.020542092948511715 -0.037095784684801347 -0.021223135148288587 -0.027921417827320754 -0.034477579508786778 -0.057085425038777289 -0.052123764574089196 -0.038359430978669243 -0.054106977355587706 -0.036337532767746712 -0.026772163856653871 -0.032454081149307125 -0.036686047027579119 -0.046658593337025357 -0.04021970034328913 -0.049370010491726832 -0.050369043437890192 -0.04029579809602455 -0.075858677809389818 1.4594191962769274
0 0 0 0 0 0 0 0 0 0 0 0 0 0 0 0 0 0 0 0 0 0 0 0 0 0 0 0 0 0 0 0 0 0 0 0 0 0 0 0 0 0 0 0 0 0 0 0 0 0 0 0 0 0 0 0 0 0 0 0 0 0 0 0 0 0 0 0 0 0 0 0 0 0 0 0 0 0 0 0 0 0 0 0 0 0 0 0 0 0 0 0 0 0 0 0 0 0 0 0 0 0 0 0 0 0 0 0 0 0 0 0 0 0 0 0 0 0 0 0 0 0 0 0 0 0 0 0 0 0 0 0 0 0 0 0 0 0 0 0 0 0 0 0 0 0 0 0 0 0 0 0 0 0 0 0 0 0 0 0 0 0 0 0 0 0 0 0 0 0 0 0 0 0 0 0 0 0 0 0 0 0 0 0 0 0 0 0 0 0 0 0 0 0 0 0 0 0 0 0 0 0 0 0 0 0 0 0 0 0 0 0 0 0 0 0 0 0 0 0 0 0 -0.024387102126339134 -0.018263341200977067 -0.023793711980658185 -0.0010290698672563846 -0.0010045048141172637 -0.027279506336293492 -0.019054621838752627 -0.026481987856745784 -0.0022442134650501066 -0.017121370335797657 -0.032550564152144003 -0.0030261508182165765 -0.023228931579577797 -0.019131166096415735 -0.019759946231576661 -0.0033427605062861391 -0.027981676091204874 -0.0038423096482236322 -0.021407737190323753 -0.025819135023922548 -0.04274941332811999 -0.039033787599576722 -0.028726127007456425 -0.04051895098158529 -0.02759250009443549 -0.0080826155479533177 -0.010709107514692527 -0.027762828342892031 -0.034383466734907102 -0.03013385588972977 -0.036396575948707023 -0.03713308335751906 -0.030676017117891641 -0.055965666268023656 -0.039340829874220287 1.3574481893233152
0 0 0 0 0 0 0 0 0 0 0 0 0 0 0 0 0 0 0 0 0 0 0 0 0 0 0 0 0 0 0 0 0 0 0 0 0 0 0 0 0 0 0 0 0 0 0 0 0 0 0 0 0 0 0 0 0 0 0 0 0 0 0 0 0 0 0 0 0 0 0 0 0 0 0 0 0 0 0 0 0 0 0 0 0 0 0 0 0 0 0 0 0 0 0 0 0 0 0 0 0 0 0 0 0 0 0 0 0 0 0 0 0 0 0 0 0 0 0 0 0 0 0 0 0 0 0 0 0 0 0 0 0 0 0 0 0 0 0 0 0 0 0 0 0 0 0 0 0 0 0 0 0 0 0 0 0 0 0 0 0 0 0 0 0 0 0 0 0 0 0 0 0 0 0 0 0 0 0 0 0 0 0 0 0 0 0 0 0 0 0 0 0 0 0 0 0 0 0 0 0 0 0 0 0 0 0 0 0 0 0 0 0 0 0 0 0 0 0 0 0 -0.019596051058601374 -0.037504396544753571 -0.028086797155525704 -0.036591834682582168 -0.02207220737587191 -0.021545319003820312 -0.042703157389792454 -0.029827978019553322 -0.041454727277694399 -0.023717674991917164 -0.026244016809293735 -0.05138123405071221 -0.025238267219865638 -0.036989625152244819 -0.029435241908513012 -0.030402684002342934 -0.024840816402782961 -0.044858602236004137 -0.025664376314113242 -0.033764369370362549 -0.04169250060044135 -0.069031357526101844 -0.063031399441731889 -0.046386684387259118 -0.065429627544211152 -0.043941675382163044 -0.032374617753666839 -0.039245556593072196 -0.044363121179528134 -0.056422563835255748 -0.048636241424222099 -0.059701383374245562 -0.060909478092644728 -0.048728263707885834 -0.091733178928950013 -0.064483452565043717 -0.053015979828198695 1.5543957663865897
0 0 0 0 0 0 0 0 0 0 0 0 0 0 0 0 0 0 0 0 0 0 0 0 0 0 0 0 0 0 0 0 0 0 0 0 0 0 0 0 0 0 0 0 0 0 0 0 0 0 0 0 0 0 0 0 0 0 0 0 0 0 0 0 0 0 0 0 0 0 0 0 0 0 0 0 0 0 0 0 0 0 0 0 0 0 0 0 0 0 0 0 0 0 0 0 0 0 0 0 0 0 0 0 0 0 0 0 0 0 0 0 0 0 0 0 0 0 0 0 0 0 0 0 0 0 0 0 0 0 0 0 0 0 0 0 0 0 0 0 0 0 0 0 0 0 0 0 0 0 0 0 0 0 0 0 0 0 0 0 0 0 0 0 0 0 0 0 0 0 0 0 0 0 0 0 0 0 0 0 0 0 0 0 0 0 0 0 0 0 0 0 0 0 0 0 0 0 0 0 0 0 0 0 0 0 0 0 0 0 0 0 0 0 0 0 0 0 0 0 0 -0.020475086994149478 -0.039186761639909078 -0.029346709366425659 -0.038233264251091824 -0.023062318261082043 -0.022511794830534677 -0.044618727511278745 -0.031165995790864067 -0.043314295558388373 -0.024781597950843764 -0.027421265929511662 -0.053686083686401535 -0.026370400616072653 -0.038648898730070352 -0.030755642397965455 -0.031766481825447127 -0.025955121025744748 -0.046870860892913022 -0.026815624031118302 -0.035278965037055229 -0.043562734871674086 -0.072127953047496418 -0.06585884998324501 -0.048467489463004394 -0.068364657346332403 -0.045912802708458156 -0.033826872206362074 -0.041006026314891052 -0.046353153641336804 -0.058953556484673812 -0.050817956702163124 -0.062379456687634914 -0.063641743889399749 -0.050914106903946273 -0.095848128441962457 -0.067376039029701545 -0.055394160579406236 -0.081181525148351044 1.5762154355721278
0 0 0 0 0 0 0 0 0 0 0 0 0 0 0 0 0 0 0 0 0 0 0 0 0 0 0 0 0 0 0 0 0 0 0 0 0 0 0 0 0 0 0 0 0 0 0 0 0 0 0 0 0 0 0 0 0 0 0 0 0 0 0 0 0 0 0 0 0 0 0 0 0 0 0 0 0 0 0 0 0 0 0 0 0 0 0 0 0 0 0 0 0 0 0 0 0 0 0 0 0 0 0 0 0 0 0 0 0 0 0 0 0 0 0 0 0 0 0 0 0 0 0 0 0 0 0 0 0 0 0 0 0 0 0 0 0 0 0 0 0 0 0 0 0 0 0 0 0 0 0 0 0 0 0 0 0 0 0 0 0 0 0 0 0 0 0 0 0 0 0 0 0 0 0 0 0 0 0 0 0 0 0 0 0 0 0 0 0 0 0 0 0 0 0 0 0 0 0 0 0 0 0 0 0 0 0 0 0 0 0 0 0 0 0 0 0 0 0 0 0 -0.020830335108116906 -0.039866662202434622 -0.029855882448647859 -0.038896621384564262 -0.023462455514140421 -0.02290238035810099 -0.045392874102233707 -0.031706733968328085 -0.044065809913827338 -0.025211565156143586 -0.027897032064564408 -0.054617551278278539 -0.026827933963115912 -0.039319467230449254 -0.031289260836748226 -0.032317638592649564 -0.026405449163292561 -0.047684082587013517 -0.027280882120846957 -0.035891064306559577 -0.044318559714170973 -0.07337939189568371 -0.067001518253777231 -0.049308413080345427 -0.069550802029929845 -0.046709401842509705 -0.034413777285504016 -0.041717491595299444 -0.047157392979233825 -0.059976416107141585 -0.051699661540792925 -0.063461756574565334 -0.064745944789391996 -0.051797479973722436 -0.097511118536514674 -0.068545030926964567 -0.056355263752072546 -0.082590045840166909 -0.08935399253536179 1.5831713071379092
0 0 0 0 0 0 0 0 0 0 0 0 0 0 0 0 0 0 0 0 0 0 0 0 0 0 0 0 0 0 0 0 0 0 0 0 0 0 0 0 0 0 0 0 0 0 0 0 0 0 0 0 0 0 0 0 0 0 0 0 0 0 0 0 0 0 0 0 0 0 0 0 0 0 0 0 0 0 0 0 0 0 0 0 0 0 0 0 0 0 0 0 0 0 0 0 0 0 0 0 0 0 0 0 0 0 0 0 0 0 0 0 0 0 0 0 0 0 0 0 0 0 0 0 0 0 0 0 0 0 0 0 0 0 0 0 0 0 0 0 0 0 0 0 0 0 0 0 0 0 0 0 0 0 0 0 0 0 0 0 0 0 0 0 0 0 0 0 0 0 0 0 0 0 0 0 0 0 0 0 0 0 0 0 0 0 0 0 0 0 0 0 0 0 0 0 0 0 0 0 0 0 0 0 0 0 0 0 0 0 0 0 0 0 0 0 0 0 0 0 0 -0.025047120049584766 -0.047937062412957414 -0.035899752356177352 -0.046770651565888298 -0.028212073251367181 -0.027538619387216714 -0.054581971971795595 -0.038125280652614148 -0.052986263795810007 -0.03031526357239428 -0.033544362465680239 -0.065674044924430061 -0.03225884169259749 -0.047279096130480522 -0.037623296426730124 -0.038859853638829635 -0.031750831262358177 -0.057337000812139723 -0.032803482324830789 -0.043156665110177114 -0.053290178954104692 -0.088233935192936 -0.080564957908567256 -0.05929015234117338 -0.083630305463005816 -0.056165010755767145 -0.041380323770875506 -0.050162564103342584 -0.056703690893384083 -0.072117730539729294 -0.062165472730707654 -0.076308625244403308 -0.077852777857220445 -0.062283093019576567 -0.11725076334473458 -0.082420931277345066 -0.067763530893660093 -0.099309146123783804 -0.10744235108684549 -0.11489028445180509 1.6855301455021454
0 0 0 0 0 0 0 0 0 0 0 0 0 0 0 0 0 0 0 0 0 0 0 0 0 0 0 0 0 0 0 0 0 0 0 0 0 0 0 0 0 0 0 0 0 0 0 0 0 0 0 0 0 0 0 0 0 0 0 0 0 0 0 0 0 0 0 0 0 0 0 0 0 0 0 0 0 0 0 0 0 0 0 0 0 0 0 0 0 0 0 0 0 0 0 0 0 0 0 0 0 0 0 0 0 0 0 0 0 0 0 0 0 0 0 0 0 0 0 0 0 0 0 0 0 0 0 0 0 0 0 0 0 0 0 0 0 0 0 0 0 0 0 0 0 0 0 0 0 0 0 0 0 0 0 0 0 0 0 0 0 0 0 0 0 0 0 0 0 0 0 0 0 0 0 0 0 0 0 0 0 0 0 0 0 0 0 0 0 0 0 0 0 0 0 0 0 0 0 0 0 0 0 0 0 0 0 0 0 0 0 0 0 0 0 0 0 0 0 0 0 -0.016388758266114509 -0.031366038343663152 -0.023489820866192199 -0.030602835812843093 -0.018459641179794425 -0.018018988818920657 -0.035713916113418231 -0.024946022025946504 -0.034669817011097982 -0.019835794513619109 -0.021948649048379322 -0.042971648816059284 -0.02110751085946112 -0.030935519771889776 -0.024617565176810498 -0.025426665671845528 -0.020775110961932835 -0.037516578518964075 -0.021463878523524289 -0.028238142774984057 -0.034868673887771102 -0.057732970173113102 -0.052715027407118115 -0.038794558909645657 -0.054720736645219682 -0.036749725416245667 -0.027075852310041164 -0.032822222094622731 -0.037102193026921644 -0.047187862324155637 -0.04067593012950807 -0.04993003627859282 -0.050940401695748871 -0.040752891092589887 -0.076719176223460597 -0.053929422468466486 -0.044338835158535088 -0.064979669767020617 -0.070301364628724813 -0.075174674584472995 -0.0900273916964381 1.4553532637064737
0 0 0 0 0 0 0 0 0 0 0 0 0 0 0 0 0 0 0 0 0 0 0 0 0 0 0 0 0 0 0 0 0 0 0 0 0 0 0 0 0 0 0 0 0 0 0 0 0 0 0 0 0 0 0 0 0 0 0 0 0 0 0 0 0 0 0 0 0 0 0 0 0 0 0 0 0 0 0 0 0 0 0 0 0 0 0 0 0 0 0 0 0 0 0 0 0 0 0 0 0 0 0 0 0 0 0 0 0 0 0 0 0 0 0 0 0 0 0 0 0 0 0 0 0 0 0 0 0 0 0 0 0 0 0 0 0 0 0 0 0 0 0 0 0 0 0 0 0 0 0 0 0 0 0 0 0 0 0 0 0 0 0 0 0 0 0 0 0 0 0 0 0 0 0 0 0 0 0 0 0 0 0 0 0 0 0 0 0 0 0 0 0 0 0 0 0 0 0 0 0 0 0 0 0 0 0 0 0 0 0 0 0 0 0 0 0 0 0 0 0 0 -0.023754907337883883 -0.01778989466078439 -0.023176899838147358 -0.0010023929540394915 -0.00097846470877086802 -0.026572330811784652 -0.018560662672959215 -0.025795486663441145 -0.0021860359887170872 -0.0024188865583646977 -0.031362966713392115 -0.0029157426254678323 -0.022381431071755071 -0.018433171316655894 -0.019039010599714731 -0.0032208009053074759 -0.026960773144559767 -0.0037021241486484809 -0.020626682406208054 -0.024877131730772866 -0.041189713977308182 -0.037609651724040259 -0.027678062995420933 -0.039040629371497118 -0.026585796115735055 -0.007787723776545 -0.010166679525268006 -0.026746833480709307 -0.03312518623425878 -0.029031092065251903 -0.035064624689699321 -0.035774179234268649 -0.029553412626768361 -0.053917574168591768 -0.037901132141244964 -0.018192086341489222 -0.045224819726133569 -0.048928634959744782 -0.052320381409186656 -0.06265763698835905 -0.051358117429333716 1.3417858415991206
0 0 0 0 0 0 0 0 0 0 0 0 0 0 0 0 0 0 0 0 0 0 0 0 0 0 0 0 0 0 0 0 0 0 0 0 0 0 0 0 0 0 0 0 0 0 0 0 0 0 0 0 0 0 0 0 0 0 0 0 0 0 0 0 0 0 0 0 0 0 0 0 0 0 0 0 0 0 0 0 0 0 0 0 0 0 0 0 0 0 0 0 0 0 0 0 0 0 0 0 0 0 0 0 0 0 0 0 0 0 0 0 0 0 0 0 0 0 0 0 0 0 0 0 0 0 0 0 0 0 0 0 0 0 0 0 0 0 0 0 0 0 0 0 0 0 0 0 0 0 0 0 0 0 0 0 0 0 0 0 0 0 0 0 0 0 0 0 0 0 0 0 0 0 0 0 0 0 0 0 0 0 0 0 0 0 0 0 0 0 0 0 0 0 0 0 0 0 0 0 0 0 0 0 0 0 0 0 0 0 0 0 0 0 0 0 0 0 0 0 0 -0.037594140531445414 -0.071950494006884733 -0.053883254140611403 -0.070199785214204641 -0.042344534796641804 -0.041333723207916249 -0.081924082318799829 -0.057223631132749635 -0.079529025430167502 -0.045501290237448415 -0.050347963122148079 -0.098572581169800486 -0.048418477875792579 -0.070962928297156502 -0.056470184608953498 -0.058326178651974661 -0.047655986401002041 -0.086059206085007486 -0.049235948963357319 -0.064775420479823737 -0.079985182830616799 -0.13243354735869484 -0.1209228982625016 -0.088990762803555168 -0.12552379076076536 -0.08430012325259037 -0.062109244655645497 -0.075290831065022698 -0.085108648015318103 -0.10824414508942305 -0.093306436564977308 -0.11453441256001723 -0.11685208781423127 -0.093482977167659978 -0.17598596828198021 -0.12370859671846812 -0.10170876724669024 -0.14905673738315561 -0.16126416281757835 -0.17244303899323637 -0.20651365772555766 -0.16927150773657329 -0.13426065720178101 1.9259409963871563
0 0 0 0 0 0 0 0 0 0 0 0 0 0 0 0 0 0 0 0 0 0 0 0 0 0 0 0 0 0 0 0 0 0 0 0 0 0 0 0 0 0 0 0 0 0 0 0 0 0 0 0 0 0 0 0 0 0 0 0 0 0 0 0 0 0 0 0 0 0 0 0 0 0 0 0 0 0 0 0 0 0 0 0 0 0 0 0 0 0 0 0 0 0 0 0 0 0 0 0 0 0 0 0 0 0 0 0 0 0 0 0 0 0 0 0 0 0 0 0 0 0 0 0 0 0 0 0 0 0 0 0 0 0 0 0 0 0 0 0 0 0 0 0 0 0 0 0 0 0 0 0 0 0 0 0 0 0 0 0 0 0 0 0 0 0 0 0 0 0 0 0 0 0 0 0 0 0 0 0 0 0 0 0 0 0 0 0 0 0 0 0 0 0 0 0 0 0 0 0 0 0 0 0 0 0 0 0 0 0 0 0 0 0 0 0 0 0 0 0 0 -0.022341004820894413 -0.042757895532390025 -0.032021108170140485 -0.041717504848514088 -0.025164013398285105 -0.024563320145094918 -0.048684882594955466 -0.034006188223308947 -0.047261576283417338 -0.027039972989978771 -0.029920196895930246 -0.058578557189796626 -0.028773565038377382 -0.042171016567474816 -0.033558438861773926 -0.034661397229128345 -0.02832044054947102 -0.051142255437900179 -0.029259362166602278 -0.038493977006995722 -0.047532656152206414 -0.078701054955996982 -0.071860641441702025 -0.052884386574721658 -0.074594805862833652 -0.050096888327923847 -0.036909553314916375 -0.044742951854049653 -0.050577368939172918 -0.064326060739534355 -0.055449054550801569 -0.068064167101290429 -0.069441487962882922 -0.05555396702918141 -0.10458287675200009 -0.073516093641285779 -0.060442293061200164 -0.088579689318299321 -0.095834174901045399 -0.10247742629613095 -0.12272451391642122 -0.10059268590592518 -0.079786848359855708 -0.18877086737964846 1.5982370907630805
0 0 0 0 0 0 0 0 0 0 0 0 0 0 0 0 0 0 0 0 0 0 0 0 0 0 0 0 0 0 0 0 0 0 0 0 0 0 0 0 0 0 0 0 0 0 0 0 0 0 0 0 0 0 0 0 0 0 0 0 0 0 0 0 0 0 0 0 0 0 0 0 0 0 0 0 0 0 0 0 0 0 0 0 0 0 0 0 0 0 0 0 0 0 0 0 0 0 0 0 0 0 0 0 0 0 0 0 0 0 0 0 0 0 0 0 0 0 0 0 0 0 0 0 0 0 0 0 0 0 0 0 0 0 0 0 0 0 0 0 0 0 0 0 0 0 0 0 0 0 0 0 0 0 0 0 0 0 0 0 0 0 0 0 0 0 0 0 0 0 0 0 0 0 0 0 0 0 0 0 0 0 0 0 0 0 0 0 0 0 0 0 0 0 0 0 0 0 0 0 0 0 0 0 0 0 0 0 0 0 0 0 0 0 0 0 0 0 0 0 0 0 -0.022616635133408551 -0.016937450055344 -0.022066324221226272 -0.00095436094021953148 -0.00093157927304964505 -0.025299055141164255 -0.017671284907061574 -0.024559435305619923 -0.0020812869375612031 -0.0023029799250109061 -0.029860136466489783 -0.0027760279661443337 -0.021308972209971959 -0.0035475561001040417 -0.017915733503787116 -0.003030777801505602 -0.025370122264715446 -0.0034837035936160837 -0.019409734719219755 -0.023409413009823996 -0.038759573920597624 -0.035390730727795403 -0.026045092938517676 -0.036737282537694108 -0.025017268397479992 -0.0073282581072662365 -0.0094118060733349926 -0.025165660463712068 -0.031166948796754187 -0.027314882202105019 -0.03299173488573548 -0.033659343212604838 -0.013911608297620698 -0.050140822303239539 -0.035246280291534142 -0.016611164978157258 -0.042046509141885735 -0.045490027590890922 -0.048643408830596688 -0.058254182601363738 -0.047748770853688456 -0.025935965836222125 -0.088772559177012128 -0.074056685463629549 1.3181799478849643
0 0 0 0 0 0 0 0 0 0 0 0 0 0 0 0 0 0 0 0 0 0 0 0 0 0 0 0 0 0 0 0 0 0 0 0 0 0 0 0 0 0 0 0 0 0 0 0 0 0 0 0 0 0 0 0 0 0 0 0 0 0 0 0 0 0 0 0 0 0 0 0 0 0 0 0 0 0 0 0 0 0 0 0 0 0 0 0 0 0 0 0 0 0 0 0 0 0 0 0 0 0 0 0 0 0 0 0 0 0 0 0 0 0 0 0 0 0 0 0 0 0 0 0 0 0 0 0 0 0 0 0 0 0 0 0 0 0 0 0 0 0 0 0 0 0 0 0 0 0 0 0 0 0 0 0 0 0 0 0 0 0 0 0 0 0 0 0 0 0 0 0 0 0 0 0 0 0 0 0 0 0 0 0 0 0 0 0 0 0 0 0 0 0 0 0 0 0 0 0 0 0 0 0 0 0 0 0 0 0 0 0 0 0 0 0 0 0 0 0 0 0 -0.024386820563434629 -0.018263130340360485 -0.023793437268778948 -0.0010290579860620052 -0.0010044932165403336 -0.027279191378944613 -0.019054401842353023 -0.026481682107199457 -0.0022441875543347642 -0.017121172659881181 -0.032550188337447432 -0.0030261158795916788 -0.023228663388408115 -0.019130945216269256 -0.019759718091807394 -0.0033427219122230956 -0.027981353026908014 -0.0038422652865828444 -0.021407490025874599 -0.025818836927387585 -0.042748919761933873 -0.039033336932394559 -0.028725795348052183 -0.040518483167349843 -0.027592181523396285 -0.0080825222295796244 -0.010708983871981692 -0.027762507805316489 -0.034383069758311922 -0.030133507977298666 -0.036396155729625651 -0.037132654635043623 -0.030675662945901742 -0.055965020112714058 -0.039340375662060417 -0.019040479425780649 -0.046947544622059925 -0.050792447310556856 -0.054313393745416785 -0.065044420878563242 -0.053314474757879801 -0.029292806627027008 -0.099143349779655651 -0.082708304666559651 -0.039305861201227393 1.3447713419727005
0 0 0 0 0 0 0 0 0 0 0 0 0 0 0 0 0 0 0 0 0 0 0 0 0 0 0 0 0 0 0 0 0 0 0 0 0 0 0 0 0 0 0 0 0 0 0 0 0 0 0 0 0 0 0 0 0 0 0 0 0 0 0 0 0 0 0 0 0 0 0 0 0 0 0 0 0 0 0 0 0 0 0 0 0 0 0 0 0 0 0 0 0 0 0 0 0 0 0 0 0 0 0 0 0 0 0 0 0 0 0 0 0 0 0 0 0 0 0 0 0 0 0 0 0 0 0 0 0 0 0 0 0 0 0 0 0 0 0 0 0 0 0 0 0 0 0 0 0 0 0 0 0 0 0 0 0 0 0 0 0 0 0 0 0 0 0 0 0 0 0 0 0 0 0 0 0 0 0 0 0 0 0 0 0 0 0 0 0 0 0 0 0 0 0 0 0 0 0 0 0 0 0 0 0 0 0 0 0 0 0 0 0 0 0 0 0 0 0 0 0 -0.016152017363877991 -0.030912945797144029 -0.023150502822997607 -0.030160767973187407 -0.018192985705541127 -0.017758698710230156 -0.035198017069341003 -0.02458566868704494 -0.034169000315511906 -0.019549260060337977 -0.021631593729469548 -0.042350909480831228 -0.020802606053147529 -0.030488646205080173 -0.024261956503096118 -0.025059369280362526 -0.020475007779413603 -0.036974639434672531 -0.021153825871294375 -0.027830233689409168 -0.034364984640424145 -0.056898998787016493 -0.05195354182369645 -0.038234158986172224 -0.053930277944559096 -0.036218863772506486 -0.026684732885333354 -0.032348094503872216 -0.036566239874794335 -0.046506218424120435 -0.040088353191596392 -0.049208780790813235 -0.050204551153447234 -0.040164202428728965 -0.075610942963620031 -0.053150394556468368 -0.043698346375362782 -0.064041017466589453 -0.069285838728565696 -0.074088752149258169 -0.088726916969178518 -0.072726129485100335 -0.057684001702206146 -0.13647686628932493 -0.11385302455567411 -0.071312840766758007 -0.080153418945449154 1.4305945238674864
0 0 0 0 0 0 0 0 0 0 0 0 0 0 0 0 0 0 0 0 0 0 0 0 0 0 0 0 0 0 0 0 0 0 0 0 0 0 0 0 0 0 0 0 0 0 0 0 0 0 0 0 0 0 0 0 0 0 0 0 0 0 0 0 0 0 0 0 0 0 0 0 0 0 0 0 0 0 0 0 0 0 0 0 0 0 0 0 0 0 0 0 0 0 0 0 0 0 0 0 0 0 0 0 0 0 0 0 0 0 0 0 0 0 0 0 0 0 0 0 0 0 0 0 0 0 0 0 0 0 0 0 0 0 0 0 0 0 0 0 0 0 0 0 0 0 0 0 0 0 0 0 0 0 0 0 0 0 0 0 0 0 0 0 0 0 0 0 0 0 0 0 0 0 0 0 0 0 0 0 0 0 0 0 0 0 0 0 0 0 0 0 0 0 0 0 0 0 0 0 0 0 0 0 0 0 0 0 0 0 0 0 0 0 0 0 0 0 0 0 0 -0.020952111567156442 -0.040099727149855921 -0.030030423262669019 -0.039124015365325525 -0.023599619642228578 -0.023036270224447881 -0.04565824589990871 -0.031892095066473294 -0.044323423546453397 -0.025358954774007684 -0.028060121221071405 -0.054936851566131331 -0.026984773053049908 -0.039549333215120441 -0.031472181340469765 -0.032506571107269074 -0.026559818360032048 -0.047962849044676667 -0.027440369196158262 -0.036100887465895827 -0.044577650950280073 -0.073808375993403369 -0.067393216591845856 -0.049596675554982789 -0.069957403764881812 -0.046982470207983601 -0.034614964060381469 -0.041961376697489325 -0.047433080350786846 -0.060327044915632934 -0.052001903520257589 -0.063832761071611024 -0.06512445679376784 -0.052100293810640734 -0.09808117939586973 -0.068945752812029498 -0.056684722900585724 -0.08307287644669073 -0.089876365927605312 -0.09610662036398393 -0.11509498915631161 -0.094339050317457263 -0.074826667906361319 -0.1770353798173101 -0.14768813201523365 -0.092505757160557672 -0.10397359898769437 -0.14147770373266205 1.545016800052311
0 0 0 0 0 0 0 0 0 0 0 0 0 0 0 0 0 0 0 0 0 0 0 0 0 0 0 0 0 0 0 0 0 0 0 0 0 0 0 0 0 0 0 0 0 0 0 0 0 0 0 0 0 0 0 0 0 0 0 0 0 0 0 0 0 0 0 0 0 0 0 0 0 0 0 0 0 0 0 0 0 0 0 0 0 0 0 0 0 0 0 0 0 0 0 0 0 0 0 0 0 0 0 0 0 0 0 0 0 0 0 0 0 0 0 0 0 0 0 0 0 0 0 0 0 0 0 0 0 0 0 0 0 0 0 0 0 0 0 0 0 0 0 0 0 0 0 0 0 0 0 0 0 0 0 0 0 0 0 0 0 0 0 0 0 0 0 0 0 0 0 0 0 0 0 0 0 0 0 0 0 0 0 0 0 0 0 0 0 0 0 0 0 0 0 0 0 0 0 0 0 0 0 0 0 0 0 0 0 0 0 0 0 0 0 0 0 0 0 0 0 -0.042972928382503182 -0.08224482279245976 -0.061592609605316054 -0.08024363105079664 -0.048402986089931488 -0.047247552466594588 -0.093645383895486212 -0.065410911586010284 -0.090907653847871278 -0.052011394835581107 -0.057551506241862359 -0.11267586946282644 -0.055345959575956727 -0.081115960956088334 -0.064549665576674659 -0.066671206273218375 -0.054474374507772663 -0.09837214117590401 -0.056280390474073808 -0.074043174438254422 -0.091429076043553451 -0.15138149896858979 -0.13822396185631125 -0.10172313085500095 -0.14348312780686406 -0.09636137727738571 -0.070995535068713048 -0.086063079125590428 -0.097285581853766026 -0.12373119398386535 -0.10665627035094452 -0.13092144250928692 -0.13357071953238986 -0.10685806952944883 -0.2011651896917615 -0.14140822457786686 -0.11626076587942837 -0.17038305464486261 -0.1843370594847771 -0.19711535521124993 -0.23606063333263819 -0.19349005659745622 -0.15347002285353845 -0.36310081080246764 -0.30290939887818924 -0.18972995942142637 -0.21325058377280973 -0.29017176673279965 -0.37510061583846976 1.8787242455531594
0 0 0 0 0 0 0 0 0 0 0 0 0 0 0 0 0 0 0 0 0 0 0 0 0 0 0 0 0 0 0 0 0 0 0 0 0 0 0 0 0 0 0 0 0 0 0 0 0 0 0 0 0 0 0 0 0 0 0 0 0 0 0 0 0 0 0 0 0 0 0 0 0 0 0 0 0 0 0 0 0 0 0 0 0 0 0 0 0 0 0 0 0 0 0 0 0 0 0 0 0 0 0 0 0 0 0 0 0 0 0 0 0 0 0 0 0 0 0 0 0 0 0 0 0 0 0 0 0 0 0 0 0 0 0 0 0 0 0 0 0 0 0 0 0 0 0 0 0 0 0 0 0 0 0 0 0 0 0 0 0 0 0 0 0 0 0 0 0 0 0 0 0 0 0 0 0 0 0 0 0 0 0 0 0 0 0 0 0 0 0 0 0 0 0 0 0 0 0 0 0 0 0 0 0 0 0 0 0 0 0 0 0 0 0 0 0 0 0 0 0 0 -0.025339146045295288 -0.018976320662010399 -0.024722590642961499 -0.0010692435502231694 -0.0010437195061658668 -0.028344466329696383 -0.019798491969595121 -0.02751581366229933 -0.002331824931602017 -0.017789768591069642 -0.033821300072266192 -0.0031442882036837338 -0.024135761876166575 -0.019878024425473071 -0.020531351401047417 -0.0034732579633455435 -0.029074047969864854 -0.0039923089190015051 -0.022243470189885026 -0.026827083830832092 -0.044418300381082701 -0.040557620973689222 -0.029847561378416595 -0.042100763395566794 -0.028669678997759677 -0.008398151397265019 -0.026052515863605699 -0.029149326891973412 -0.036100605426669652 -0.031638765510367227 -0.038214250975226724 -0.038987540171581521 -0.032208002717494633 -0.058760637807689246 -0.041305543370502629 -0.034926720233293497 -0.049802106684856226 -0.053880791852032532 -0.057615823180981816 -0.068999331358572252 -0.056556166698681125 -0.031073903704275183 -0.10517158506518082 -0.087737236225812171 -0.041695784276731956 -0.062475972803570895 -0.083426534031655342 -0.10784420774250947 -0.20343246506129856 1.3350252973028205
0 0 0 0 0 0 0 0 0 0 0 0 0 0 0 0 0 0 0 0 0 0 0 0 0 0 0 0 0 0 0 0 0 0 0 0 0 0 0 0 0 0 0 0 0 0 0 0 0 0 0 0 0 0 0 0 0 0 0 0 0 0 0 0 0 0 0 0 0 0 0 0 0 0 0 0 0 0 0 0 0 0 0 0 0 0 0 0 0 0 0 0 0 0 0 0 0 0 0 0 0 0 0 0 0 0 0 0 0 0 0 0 0 0 0 0 0 0 0 0 0 0 0 0 0 0 0 0 0 0 0 0 0 0 0 0 0 0 0 0 0 0 0 0 0 0 0 0 0 0 0 0 0 0 0 0 0 0 0 0 0 0 0 0 0 0 0 0 0 0 0 0 0 0 0 0 0 0 0 0 0 0 0 0 0 0 0 0 0 0 0 0 0 0 0 0 0 0 0 0 0 0 0 0 0 0 0 0 0 0 0 0 0 0 0 0 0 0 0 0 0 -0.024580505342461548 -0.047044020087376397 -0.03523095880233449 -0.045899338862504142 -0.027686497126388682 -0.027025589354442024 -0.053565138466968566 -0.037415026674092446 -0.051999157497213649 -0.029750506115041504 -0.032919448589889919 -0.064450571919255281 -0.031657876394441661 -0.046398311371580882 -0.036922394151002118 -0.038135914950922695 -0.031159329932021997 -0.05626884256527051 -0.032192370657409056 -0.042352679078611684 -0.052297410875539255 -0.086590183266690324 -0.079064075006082382 -0.058185607905915343 -0.082072316743622864 -0.055118686068836707 -0.040609430046615082 -0.049228061848738777 -0.05564733087807465 -0.070774215051817718 -0.061007362584950507 -0.074887035586632067 -0.076402421446315955 -0.061122791669539878 -0.11506644313188262 -0.080885472564620267 -0.066501131860996918 -0.097459068827812662 -0.10544075644898618 -0.11274993872244729 -0.13502662902396689 -0.11067626873302676 -0.087784818457823863 -0.20769358188343162 -0.17326410783861654 -0.10852549399640891 -0.12197928582043947 -0.16597818512436421 -0.21455746765752748 -0.40473156098559759 -0.22542654291806508 1.5418355267629287
0 0 0 0 0 0 0 0 0 0 0 0 0 0 0 0 0 0 0 0 0 0 0 0 0 0 0 0 0 0 0 0 0 0 0 0 0 0 0 0 0 0 0 0 0 0 0 0 0 0 0 0 0 0 0 0 0 0 0 0 0 0 0 0 0 0 0 0 0 0 0 0 0 0 0 0 0 0 0 0 0 0 0 0 0 0 0 0 0 0 0 0 0 0 0 0 0 0 0 0 0 0 0 0 0 0 0 0 0 0 0 0 0 0 0 0 0 0 0 0 0 0 0 0 0 0 0 0 0 0 0 0 0 0 0 0 0 0 0 0 0 0 0 0 0 0 0 0 0 0 0 0 0 0 0 0 0 0 0 0 0 0 0 0 0 0 0 0 0 0 0 0 0 0 0 0 0 0 0 0 0 0 0 0 0 0 0 0 0 0 0 0 0 0 0 0 0 0 0 0 0 0 0 0 0 0 0 0 0 0 0 0 0 0 0 0 0 0 0 0 0 -0.037377648921626525 -0.071536156079359592 -0.053572959177984054 -0.069795529011104931 -0.042100687314678101 -0.041095696639131228 -0.081452309957110516 -0.056894100098164833 -0.079071045369993653 -0.045239264096322979 -0.050058026673718337 -0.098004935880405888 -0.048139652663347667 -0.070554277417860328 -0.056144992411447443 -0.057990298428819774 -0.047381552112369635 -0.085563620980474445 -0.048952416218589367 -0.064402401310927906 -0.079524575918264909 -0.13167090851507174 -0.12022654525273263 -0.088478295881156813 -0.12480094280764684 -0.083814668095670522 -0.061751579068131911 -0.074857257295507018 -0.084618536844854417 -0.10762080461953133 -0.092769117174962709 -0.11387484862254343 -0.11617917718922476 -0.092944641141575995 -0.17497252615934025 -0.12299620183794696 -0.10112306174996415 -0.14819837135657773 -0.16033549846400985 -0.1714499993709401 -0.20532441723279413 -0.16829673186223551 -0.13348749666660106 -0.31582335996581334 -0.2634691558730175 -0.16502621720459359 -0.18548434450739643 -0.25239002395569982 -0.32626073336916417 -0.61544357950560491 -0.34278848467170969 -0.64062416828272772 1.5450012991753854
0 0 0 0 0 0 0 0 0 0 0 0 0 0 0 0 0 0 0 0 0 0 0 0 0 0 0 0 0 0 0 0 0 0 0 0 0 0 0 0 0 0 0 0 0 0 0 0 0 0 0 0 0 0 0 0 0 0 0 0 0 0 0 0 0 0 0 0 0 0 0 0 0 0 0 0 0 0 0 0 0 0 0 0 0 0 0 0 0 0 0 0 0 0 0 0 0 0 0 0 0 0 0 0 0 0 0 0 0 0 0 0 0 0 0 0 0 0 0 0 0 0 0 0 0 0 0 0 0 0 0 0 0 0 0 0 0 0 0 0 0 0 0 0 0 0 0 0 0 0 0 0 0 0 0 0 0 0 0 0 0 0 0 0 0 0 0 0 0 0 0 0 0 0 0 0 0 0 0 0 0 0 0 0 0 0 0 0 0 0 0 0 0 0 0 0 0 0 0 0 0 0 0 0 0 0 0 0 0 0 0 0 0 0 0 0 0 0 0 0 0 -0.015745600507856897 -0.030135114647128175 -0.022567990164630281 -0.029401863112036582 -0.017735214029997049 -0.017311854558553077 -0.034312365010330172 -0.023967044403411422 -0.033309240363007919 -0.019057361826682651 -0.021087299842446096 -0.041285276433696873 -0.02027917114352034 -0.029721491276017177 -0.023651477461329284 -0.024428825748409013 -0.019959815893394135 -0.036044284026242525 -0.02062155357305781 -0.027129969702343413 -0.033500293332822915 -0.055467306901301049 -0.050646287463362673 -0.037272111562764706 -0.052573284975025232 -0.035307525181700584 -0.026013291974969464 -0.031534152160302378 -0.035646160610909167 -0.045336029546065339 -0.039079650557110768 -0.047970590072771373 -0.048941304874170623 -0.039153591276702066 -0.073708421375896477 -0.051813025002852439 -0.042598809138180926 -0.06242961819745757 -0.067542469333370866 -0.072224531907495865 -0.086494371409903417 -0.070896195537529572 -0.056232557583098391 -0.13304283711096798 -0.11098825619603285 -0.069518467971990489 -0.07813659963469248 -0.10632109306039327 -0.13743965490721446 -0.25925998605048717 -0.14440208771963603 -0.26986748820420886 -0.52142418987031092 1.245904173445926
0 0 0 0 0 0 0 0 0 0 0 0 0 0 0 0 0 0 0 0 0 0 0 0 0 0 0 0 0 0 0 0 0 0 0 0 0 0 0 0 0 0 0 0 0 0 0 0 0 0 0 0 0 0 0 0 0 0 0 0 0 0 0 0 0 0 0 0 0 0 0 0 0 0 0 0 0 0 0 0 0 0 0 0 0 0 0 0 0 0 0 0 0 0 0 0 0 0 0 0 0 0 0 0 0 0 0 0 0 0 0 0 0 0 0 0 0 0 0 0 0 0 0 0 0 0 0 0 0 0 0 0 0 0 0 0 0 0 0 0 0 0 0 0 0 0 0 0 0 0 0 0 0 0 0 0 0 0 0 0 0 0 0 0 0 0 0 0 0 0 0 0 0 0 0 0 0 0 0 0 0 0 0 0 0 0 0 0 0 0 0 0 0 0 0 0 0 0 0 0 0 0 0 0 0 0 0 0 0 0 0 0 0 0 0 0 0 0 0 0 0 0 0 0 0 0 0 0 0 0 0 0 0 0 0 0 0 0 0 0 0 0 0 0 0 0 0 0 0 0 0 0 0 0 0 0 0 0 0 0 0 0 0 0 0 0 0 0 0 0 0 0 0 0 0 1.2893869587462055
0 0 0 0 0 0 0 0 0 0 0 0 0 0 0 0 0 0 0 0 0 0 0 0 0 0 0 0 0 0 0 0 0 0 0 0 0 0 0 0 0 0 0 0 0 0 0 0 0 0 0 0 0 0 0 0 0 0 0 0 0 0 0 0 0 0 0 0 0 0 0 0 0 0 0 0 0 0 0 0 0 0 0 0 0 0 0 0 0 0 0 0 0 0 0 0 0 0 0 0 0 0 0 0 0 0 0 0 0 0 0 0 0 0 0 0 0 0 0 0 0 0 0 0 0 0 0 0 0 0 0 0 0 0 0 0 0 0 0 0 0 0 0 0 0 0 0 0 0 0 0 0 0 0 0 0 0 0 0 0 0 0 0 0 0 0 0 0 0 0 0 0 0 0 0 0 0 0 0 0 0 0 0 0 0 0 0 0 0 0 0 0 0 0 0 0 0 0 0 0 0 0 0 0 0 0 0 0 0 0 0 0 0 0 0 0 0 0 0 0 0 0 0 0 0 0 0 0 0 0 0 0 0 0 0 0 0 0 0 0 0 0 0 0 0 0 0 0 0 0 0 0 0 0 0 0 0 0 0 0 0 0 0 0 0 0 0 0 0 0 0 0 0 0 0 -0.019925467587577048 1.7192805957116986
0 0 0 0 0 0 0 0 0 0 0 0 0 0 0 0 0 0 0 0 0 0 0 0 0 0 0 0 0 0 0 0 0 0 0 0 0 0 0 0 0 0 0 0 0 0 0 0 0 0 0 0 0 0 0 0 0 0 0 0 0 0 0 0 0 0 0 0 0 0 0 0 0 0 0 0 0 0 0 0 0 0 0 0 0 0 0 0 0 0 0 0 0 0 0 0 0 0 0 0 0 0 0 0 0 0 0 0 0 0 0 0 0 0 0 0 0 0 0 0 0 0 0 0 0 0 0 0 0 0 0 0 0 0 0 0 0 0 0 0 0 0 0 0 0 0 0 0 0 0 0 0 0 0 0 0 0 0 0 0 0 0 0 0 0 0 0 0 0 0 0 0 0 0 0 0 0 0 0 0 0 0 0 0 0 0 0 0 0 0 0 0 0 0 0 0 0 0 0 0 0 0 0 0 0 0 0 0 0 0 0 0 0 0 0 0 0 0 0 0 0 0 0 0 0 0 0 0 0 0 0 0 0 0 0 0 0 0 0 0 0 0 0 0 0 0 0 0 0 0 0 0 0 0 0 0 0 0 0 0 0 0 0 0 0 0 0 0 0 0 0 0 0 0 0 0 -0.017385788196790087 1.3480966693310201
0 0 0 0 0 0 0 0 0 0 0 0 0 0 0 0 0 0 0 0 0 0 0 0 0 0 0 0 0 0 0 0 0 0 0 0 0 0 0 0 0 0 0 0 0 0 0 0 0 0 0 0 0 0 0 0 0 0 0 0 0 0 0 0 0 0 0 0 0 0 0 0 0 0 0 0 0 0 0 0 0 0 0 0 0 0 0 0 0 0 0 0 0 0 0 0 0 0 0 0 0 0 0 0 0 0 0 0 0 0 0 0 0 0 0 0 0 0 0 0 0 0 0 0 0 0 0 0 0 0 0 0 0 0 0 0 0 0 0 0 0 0 0 0 0 0 0 0 0 0 0 0 0 0 0 0 0 0 0 0 0 0 0 0 0 0 0 0 0 0 0 0 0 0 0 0 0 0 0 0 0 0 0 0 0 0 0 0 0 0 0 0 0 0 0 0 0 0 0 0 0 0 0 0 0 0 0 0 0 0 0 0 0 0 0 0 0 0 0 0 0 0 0 0 0 0 0 0 0 0 0 0 0 0 0 0 0 0 0 0 0 0 0 0 0 0 0 0 0 0 0 0 0 0 0 0 0 0 0 0 0 0 0 0 0 0 0 0 0 0 0 0 0 0 0 0 -0.023261786046265599 -0.015162002898633056 1.4829637944051144
0 0 0 0 0 0 0 0 0 0 0 0 0 0 0 0 0 0 0 0 0 0 0 0 0 0 0 0 0 0 0 0 0 0 0 0 0 0 0 0 0 0 0 0 0 0 0 0 0 0 0 0 0 0 0 0 0 0 0 0 0 0 0 0 0 0 0 0 0 0 0 0 0 0 0 0 0 0 0 0 0 0 0 0 0 0 0 0 0 0 0 0 0 0 0 0 0 0 0 0 0 0 0 0 0 0 0 0 0 0 0 0 0 0 0 0 0 0 0 0 0 0 0 0 0 0 0 0 0 0 0 0 0 0 0 0 0 0 0 0 0 0 0 0 0 0 0 0 0 0 0 0 0 0 0 0 0 0 0 0 0 0 0 0 0 0 0 0 0 0 0 0 0 0 0 0 0 0 0 0 0 0 0 0 0 0 0 0 0 0 0 0 0 0 0 0 0 0 0 0 0 0 0 0 0 0 0 0 0 0 0 0 0 0 0 0 0 0 0 0 0 0 0 0 0 0 0 0 0 0 0 0 0 0 0 0 0 0 0 0 0 0 0 0 0 0 0 0 0 0 0 0 0 0 0 0 0 0 0 0 0 0 0 0 0 0 0 0 0 0 0 0 0 0 0 0 -0.020139331772586932 -0.00025972778109216319 -0.01596871467454973 1.4124505943244896
0 0 0 0 0 0 0 0 0 0 0 0 0 0 0 0 0 0 0 0 0 0 0 0 0 0 0 0 0 0 0 0 0 0 0 0 0 0 0 0 0 0 0 0 0 0 0 0 0 0 0 0 0 0 0 0 0 0 0 0 0 0 0 0 0 0 0 0 0 0 0 0 0 0 0 0 0 0 0 0 0 0 0 0 0 0 0 0 0 0 0 0 0 0 0 0 0 0 0 0 0 0 0 0 0 0 0 0 0 0 0 0 0 0 0 0 0 0 0 0 0 0 0 0 0 0 0 0 0 0 0 0 0 0 0 0 0 0 0 0 0 0 0 0 0 0 0 0 0 0 0 0 0 0 0 0 0 0 0 0 0 0 0 0 0 0 0 0 0 0 0 0 0 0 0 0 0 0 0 0 0 0 0 0 0 0 0 0 0 0 0 0 0 0 0 0 0 0 0 0 0 0 0 0 0 0 0 0 0 0 0 0 0 0 0 0 0 0 0 0 0 0 0 0 0 0 0 0 0 0 0 0 0 0 0 0 0 0 0 0 0 0 0 0 0 0 0 0 0 0 0 0 0 0 0 0 0 0 0 0 0 0 0 0 0 0 0 0 0 0 0 0 0 0 0 0 -0.022119828133749683 -0.00028526933982680189 -0.017539073694526626 -0.016138541504170323 1.457383964403562
0 0 0 0 0 0 0 0 0 0 0 0 0 0 0 0 0 0 0 0 0 0 0 0 0 0 0 0 0 0 0 0 0 0 0 0 0 0 0 0 0 0 0 0 0 0 0 0 0 0 0 0 0 0 0 0 0 0 0 0 0 0 0 0 0 0 0 0 0 0 0 0 0 0 0 0 0 0 0 0 0 0 0 0 0 0 0 0 0 0 0 0 0 0 0 0 0 0 0 0 0 0 0 0 0 0 0 0 0 0 0 0 0 0 0 0 0 0 0 0 0 0 0 0 0 0 0 0 0 0 0 0 0 0 0 0 0 0 0 0 0 0 0 0 0 0 0 0 0 0 0 0 0 0 0 0 0 0 0 0 0 0 0 0 0 0 0 0 0 0 0 0 0 0 0 0 0 0 0 0 0 0 0 0 0 0 0 0 0 0 0 0 0 0 0 0 0 0 0 0 0 0 0 0 0 0 0 0 0 0 0 0 0 0 0 0 0 0 0 0 0 0 0 0 0 0 0 0 0 0 0 0 0 0 0 0 0 0 0 0 0 0 0 0 0 0 0 0 0 0 0 0 0 0 0 0 0 0 0 0 0 0 0 0 0 0 0 0 0 0 0 0 0 0 0 0 -0.019946024248179286 -0.00025723478207165154 -0.015815438849087475 -0.00046325063967572711 -0.015495965604385056 1.4079110924924219
0 0 0 0 0 0 0 0 0 0 0 0 0 0 0 0 0 0 0 0 0 0 0 0 0 0 0 0 0 0 0 0 0 0 0 0 0 0 0 0 0 0 0 0 0 0 0 0 0 0 0 0 0 0 0 0 0 0 0 0 0 0 0 0 0 0 0 0 0 0 0 0 0 0 0 0 0 0 0 0 0 0 0 0 0 0 0 0 0 0 0 0 0 0 0 0 0 0 0 0 0 0 0 0 0 0 0 0 0 0 0 0 0 0 0 0 0 0 0 0 0 0 0 0 0 0 0 0 0 0 0 0 0 0 0 0 0 0 0 0 0 0 0 0 0 0 0 0 0 0 0 0 0 0 0 0 0 0 0 0 0 0 0 0 0 0 0 0 0 0 0 0 0 0 0 0 0 0 0 0 0 0 0 0 0 0 0 0 0 0 0 0 0 0 0 0 0 0 0 0 0 0 0 0 0 0 0 0 0 0 0 0 0 0 0 0 0 0 0 0 0 0 0 0 0 0 0 0 0 0 0 0 0 0 0 0 0 0 0 0 0 0 0 0 0 0 0 0 0 0 0 0 0 0 0 0 0 0 0 0 0 0 0 0 0 0 0 0 0 0 0 0 0 0 0 -0.022554709051964158 -0.03954528142037618 -0.02560855821173532 -0.031409403445040104 -0.028672662501074257 -0.030838878549637145 -0.028837866952671737 1.803562565789955
0 0 0 0 0 0 0 0 0 0 0 0 0 0 0 0 0 0 0 0 0 0 0 0 0 0 0 0 0 0 0 0 0 0 0 0 0 0 0 0 0 0 0 0 0 0 0 0 0 0 0 0 0 0 0 0 0 0 0 0 0 0 0 0 0 0 0 0 0 0 0 0 0 0 0 0 0 0 0 0 0 0 0 0 0 0 0 0 0 0 0 0 0 0 0 0 0 0 0 0 0 0 0 0 0 0 0 0 0 0 0 0 0 0 0 0 0 0 0 0 0 0 0 0 0 0 0 0 0 0 0 0 0 0 0 0 0 0 0 0 0 0 0 0 0 0 0 0 0 0 0 0 0 0 0 0 0 0 0 0 0 0 0 0 0 0 0 0 0 0 0 0 0 0 0 0 0 0 0 0 0 0 0 0 0 0 0 0 0 0 0 0 0 0 0 0 0 0 0 0 0 0 0 0 0 0 0 0 0 0 0 0 0 0 0 0 0 0 0 0 0 0 0 0 0 0 0 0 0 0 0 0 0 0 0 0 0 0 0 0 0 0 0 0 0 0 0 0 0 0 0 0 0 0 0 0 0 0 0 0 0 0 0 0 0 0 0 0 0 0 0 0 0 0 0 -0.016106092589555865 -0.028238890715425007 -0.01828681579057299 -0.022429141466778046 -0.020474862077246594 -0.02202173533403529 -0.020592832927037154 -0.032772114168836769 1.5848122580546717
0 0 0 0 0 0 0 0 0 0 0 0 0 0 0 0 0 0 0 0 0 0 0 0 0 0 0 0 0 0 0 0 0 0 0 0 0 0 0 0 0 0 0 0 0 0 0 0 0 0 0 0 0 0 0 0 0 0 0 0 0 0 0 0 0 0 0 0 0 0 0 0 0 0 0 0 0 0 0 0 0 0 0 0 0 0 0 0 0 0 0 0 0 0 0 0 0 0 0 0 0 0 0 0 0 0 0 0 0 0 0 0 0 0 0 0 0 0 0 0 0 0 0 0 0 0 0 0 0 0 0 0 0 0 0 0 0 0 0 0 0 0 0 0 0 0 0 0 0 0 0 0 0 0 0 0 0 0 0 0 0 0 0 0 0 0 0 0 0 0 0 0 0 0 0 0 0 0 0 0 0 0 0 0 0 0 0 0 0 0 0 0 0 0 0 0 0 0 0 0 0 0 0 0 0 0 0 0 0 0 0 0 0 0 0 0 0 0 0 0 0 0 0 0 0 0 0 0 0 0 0 0 0 0 0 0 0 0 0 0 0 0 0 0 0 0 0 0 0 0 0 0 0 0 0 0 0 0 0 0 0 0 0 0 0 0 0 0 0 0 0 0 0 0 0 -0.023267626965830263 -0.040795243876930017 -0.026418003363759549 -0.032402203943074602 -0.029578959039334239 -0.031813645677465245 -0.02974938533674347 -0.047344153966714188 -0.039453499197839817 1.8249954322501418
0 0 0 0 0 0 0 0 0 0 0 0 0 0 0 0 0 0 0 0 0 0 0 0 0 0 0 0 0 0 0 0 0 0 0 0 0 0 0 0 0 0 0 0 0 0 0 0 0 0 0 0 0 0 0 0 0 0 0 0 0 0 0 0 0 0 0 0 0 0 0 0 0 0 0 0 0 0 0 0 0 0 0 0 0 0 0 0 0 0 0 0 0 0 0 0 0 0 0 0 0 0 0 0 0 0 0 0 0 0 0 0 0 0 0 0 0 0 0 0 0 0 0 0 0 0 0 0 0 0 0 0 0 0 0 0 0 0 0 0 0 0 0 0 0 0 0 0 0 0 0 0 0 0 0 0 0 0 0 0 0 0 0 0 0 0 0 0 0 0 0 0 0 0 0 0 0 0 0 0 0 0 0 0 0 0 0 0 0 0 0 0 0 0 0 0 0 0 0 0 0 0 0 0 0 0 0 0 0 0 0 0 0 0 0 0 0 0 0 0 0 0 0 0 0 0 0 0 0 0 0 0 0 0 0 0 0 0 0 0 0 0 0 0 0 0 0 0 0 0 0 0 0 0 0 0 0 0 0 0 0 0 0 0 0 0 0 0 0 0 0 0 0 0 0 0 -0.021905113407526711 -0.0002825002618832321 -0.017368823845217009 -0.01598188646599594 -0.017189315980002756 -0.016073969954545686 -0.025228655158331635 -0.021023899312924706 -0.02682942678583437 1.4517483595476099
0 0 0 0 0 0 0 0 0 0 0 0 0 0 0 0 0 0 0 0 0 0 0 0 0 0 0 0 0 0 0 0 0 0 0 0 0 0 0 0 0 0 0 0 0 0 0 0 0 0 0 0 0 0 0 0 0 0 0 0 0 0 0 0 0 0 0 0 0 0 0 0 0 0 0 0 0 0 0 0 0 0 0 0 0 0 0 0 0 0 0 0 0 0 0 0 0 0 0 0 0 0 0 0 0 0 0 0 0 0 0 0 0 0 0 0 0 0 0 0 0 0 0 0 0 0 0 0 0 0 0 0 0 0 0 0 0 0 0 0 0 0 0 0 0 0 0 0 0 0 0 0 0 0 0 0 0 0 0 0 0 0 0 0 0 0 0 0 0 0 0 0 0 0 0 0 0 0 0 0 0 0 0 0 0 0 0 0 0 0 0 0 0 0 0 0 0 0 0 0 0 0 0 0 0 0 0 0 0 0 0 0 0 0 0 0 0 0 0 0 0 0 0 0 0 0 0 0 0 0 0 0 0 0 0 0 0 0 0 0 0 0 0 0 0 0 0 0 0 0 0 0 0 0 0 0 0 0 0 0 0 0 0 0 0 0 0 0 0 0 0 0 0 0 0 0 -0.020967119242541594 -0.00027040337873437839 -0.0166250771630445 -0.015297529531993039 -0.016453255965641549 -0.015385669933221756 -0.024148344324569904 -0.020123639427760992 -0.025680569653400855 -0.017907638146066288 1.4304576533501361
0 0 0 0 0 0 0 0 0 0 0 0 0 0 0 0 0 0 0 0 0 0 0 0 0 0 0 0 0 0 0 0 0 0 0 0 0 0 0 0 0 0 0 0 0 0 0 0 0 0 0 0 0 0 0 0 0 0 0 0 0 0 0 0 0 0 0 0 0 0 0 0 0 0 0 0 0 0 0 0 0 0 0 0 0 0 0 0 0 0 0 0 0 0 0 0 0 0 0 0 0 0 0 0 0 0 0 0 0 0 0 0 0 0 0 0 0 0 0 0 0 0 0 0 0 0 0 0 0 0 0 0 0 0 0 0 0 0 0 0 0 0 0 0 0 0 0 0 0 0 0 0 0 0 0 0 0 0 0 0 0 0 0 0 0 0 0 0 0 0 0 0 0 0 0 0 0 0 0 0 0 0 0 0 0 0 0 0 0 0 0 0 0 0 0 0 0 0 0 0 0 0 0 0 0 0 0 0 0 0 0 0 0 0 0 0 0 0 0 0 0 0 0 0 0 0 0 0 0 0 0 0 0 0 0 0 0 0 0 0 0 0 0 0 0 0 0 0 0 0 0 0 0 0 0 0 0 0 0 0 0 0 0 0 0 0 0 0 0 0 0 0 0 0 0 0 -0.02081934911779925 -0.00026849765479852852 -0.016507908481080285 -0.015189717017500992 -0.016337298229228737 -0.015277236230957685 -0.023978153855775005 -0.019981813902083822 -0.025499580508576366 -0.017781430349369597 -0.017495941239954495 1.42699227582614
0 0 0 0 0 0 0 0 0 0 0 0 0 0 0 0 0 0 0 0 0 0 0 0 0 0 0 0 0 0 0 0 0 0 0 0 0 0 0 0 0 0 0 0 0 0 0 0 0 0 0 0 0 0 0 0 0 0 0 0 0 0 0 0 0 0 0 0 0 0 0 0 0 0 0 0 0 0 0 0 0 0 0 0 0 0 0 0 0 0 0 0 0 0 0 0 0 0 0 0 0 0 0 0 0 0 0 0 0 0 0 0 0 0 0 0 0 0 0 0 0 0 0 0 0 0 0 0 0 0 0 0 0 0 0 0 0 0 0 0 0 0 0 0 0 0 0 0 0 0 0 0 0 0 0 0 0 0 0 0 0 0 0 0 0 0 0 0 0 0 0 0 0 0 0 0 0 0 0 0 0 0 0 0 0 0 0 0 0 0 0 0 0 0 0 0 0 0 0 0 0 0 0 0 0 0 0 0 0 0 0 0 0 0 0 0 0 0 0 0 0 0 0 0 0 0 0 0 0 0 0 0 0 0 0 0 0 0 0 0 0 0 0 0 0 0 0 0 0 0 0 0 0 0 0 0 0 0 0 0 0 0 0 0 0 0 0 0 0 0 0 0 0 0 0 0 -0.019033016951187576 -0.00024546014316871687 -0.015091504550468472 -0.00044204585173917242 -0.014786654841764005 -0.00060210705295620458 -0.021490822621645929 -0.017909035900401292 -0.022854426780826363 -0.015936905230317048 -0.0018602548448667085 -0.0018744380567208339 1.3861733872647726
0 0 0 0 0 0 0 0 0 0 0 0 0 0 0 0 0 0 0 0 0 0 0 0 0 0 0 0 0 0 0 0 0 0 0 0 0 0 0 0 0 0 0 0 0 0 0 0 0 0 0 0 0 0 0 0 0 0 0 0 0 0 0 0 0 0 0 0 0 0 0 0 0 0 0 0 0 0 0 0 0 0 0 0 0 0 0 0 0 0 0 0 0 0 0 0 0 0 0 0 0 0 0 0 0 0 0 0 0 0 0 0 0 0 0 0 0 0 0 0 0 0 0 0 0 0 0 0 0 0 0 0 0 0 0 0 0 0 0 0 0 0 0 0 0 0 0 0 0 0 0 0 0 0 0 0 0 0 0 0 0 0 0 0 0 0 0 0 0 0 0 0 0 0 0 0 0 0 0 0 0 0 0 0 0 0 0 0 0 0 0 0 0 0 0 0 0 0 0 0 0 0 0 0 0 0 0 0 0 0 0 0 0 0 0 0 0 0 0 0 0 0 0 0 0 0 0 0 0 0 0 0 0 0 0 0 0 0 0 0 0 0 0 0 0 0 0 0 0 0 0 0 0 0 0 0 0 0 0 0 0 0 0 0 0 0 0 0 0 0 0 0 0 0 0 -0.019889339801683809 -0.034872076510097501 -0.022582304871720325 -0.027697643833369461 -0.025284313186616413 -0.027194539870297591 -0.025429994847461827 -0.040470133342350473 -0.033725143224260852 -0.043037984890882765 -0.029625737840727851 -0.029150082882396431 -0.029372332969381493 -0.026849735027732871 1.7144400240143562
0 0 0 0 0 0 0 0 0 0 0 0 0 0 0 0 0 0 0 0 0 0 0 0 0 0 0 0 0 0 0 0 0 0 0 0 0 0 0 0 0 0 0 0 0 0 0 0 0 0 0 0 0 0 0 0 0 0 0 0 0 0 0 0 0 0 0 0 0 0 0 0 0 0 0 0 0 0 0 0 0 0 0 0 0 0 0 0 0 0 0 0 0 0 0 0 0 0 0 0 0 0 0 0 0 0 0 0 0 0 0 0 0 0 0 0 0 0 0 0 0 0 0 0 0 0 0 0 0 0 0 0 0 0 0 0 0 0 0 0 0 0 0 0 0 0 0 0 0 0 0 0 0 0 0 0 0 0 0 0 0 0 0 0 0 0 0 0 0 0 0 0 0 0 0 0 0 0 0 0 0 0 0 0 0 0 0 0 0 0 0 0 0 0 0 0 0 0 0 0 0 0 0 0 0 0 0 0 0 0 0 0 0 0 0 0 0 0 0 0 0 0 0 0 0 0 0 0 0 0 0 0 0 0 0 0 0 0 0 0 0 0 0 0 0 0 0 0 0 0 0 0 0 0 0 0 0 0 0 0 0 0 0 0 0 0 0 0 0 0 0 0 0 0 0 -0.027629755500047159 -0.048443385117859311 -0.03137075279795519 -0.038476849139989909 -0.035124312737302446 -0.037777950150410952 -0.0353266899257937 -0.056220060618039115 -0.046850095115350057 -0.059787253453688308 -0.041155307376190838 -0.040494539832765838 -0.040803283894886341 -0.037298956197354453 -0.0585859169443071 1.9525944309764856
0 0 0 0 0 0 0 0 0 0 0 0 0 0 0 0 0 0 0 0 0 0 0 0 0 0 0 0 0 0 0 0 0 0 0 0 0 0 0 0 0 0 0 0 0 0 0 0 0 0 0 0 0 0 0 0 0 0 0 0 0 0 0 0 0 0 0 0 0 0 0 0 0 0 0 0 0 0 0 0 0 0 0 0 0 0 0 0 0 0 0 0 0 0 0 0 0 0 0 0 0 0 0 0 0 0 0 0 0 0 0 0 0 0 0 0 0 0 0 0 0 0 0 0 0 0 0 0 0 0 0 0 0 0 0 0 0 0 0 0 0 0 0 0 0 0 0 0 0 0 0 0 0 0 0 0 0 0 0 0 0 0 0 0 0 0 0 0 0 0 0 0 0 0 0 0 0 0 0 0 0 0 0 0 0 0 0 0 0 0 0 0 0 0 0 0 0 0 0 0 0 0 0 0 0 0 0 0 0 0 0 0 0 0 0 0 0 0 0 0 0 0 0 0 0 0 0 0 0 0 0 0 0 0 0 0 0 0 0 0 0 0 0 0 0 0 0 0 0 0 0 0 0 0 0 0 0 0 0 0 0 0 0 0 0 0 0 0 0 0 0 0 0 0 0 0 -0.017781569243804599 -0.00022932079257547208 -0.014099216842267202 -0.00041298071355661556 -0.00044418135456509639 -0.00041536020141551359 -0.01984680196539548 -0.016539017382630323 -0.021106092136967541 -0.0014259068100407333 -0.0014030132150200491 -0.0014137102621035031 -0.0012922959161273957 -0.01982784118178783 -0.024779709311886933 1.3566287310413827
0 0 0 0 0 0 0 0 0 0 0 0 0 0 0 0 0 0 0 0 0 0 0 0 0 0 0 0 0 0 0 0 0 0 0 0 0 0 0 0 0 0 0 0 0 0 0 0 0 0 0 0 0 0 0 0 0 0 0 0 0 0 0 0 0 0 0 0 0 0 0 0 0 0 0 0 0 0 0 0 0 0 0 0 0 0 0 0 0 0 0 0 0 0 0 0 0 0 0 0 0 0 0 0 0 0 0 0 0 0 0 0 0 0 0 0 0 0 0 0 0 0 0 0 0 0 0 0 0 0 0 0 0 0 0 0 0 0 0 0 0 0 0 0 0 0 0 0 0 0 0 0 0 0 0 0 0 0 0 0 0 0 0 0 0 0 0 0 0 0 0 0 0 0 0 0 0 0 0 0 0 0 0 0 0 0 0 0 0 0 0 0 0 0 0 0 0 0 0 0 0 0 0 0 0 0 0 0 0 0 0 0 0 0 0 0 0 0 0 0 0 0 0 0 0 0 0 0 0 0 0 0 0 0 0 0 0 0 0 0 0 0 0 0 0 0 0 0 0 0 0 0 0 0 0 0 0 0 0 0 0 0 0 0 0 0 0 0 0 0 0 0 0 0 0 0 -0.015377337154335109 -0.00019831450731835827 -0.00024323666790862814 -0.00022204315019969974 -0.0002388184822923534 -0.00022332250529476138 -0.016948421142071669 -0.014123697730526458 -0.018023807504322326 -0.0010748805273872539 -0.0010576228221036092 -0.0010656864960615312 -0.00097416163951676872 -0.016922920989229283 -0.02114930510974113 -0.001542776899187473 1.2992510071352359
0 0 0 0 0 0 0 0 0 0 0 0 0 0 0 0 0 0 0 0 0 0 0 0 0 0 0 0 0 0 0 0 0 0 0 0 0 0 0 0 0 0 0 0 0 0 0 0 0 0 0 0 0 0 0 0 0 0 0 0 0 0 0 0 0 0 0 0 0 0 0 0 0 0 0 0 0 0 0 0 0 0 0 0 0 0 0 0 0 0 0 0 0 0 0 0 0 0 0 0 0 0 0 0 0 0 0 0 0 0 0 0 0 0 0 0 0 0 0 0 0 0 0 0 0 0 0 0 0 0 0 0 0 0 0 0 0 0 0 0 0 0 0 0 0 0 0 0 0 0 0 0 0 0 0 0 0 0 0 0 0 0 0 0 0 0 0 0 0 0 0 0 0 0 0 0 0 0 0 0 0 0 0 0 0 0 0 0 0 0 0 0 0 0 0 0 0 0 0 0 0 0 0 0 0 0 0 0 0 0 0 0 0 0 0 0 0 0 0 0 0 0 0 0 0 0 0 0 0 0 0 0 0 0 0 0 0 0 0 0 0 0 0 0 0 0 0 0 0 0 0 0 0 0 0 0 0 0 0 0 0 0 0 0 0 0 0 0 0 0 0 0 0 0 0 0 -0.015695718891977999 -0.00020242053145024203 -0.00024827278776539958 -0.00022664046658047197 -0.00024376312534793229 -0.00022794631022125117 -0.017299331557793063 -0.014416123355343882 -0.018396983373107176 -0.0010971355073381565 -0.001079520488031883 -0.001087751117198027 -0.00099433127437756775 -0.017273303434282374 -0.02158719318120593 -0.0015747194900943772 -0.0014052361873023145 1.3069400878131507
0 0 0 0 0 0 0 0 0 0 0 0 0 0 0 0 0 0 0 0 0 0 0 0 0 0 0 0 0 0 0 0 0 0 0 0 0 0 0 0 0 0 0 0 0 0 0 0 0 0 0 0 0 0 0 0 0 0 0 0 0 0 0 0 0 0 0 0 0 0 0 0 0 0 0 0 0 0 0 0 0 0 0 0 0 0 0 0 0 0 0 0 0 0 0 0 0 0 0 0 0 0 0 0 0 0 0 0 0 0 0 0 0 0 0 0 0 0 0 0 0 0 0 0 0 0 0 0 0 0 0 0 0 0 0 0 0 0 0 0 0 0 0 0 0 0 0 0 0 0 0 0 0 0 0 0 0 0 0 0 0 0 0 0 0 0 0 0 0 0 0 0 0 0 0 0 0 0 0 0 0 0 0 0 0 0 0 0 0 0 0 0 0 0 0 0 0 0 0 0 0 0 0 0 0 0 0 0 0 0 0 0 0 0 0 0 0 0 0 0 0 0 0 0 0 0 0 0 0 0 0 0 0 0 0 0 0 0 0 0 0 0 0 0 0 0 0 0 0 0 0 0 0 0 0 0 0 0 0 0 0 0 0 0 0 0 0 0 0 0 0 0 0 0 0 0 -0.015467288904513569 -0.00019947457403472318 -0.00024465951269419557 -0.00022334202072423471 -0.00024021548232178343 -0.00022462885957469199 -0.017047563154059104 -0.014206316152500311 -0.018129240129855732 -0.001081168181985758 -0.0010638095254919819 -0.0010719203689681437 -0.00097986012577298788 -0.017021913834728463 -0.021273020743376714 -0.0015518015749700117 -0.0013847848727203435 -0.001406629492142774 1.3014243504448006
0 0 0 0 0 0 0 0 0 0 0 0 0 0 0 0 0 0 0 0 0 0 0 0 0 0 0 0 0 0 0 0 0 0 0 0 0 0 0 0 0 0 0 0 0 0 0 0 0 0 0 0 0 0 0 0 0 0 0 0 0 0 0 0 0 0 0 0 0 0 0 0 0 0 0 0 0 0 0 0 0 0 0 0 0 0 0 0 0 0 0 0 0 0 0 0 0 0 0 0 0 0 0 0 0 0 0 0 0 0 0 0 0 0 0 0 0 0 0 0 0 0 0 0 0 0 0 0 0 0 0 0 0 0 0 0 0 0 0 0 0 0 0 0 0 0 0 0 0 0 0 0 0 0 0 0 0 0 0 0 0 0 0 0 0 0 0 0 0 0 0 0 0 0 0 0 0 0 0 0 0 0 0 0 0 0 0 0 0 0 0 0 0 0 0 0 0 0 0 0 0 0 0 0 0 0 0 0 0 0 0 0 0 0 0 0 0 0 0 0 0 0 0 0 0 0 0 0 0 0 0 0 0 0 0 0 0 0 0 0 0 0 0 0 0 0 0 0 0 0 0 0 0 0 0 0 0 0 0 0 0 0 0 0 0 0 0 0 0 0 0 0 0 0 0 0 -0.025399891069822742 -0.016555617064814645 -0.020305791968876219 -0.018536522699623373 -0.019936954660030728 -0.018643325340187672 -0.029487230382983936 -0.024572715378533797 -0.031358210880140583 -0.021710368427626379 -0.021361798395536993 -0.021524667968523349 -0.019676054745710232 -0.030736233258521178 -0.038412397926006807 -0.019513477481322747 -0.0025203305246511228 -0.0025600880799323154 -0.0025362888323022729 1.5268422024066255
0 0 0 0 0 0 0 0 0 0 0 0 0 0 0 0 0 0 0 0 0 0 0 0 0 0 0 0 0 0 0 0 0 0 0 0 0 0 0 0 0 0 0 0 0 0 0 0 0 0 0 0 0 0 0 0 0 0 0 0 0 0 0 0 0 0 0 0 0 0 0 0 0 0 0 0 0 0 0 0 0 0 0 0 0 0 0 0 0 0 0 0 0 0 0 0 0 0 0 0 0 0 0 0 0 0 0 0 0 0 0 0 0 0 0 0 0 0 0 0 0 0 0 0 0 0 0 0 0 0 0 0 0 0 0 0 0 0 0 0 0 0 0 0 0 0 0 0 0 0 0 0 0 0 0 0 0 0 0 0 0 0 0 0 0 0 0 0 0 0 0 0 0 0 0 0 0 0 0 0 0 0 0 0 0 0 0 0 0 0 0 0 0 0 0 0 0 0 0 0 0 0 0 0 0 0 0 0 0 0 0 0 0 0 0 0 0 0 0 0 0 0 0 0 0 0 0 0 0 0 0 0 0 0 0 0 0 0 0 0 0 0 0 0 0 0 0 0 0 0 0 0 0 0 0 0 0 0 0 0 0 0 0 0 0 0 0 0 0 0 0 0 0 0 0 -0.022079985869454848 -0.038712946948409793 -0.025069558740460487 -0.030748309926617201 -0.028069170894856898 -0.03018979322841293 -0.028230898184197935 -0.044927583381042163 -0.037439688459340238 -0.047778262512264108 -0.032888767521586301 -0.03236072310867924 -0.032607452202205969 -0.029807010987903254 -0.046818228929933633 -0.058510762354034317 -0.029570320982213395 -0.026387737864260262 -0.026803997532038295 -0.02655482056826939 -0.04123899970658048 1.7828021911047236
0 0 0 0 0 0 0 0 0 0 0 0 0 0 0 0 0 0 0 0 0 0 0 0 0 0 0 0 0 0 0 0 0 0 0 0 0 0 0 0 0 0 0 0 0 0 0 0 0 0 0 0 0 0 0 0 0 0 0 0 0 0 0 0 0 0 0 0 0 0 0 0 0 0 0 0 0 0 0 0 0 0 0 0 0 0 0 0 0 0 0 0 0 0 0 0 0 0 0 0 0 0 0 0 0 0 0 0 0 0 0 0 0 0 0 0 0 0 0 0 0 0 0 0 0 0 0 0 0 0 0 0 0 0 0 0 0 0 0 0 0 0 0 0 0 0 0 0 0 0 0 0 0 0 0 0 0 0 0 0 0 0 0 0 0 0 0 0 0 0 0 0 0 0 0 0 0 0 0 0 0 0 0 0 0 0 0 0 0 0 0 0 0 0 0 0 0 0 0 0 0 0 0 0 0 0 0 0 0 0 0 0 0 0 0 0 0 0 0 0 0 0 0 0 0 0 0 0 0 0 0 0 0 0 0 0 0 0 0 0 0 0 0 0 0 0 0 0 0 0 0 0 0 0 0 0 0 0 0 0 0 0 0 0 0 0 0 0 0 0 0 0 0 0 0 0 -0.021221731177814888 -0.00027368699279540343 -0.016826961981916442 -0.015483293420392933 -0.016653054292464463 -0.015572504145010803 -0.024441587121112319 -0.020368008657514456 -0.02599241886180843 -0.018125097604936281 -0.017834090758376369 -0.017970063895686273 -0.016426732412898958 -0.025485321456385806 -0.031850106706991038 -0.0025043930773708933 -0.0020735239842823196 -0.0021062332831721527 -0.0020866531883051913 -0.02232761066870555 -0.02957346644058359 1.4348473153498864
0 0 0 0 0 0 0 0 0 0 0 0 0 0 0 0 0 0 0 0 0 0 0 0 0 0 0 0 0 0 0 0 0 0 0 0 0 0 0 0 0 0 0 0 0 0 0 0 0 0 0 0 0 0 0 0 0 0 0 0 0 0 0 0 0 0 0 0 0 0 0 0 0 0 0 0 0 0 0 0 0 0 0 0 0 0 0 0 0 0 0 0 0 0 0 0 0 0 0 0 0 0 0 0 0 0 0 0 0 0 0 0 0 0 0 0 0 0 0 0 0 0 0 0 0 0 0 0 0 0 0 0 0 0 0 0 0 0 0 0 0 0 0 0 0 0 0 0 0 0 0 0 0 0 0 0 0 0 0 0 0 0 0 0 0 0 0 0 0 0 0 0 0 0 0 0 0 0 0 0 0 0 0 0 0 0 0 0 0 0 0 0 0 0 0 0 0 0 0 0 0 0 0 0 0 0 0 0 0 0 0 0 0 0 0 0 0 0 0 0 0 0 0 0 0 0 0 0 0 0 0 0 0 0 0 0 0 0 0 0 0 0 0 0 0 0 0 0 0 0 0 0 0 0 0 0 0 0 0 0 0 0 0 0 0 0 0 0 0 0 0 0 0 0 0 0 -0.022837750409709957 -0.00029452805614556314 -0.018108322769559138 -0.016662334834629026 -0.017921172137371755 -0.016758338890359589 -0.026302796016598108 -0.021919017546947202 -0.027971722454536045 -0.019505310466183128 -0.019192143662138918 -0.01933847105391891 -0.017677616013016727 -0.027426009954390745 -0.03427546892391603 -0.017524495690839081 -0.0022490302631671612 -0.0022845081277338814 -0.0022632707433364587 -0.024217454188510273 -0.032076610406148967 -0.022375314484735065 1.4705852716199426
0 0 0 0 0 0 0 0 0 0 0 0 0 0 0 0 0 0 0 0 0 0 0 0 0 0 0 0 0 0 0 0 0 0 0 0 0 0 0 0 0 0 0 0 0 0 0 0 0 0 0 0 0 0 0 0 0 0 0 0 0 0 0 0 0 0 0 0 0 0 0 0 0 0 0 0 0 0 0 0 0 0 0 0 0 0 0 0 0 0 0 0 0 0 0 0 0 0 0 0 0 0 0 0 0 0 0 0 0 0 0 0 0 0 0 0 0 0 0 0 0 0 0 0 0 0 0 0 0 0 0 0 0 0 0 0 0 0 0 0 0 0 0 0 0 0 0 0 0 0 0 0 0 0 0 0 0 0 0 0 0 0 0 0 0 0 0 0 0 0 0 0 0 0 0 0 0 0 0 0 0 0 0 0 0 0 0 0 0 0 0 0 0 0 0 0 0 0 0 0 0 0 0 0 0 0 0 0 0 0 0 0 0 0 0 0 0 0 0 0 0 0 0 0 0 0 0 0 0 0 0 0 0 0 0 0 0 0 0 0 0 0 0 0 0 0 0 0 0 0 0 0 0 0 0 0 0 0 0 0 0 0 0 0 0 0 0 0 0 0 0 0 0 0 0 -0.028055378960958131 -0.049189632808398595 -0.031854004572558214 -0.039069567005187156 -0.035665386347213598 -0.038359901803551852 -0.035870881061640172 -0.057086104357471759 -0.04757179891858996 -0.060708248130360409 -0.041789285637789067 -0.041118339279401783 -0.041431839399397909 -0.0378735291726763 -0.059488405593922863 -0.074345229242555905 -0.037572784967260658 -0.03352891573759513 -0.034057825619818023 -0.033741215175036754 -0.052399298241379295 -0.070856589211538049 -0.048149683182893602 -0.051688587915514075 1.9588757194239406
0 0 0 0 0 0 0 0 0 0 0 0 0 0 0 0 0 0 0 0 0 0 0 0 0 0 0 0 0 0 0 0 0 0 0 0 0 0 0 0 0 0 0 0 0 0 0 0 0 0 0 0 0 0 0 0 0 0 0 0 0 0 0 0 0 0 0 0 0 0 0 0 0 0 0 0 0 0 0 0 0 0 0 0 0 0 0 0 0 0 0 0 0 0 0 0 0 0 0 0 0 0 0 0 0 0 0 0 0 0 0 0 0 0 0 0 0 0 0 0 0 0 0 0 0 0 0 0 0 0 0 0 0 0 0 0 0 0 0 0 0 0 0 0 0 0 0 0 0 0 0 0 0 0 0 0 0 0 0 0 0 0 0 0 0 0 0 0 0 0 0 0 0 0 0 0 0 0 0 0 0 0 0 0 0 0 0 0 0 0 0 0 0 0 0 0 0 0 0 0 0 0 0 0 0 0 0 0 0 0 0 0 0 0 0 0 0 0 0 0 0 0 0 0 0 0 0 0 0 0 0 0 0 0 0 0 0 0 0 0 0 0 0 0 0 0 0 0 0 0 0 0 0 0 0 0 0 0 0 0 0 0 0 0 0 0 0 0 0 0 0 0 0 0 0 -0.029585682003519048 -0.051872720598940388 -0.033591506681617769 -0.041200647727453681 -0.037610783317869809 -0.040452273270856376 -0.037827486905544459 -0.060199911492558475 -0.05016664066806422 -0.06401962798916494 -0.044068715584072687 -0.043361171920939176 -0.043691772155253925 -0.039939371056548288 -0.062733248167754344 -0.078400449122783433 -0.039622222518359798 -0.035357777213265634 -0.035915536907252299 -0.035581656693004365 -0.055257459795297434 -0.074721518436227652 -0.050776046090899994 -0.054507983207337372 -0.091798281809410381 1.9992997805237833
0 0 0 0 0 0 0 0 0 0 0 0 0 0 0 0 0 0 0 0 0 0 0 0 0 0 0 0 0 0 0 0 0 0 0 0 0 0 0 0 0 0 0 0 0 0 0 0 0 0 0 0 0 0 0 0 0 0 0 0 0 0 0 0 0 0 0 0 0 0 0 0 0 0 0 0 0 0 0 0 0 0 0 0 0 0 0 0 0 0 0 0 0 0 0 0 0 0 0 0 0 0 0 0 0 0 0 0 0 0 0 0 0 0 0 0 0 0 0 0 0 0 0 0 0 0 0 0 0 0 0 0 0 0 0 0 0 0 0 0 0 0 0 0 0 0 0 0 0 0 0 0 0 0 0 0 0 0 0 0 0 0 0 0 0 0 0 0 0 0 0 0 0 0 0 0 0 0 0 0 0 0 0 0 0 0 0 0 0 0 0 0 0 0 0 0 0 0 0 0 0 0 0 0 0 0 0 0 0 0 0 0 0 0 0 0 0 0 0 0 0 0 0 0 0 0 0 0 0 0 0 0 0 0 0 0 0 0 0 0 0 0 0 0 0 0 0 0 0 0 0 0 0 0 0 0 0 0 0 0 0 0 0 0 0 0 0 0 0 0 0 0 0 0 0 0 -0.016128069275247198 -0.00020799635725066436 -0.00025511164845629433 -0.00023288344871239957 -0.00025047776399534977 -0.00023422526279852541 -0.017775854658186856 -0.014813226317039119 -0.018903742118412677 -0.0011273569301580128 -0.0011092566918948518 -0.0011177140399324934 -0.0010217208772707218 -0.017749109570435719 -0.022181828655365332 -0.0016180963229600589 -0.0014439444751064919 -0.0014667223217938688 -0.0014530872879001107 -0.015548327538909864 -0.020594140121030741 -0.0026419988373020697 -0.0028361804304268372 -0.024700079113070688 -0.026654819604308447 1.3165845060557531
0 0 0 0 0 0 0 0 0 0 0 0 0 0 0 0 0 0 0 0 0 0 0 0 0 0 0 0 0 0 0 0 0 0 0 0 0 0 0 0 0 0 0 0 0 0 0 0 0 0 0 0 0 0 0 0 0 0 0 0 0 0 0 0 0 0 0 0 0 0 0 0 0 0 0 0 0 0 0 0 0 0 0 0 0 0 0 0 0 0 0 0 0 0 0 0 0 0 0 0 0 0 0 0 0 0 0 0 0 0 0 0 0 0 0 0 0 0 0 0 0 0 0 0 0 0 0 0 0 0 0 0 0 0 0 0 0 0 0 0 0 0 0 0 0 0 0 0 0 0 0 0 0 0 0 0 0 0 0 0 0 0 0 0 0 0 0 0 0 0 0 0 0 0 0 0 0 0 0 0 0 0 0 0 0 0 0 0 0 0 0 0 0 0 0 0 0 0 0 0 0 0 0 0 0 0 0 0 0 0 0 0 0 0 0 0 0 0 0 0 0 0 0 0 0 0 0 0 0 0 0 0 0 0 0 0 0 0 0 0 0 0 0 0 0 0 0 0 0 0 0 0 0 0 0 0 0 0 0 0 0 0 0 0 0 0 0 0 0 0 0 0 0 0 0 0 -0.019206953432628439 -0.00024770332267863023 -0.015229420846549255 -0.00044608556337733007 -0.014921785216630418 -0.00060760951126380739 -0.021687220180669802 -0.0180727006887271 -0.023063285869734346 -0.016082547365136132 -0.0018772551020056016 -0.0018915679295676182 -0.0017291135078984215 -0.021934241192754611 -0.027412168362156483 -0.0021554353118333745 -0.0017846027670494337 -0.0018127544092534887 -0.0017959025706716634 -0.019216520321450548 -0.025452751181644459 -0.017867632132211871 -0.019061442632978064 -0.031296778536002476 -0.033773575471330905 -0.0038259464735848911 1.3883864818120972
0 0 0 0 0 0 0 0 0 0 0 0 0 0 0 0 0 0 0 0 0 0 0 0 0 0 0 0 0 0 0 0 0 0 0 0 0 0 0 0 0 0 0 0 0 0 0 0 0 0 0 0 0 0 0 0 0 0 0 0 0 0 0 0 0 0 0 0 0 0 0 0 0 0 0 0 0 0 0 0 0 0 0 0 0 0 0 0 0 0 0 0 0 0 0 0 0 0 0 0 0 0 0 0 0 0 0 0 0 0 0 0 0 0 0 0 0 0 0 0 0 0 0 0 0 0 0 0 0 0 0 0 0 0 0 0 0 0 0 0 0 0 0 0 0 0 0 0 0 0 0 0 0 0 0 0 0 0 0 0 0 0 0 0 0 0 0 0 0 0 0 0 0 0 0 0 0 0 0 0 0 0 0 0 0 0 0 0 0 0 0 0 0 0 0 0 0 0 0 0 0 0 0 0 0 0 0 0 0 0 0 0 0 0 0 0 0 0 0 0 0 0 0 0 0 0 0 0 0 0 0 0 0 0 0 0 0 0 0 0 0 0 0 0 0 0 0 0 0 0 0 0 0 0 0 0 0 0 0 0 0 0 0 0 0 0 0 0 0 0 0 0 0 0 0 -0.034706609196131069 -0.06085126722964964 -0.039405794146286775 -0.048331986368749344 -0.044120759427428984 -0.047454077257362337 -0.044374971810566564 -0.070619795128111354 -0.058849885297292875 -0.075100658799665751 -0.051696482419097106 -0.05086647142247068 -0.051254294597584564 -0.046852397813039508 -0.07359162203877076 -0.091970627825377849 -0.046480354661533343 -0.041477784951476346 -0.042132086167930828 -0.041740415287643266 -0.064821864240217672 -0.087654918301334317 -0.05956477149967486 -0.063942662231728994 -0.10768746487766109 -0.1162097472165705 -0.049835429483709136 -0.060016788489099748 2.128816079245651
0 0 0 0 0 0 0 0 0 0 0 0 0 0 0 0 0 0 0 0 0 0 0 0 0 0 0 0 0 0 0 0 0 0 0 0 0 0 0 0 0 0 0 0 0 0 0 0 0 0 0 0 0 0 0 0 0 0 0 0 0 0 0 0 0 0 0 0 0 0 0 0 0 0 0 0 0 0 0 0 0 0 0 0 0 0 0 0 0 0 0 0 0 0 0 0 0 0 0 0 0 0 0 0 0 0 0 0 0 0 0 0 0 0 0 0 0 0 0 0 0 0 0 0 0 0 0 0 0 0 0 0 0 0 0 0 0 0 0 0 0 0 0 0 0 0 0 0 0 0 0 0 0 0 0 0 0 0 0 0 0 0 0 0 0 0 0 0 0 0 0 0 0 0 0 0 0 0 0 0 0 0 0 0 0 0 0 0 0 0 0 0 0 0 0 0 0 0 0 0 0 0 0 0 0 0 0 0 0 0 0 0 0 0 0 0 0 0 0 0 0 0 0 0 0 0 0 0 0 0 0 0 0 0 0 0 0 0 0 0 0 0 0 0 0 0 0 0 0 0 0 0 0 0 0 0 0 0 0 0 0 0 0 0 0 0 0 0 0 0 0 0 0 0 0 -0.023221188609653411 -0.040713823280482751 -0.026365277374491111 -0.032337534473779544 -0.029519924302477352 -0.031750150873657887 -0.029690010457029774 -0.047249662822944447 -0.039374756503070027 -0.050247679133419987 -0.034588621490665931 -0.034033285134071209 -0.034292766405941436 -0.031347584556094592 -0.049238026273193791 -0.061534887583295152 -0.031098661241712816 -0.027751586506934156 -0.028189360530579782 -0.027927304870440092 -0.043370434923363066 -0.058647371137190457 -0.03985306618887563 -0.042782186283176246 -0.072050568774613868 -0.07775258145059212 -0.033343444787261735 -0.040155497685622481 -0.091818487857216843 1.8104201680365084
0 0 0 0 0 0 0 0 0 0 0 0 0 0 0 0 0 0 0 0 0 0 0 0 0 0 0 0 0 0 0 0 0 0 0 0 0 0 0 0 0 0 0 0 0 0 0 0 0 0 0 0 0 0 0 0 0 0 0 0 0 0 0 0 0 0 0 0 0 0 0 0 0 0 0 0 0 0 0 0 0 0 0 0 0 0 0 0 0 0 0 0 0 0 0 0 0 0 0 0 0 0 0 0 0 0 0 0 0 0 0 0 0 0 0 0 0 0 0 0 0 0 0 0 0 0 0 0 0 0 0 0 0 0 0 0 0 0 0 0 0 0 0 0 0 0 0 0 0 0 0 0 0 0 0 0 0 0 0 0 0 0 0 0 0 0 0 0 0 0 0 0 0 0 0 0 0 0 0 0 0 0 0 0 0 0 0 0 0 0 0 0 0 0 0 0 0 0 0 0 0 0 0 0 0 0 0 0 0 0 0 0 0 0 0 0 0 0 0 0 0 0 0 0 0 0 0 0 0 0 0 0 0 0 0 0 0 0 0 0 0 0 0 0 0 0 0 0 0 0 0 0 0 0 0 0 0 0 0 0 0 0 0 0 0 0 0 0 0 0 0 0 0 0 0 -0.029035703219247016 -0.050908440113248861 -0.032967062195112043 -0.040434754206876283 -0.036911623065886891 -0.039700291549702241 -0.037124298273357989 -0.059080833888331172 -0.049234075110091799 -0.062829544314000799 -0.043249506528204057 -0.042555115646325165 -0.042879570235089835 -0.039196923857406009 -0.061567077465432475 -0.076943035239616056 -0.038885670906394477 -0.034700498894517498 -0.035247890194819692 -0.034920216598838365 -0.054230259186687453 -0.073332493506412549 -0.049832152078389078 -0.053494714886062479 -0.090091810840724984 -0.097221590052079754 -0.041692541386438922 -0.050210311496985176 -0.11480955640461701 -0.096147985841919165 1.9750783577064015
0 0 0 0 0 0 0 0 0 0 0 0 0 0 0 0 0 0 0 0 0 0 0 0 0 0 0 0 0 0 0 0 0 0 0 0 0 0 0 0 0 0 0 0 0 0 0 0 0 0 0 0 0 0 0 0 0 0 0 0 0 0 0 0 0 0 0 0 0 0 0 0 0 0 0 0 0 0 0 0 0 0 0 0 0 0 0 0 0 0 0 0 0 0 0 0 0 0 0 0 0 0 0 0 0 0 0 0 0 0 0 0 0 0 0 0 0 0 0 0 0 0 0 0 0 0 0 0 0 0 0 0 0 0 0 0 0 0 0 0 0 0 0 0 0 0 0 0 0 0 0 0 0 0 0 0 0 0 0 0 0 0 0 0 0 0 0 0 0 0 0 0 0 0 0 0 0 0 0 0 0 0 0 0 0 0 0 0 0 0 0 0 0 0 0 0 0 0 0 0 0 0 0 0 0 0 0 0 0 0 0 0 0 0 0 0 0 0 0 0 0 0 0 0 0 0 0 0 0 0 0 0 0 0 0 0 0 0 0 0 0 0 0 0 0 0 0 0 0 0 0 0 0 0 0 0 0 0 0 0 0 0 0 0 0 0 0 0 0 0 0 0 0 0 0 -0.023539110898424757 -0.041271237980459369 -0.026726245517332433 -0.032780269044603995 -0.029924082851652052 -0.032184843550430706 -0.030096497663038346 -0.047896559982295452 -0.039913837982390156 -0.050935622262606242 -0.035062175790344437 -0.034499236299884356 -0.034762270140971378 -0.031776765680155854 -0.049912146201785378 -0.062377364367262184 -0.031524434346005194 -0.028131534667540065 -0.028575302274110526 -0.028309658798694744 -0.043964221407233474 -0.059450314809704613 -0.040398696226608362 -0.043367919029696694 -0.073037016200588389 -0.07881709537656624 -0.033799951319312876 -0.040705268325944587 -0.093075578710824391 -0.077946729387038172 -0.093133444002406182 1.8159852416191571
0 0 0 0 0 0 0 0 0 0 0 0 0 0 0 0 0 0 0 0 0 0 0 0 0 0 0 0 0 0 0 0 0 0 0 0 0 0 0 0 0 0 0 0 0 0 0 0 0 0 0 0 0 0 0 0 0 0 0 0 0 0 0 0 0 0 0 0 0 0 0 0 0 0 0 0 0 0 0 0 0 0 0 0 0 0 0 0 0 0 0 0 0 0 0 0 0 0 0 0 0 0 0 0 0 0 0 0 0 0 0 0 0 0 0 0 0 0 0 0 0 0 0 0 0 0 0 0 0 0 0 0 0 0 0 0 0 0 0 0 0 0 0 0 0 0 0 0 0 0 0 0 0 0 0 0 0 0 0 0 0 0 0 0 0 0 0 0 0 0 0 0 0 0 0 0 0 0 0 0 0 0 0 0 0 0 0 0 0 0 0 0 0 0 0 0 0 0 0 0 0 0 0 0 0 0 0 0 0 0 0 0 0 0 0 0 0 0 0 0 0 0 0 0 0 0 0 0 0 0 0 0 0 0 0 0 0 0 0 0 0 0 0 0 0 0 0 0 0 0 0 0 0 0 0 0 0 0 0 0 0 0 0 0 0 0 0 0 0 0 0 0 0 0 0 0 -0.023225127532128353 -0.01513810892520802 -0.01856719018288706 -0.016949407480429338 -0.01822993308548488 -0.017047065574357735 -0.026962504852144773 -0.022468775433260996 -0.028673290167606471 -0.019851505430279758 -0.019532780305558033 -0.019681704826270172 -0.017991371677226538 -0.028104566878813346 -0.035123490813167277 -0.017842714437365435 -0.0023045373579449169 -0.0023408908324237259 -0.0023191292996731726 -0.024815152026076572 -0.032868275811067847 -0.022788451023462771 -0.024463356274026762 -0.040403930099552635 -0.043601458245480937 -0.0049392711043894071 -0.02288364446734532 -0.051177436530848337 -0.04285886643139792 -0.05120925365547245 -0.047778406901296117 1.474233775624316
0 0 0 0 0 0 0 0 0 0 0 0 0 0 0 0 0 0 0 0 0 0 0 0 0 0 0 0 0 0 0 0 0 0 0 0 0 0 0 0 0 0 0 0 0 0 0 0 0 0 0 0 0 0 0 0 0 0 0 0 0 0 0 0 0 0 0 0 0 0 0 0 0 0 0 0 0 0 0 0 0 0 0 0 0 0 0 0 0 0 0 0 0 0 0 0 0 0 0 0 0 0 0 0 0 0 0 0 0 0 0 0 0 0 0 0 0 0 0 0 0 0 0 0 0 0 0 0 0 0 0 0 0 0 0 0 0 0 0 0 0 0 0 0 0 0 0 0 0 0 0 0 0 0 0 0 0 0 0 0 0 0 0 0 0 0 0 0 0 0 0 0 0 0 0 0 0 0 0 0 0 0 0 0 0 0 0 0 0 0 0 0 0 0 0 0 0 0 0 0 0 0 0 0 0 0 0 0 0 0 0 0 0 0 0 0 0 0 0 0 0 0 0 0 0 0 0 0 0 0 0 0 0 0 0 0 0 0 0 0 0 0 0 0 0 0 0 0 0 0 0 0 0 0 0 0 0 0 0 0 0 0 0 0 0 0 0 0 0 0 0 0 0 0 0 0 -0.026637403291917491 -0.017362225975290031 -0.021295113760521584 -0.019439643635569766 -0.020908306269189336 -0.019551649824947694 -0.030923882528237082 -0.025769926639298335 -0.032886019370362132 -0.022768122817261347 -0.022402570047971585 -0.022573374815901 -0.020634695007728705 -0.032233738275925683 -0.040283894610095836 -0.020464196790012826 -0.018261684099482912 -0.018549757393049447 -0.018377314002083756 -0.028539528060124355 -0.038402966513141852 -0.026221050947780353 -0.028148245378965483 -0.047186136192576569 -0.050920401601946705 -0.021929195428749815 -0.026409321589445891 -0.06013751081585008 -0.050362537053212579 -0.060174898438324166 -0.056143383814443393 -0.039980405269539512 1.5448953318927729
0 0 0 0 0 0 0 0 0 0 0 0 0 0 0 0 0 0 0 0 0 0 0 0 0 0 0 0 0 0 0 0 0 0 0 0 0 0 0 0 0 0 0 0 0 0 0 0 0 0 0 0 0 0 0 0 0 0 0 0 0 0 0 0 0 0 0 0 0 0 0 0 0 0 0 0 0 0 0 0 0 0 0 0 0 0 0 0 0 0 0 0 0 0 0 0 0 0 0 0 0 0 0 0 0 0 0 0 0 0 0 0 0 0 0 0 0 0 0 0 0 0 0 0 0 0 0 0 0 0 0 0 0 0 0 0 0 0 0 0 0 0 0 0 0 0 0 0 0 0 0 0 0 0 0 0 0 0 0 0 0 0 0 0 0 0 0 0 0 0 0 0 0 0 0 0 0 0 0 0 0 0 0 0 0 0 0 0 0 0 0 0 0 0 0 0 0 0 0 0 0 0 0 0 0 0 0 0 0 0 0 0 0 0 0 0 0 0 0 0 0 0 0 0 0 0 0 0 0 0 0 0 0 0 0 0 0 0 0 0 0 0 0 0 0 0 0 0 0 0 0 0 0 0 0 0 0 0 0 0 0 0 0 0 0 0 0 0 0 0 0 0 0 0 0 -0.019816722580479704 -0.034744756381875901 -0.022499855466937585 -0.027596518006713776 -0.025191998580803353 -0.027095250907617222 -0.025337148348810914 -0.04032237435917712 -0.033602010621063418 -0.04288085052140745 -0.029517572422490316 -0.02904365411010407 -0.02926509274814772 -0.026751704969056378 -0.042019223196034933 -0.052513237662271527 -0.026539276382912737 -0.023682917365715199 -0.024056509197095455 -0.023832873602686939 -0.037011881326081693 -0.050049060943289807 -0.034010195167964587 -0.036509876010724612 -0.061487211407376244 -0.066353250146808096 -0.028454951481339592 -0.034268287084421208 -0.078356949431487966 -0.065620520629861817 -0.078405664118940496 -0.073152749869080033 -0.051918037700192245 -0.059560945889238694 1.6968709207227515
0 0 0 0 0 0 0 0 0 0 0 0 0 0 0 0 0 0 0 0 0 0 0 0 0 0 0 0 0 0 0 0 0 0 0 0 0 0 0 0 0 0 0 0 0 0 0 0 0 0 0 0 0 0 0 0 0 0 0 0 0 0 0 0 0 0 0 0 0 0 0 0 0 0 0 0 0 0 0 0 0 0 0 0 0 0 0 0 0 0 0 0 0 0 0 0 0 0 0 0 0 0 0 0 0 0 0 0 0 0 0 0 0 0 0 0 0 0 0 0 0 0 0 0 0 0 0 0 0 0 0 0 0 0 0 0 0 0 0 0 0 0 0 0 0 0 0 0 0 0 0 0 0 0 0 0 0 0 0 0 0 0 0 0 0 0 0 0 0 0 0 0 0 0 0 0 0 0 0 0 0 0 0 0 0 0 0 0 0 0 0 0 0 0 0 0 0 0 0 0 0 0 0 0 0 0 0 0 0 0 0 0 0 0 0 0 0 0 0 0 0 0 0 0 0 0 0 0 0 0 0 0 0 0 0 0 0 0 0 0 0 0 0 0 0 0 0 0 0 0 0 0 0 0 0 0 0 0 0 0 0 0 0 0 0 0 0 0 0 0 0 0 0 0 0 -0.019772030513720895 -0.034666397563185729 -0.0224491122101503 -0.027534280398045282 -0.025135183813488733 -0.027034143791771638 -0.02528000622952899 -0.040231436504070114 -0.033526229002998301 -0.042784142610885631 -0.029451002316767432 -0.028978152818297125 -0.029199092052347699 -0.026691372642178635 -0.041924458488067265 -0.052394806114685798 -0.026479423139925393 -0.023629505984512578 -0.024002255265314409 -0.023779124029629395 -0.036928409527736905 -0.049936186780380504 -0.033933492983395604 -0.03642753637008133 -0.06134854112293131 -0.066203605629498508 -0.028390777873112522 -0.034191002832806058 -0.078180233327157983 -0.065472528615703615 -0.078228838149820915 -0.072987770641691305 -0.051800948489429399 -0.05942661985429027 -0.072576378776357739 1.69388332769978
0 0 0 0 0 0 0 0 0 0 0 0 0 0 0 0 0 0 0 0 0 0 0 0 0 0 0 0 0 0 0 0 0 0 0 0 0 0 0 0 0 0 0 0 0 0 0 0 0 0 0 0 0 0 0 0 0 0 0 0 0 0 0 0 0 0 0 0 0 0 0 0 0 0 0 0 0 0 0 0 0 0 0 0 0 0 0 0 0 0 0 0 0 0 0 0 0 0 0 0 0 0 0 0 0 0 0 0 0 0 0 0 0 0 0 0 0 0 0 0 0 0 0 0 0 0 0 0 0 0 0 0 0 0 0 0 0 0 0 0 0 0 0 0 0 0 0 0 0 0 0 0 0 0 0 0 0 0 0 0 0 0 0 0 0 0 0 0 0 0 0 0 0 0 0 0 0 0 0 0 0 0 0 0 0 0 0 0 0 0 0 0 0 0 0 0 0 0 0 0 0 0 0 0 0 0 0 0 0 0 0 0 0 0 0 0 0 0 0 0 0 0 0 0 0 0 0 0 0 0 0 0 0 0 0 0 0 0 0 0 0 0 0 0 0 0 0 0 0 0 0 0 0 0 0 0 0 0 0 0 0 0 0 0 0 0 0 0 0 0 0 0 0 0 0 -0.016042269252688236 -0.028126988947514701 -0.018214350939278427 -0.022340261892571857 -0.0203937266924594 -0.021934470181124002 -0.020511230061186578 -0.032642248674097069 -0.027201899790724061 -0.034713416764804522 -0.023895416740291758 -0.023511764744347442 -0.023691026387639855 -0.021656358781791209 -0.03401590195159699 -0.042511141511282206 -0.021484391063009922 -0.019172077296183209 -0.019474511804476201 -0.019293471654904297 -0.029962298930622681 -0.040516311828846761 -0.027532338206036532 -0.029555909609556758 -0.049775859604843355 -0.053715073232876678 -0.023035191181688272 -0.027741271847758327 -0.0634324508250141 -0.053121905308539934 -0.063471886918923498 -0.059219485220544356 -0.042029308149983118 -0.048216486203482803 -0.058885697597291647 -0.061379545485418893 1.5681603199409802
0 0 0 0 0 0 0 0 0 0 0 0 0 0 0 0 0 0 0 0 0 0 0 0 0 0 0 0 0 0 0 0 0 0 0 0 0 0 0 0 0 0 0 0 0 0 0 0 0 0 0 0 0 0 0 0 0 0 0 0 0 0 0 0 0 0 0 0 0 0 0 0 0 0 0 0 0 0 0 0 0 0 0 0 0 0 0 0 0 0 0 0 0 0 0 0 0 0 0 0 0 0 0 0 0 0 0 0 0 0 0 0 0 0 0 0 0 0 0 0 0 0 0 0 0 0 0 0 0 0 0 0 0 0 0 0 0 0 0 0 0 0 0 0 0 0 0 0 0 0 0 0 0 0 0 0 0 0 0 0 0 0 0 0 0 0 0 0 0 0 0 0 0 0 0 0 0 0 0 0 0 0 0 0 0 0 0 0 0 0 0 0 0 0 0 0 0 0 0 0 0 0 0 0 0 0 0 0 0 0 0 0 0 0 0 0 0 0 0 0 0 0 0 0 0 0 0 0 0 0 0 0 0 0 0 0 0 0 0 0 0 0 0 0 0 0 0 0 0 0 0 0 0 0 0 0 0 0 0 0 0 0 0 0 0 0 0 0 0 0 0 0 0 0 0 -0.033398358803627182 -0.05855750543379841 -0.037920410040697086 -0.046510133367202812 -0.042457646776108103 -0.045665316654243143 -0.042702276735098341 -0.067957812962902306 -0.056631564714491003 -0.072269772446094782 -0.049747806216425203 -0.048949082119824482 -0.049322286470662009 -0.045086317252350711 -0.070817618163218882 -0.088503835397702818 -0.044728298104059767 -0.039914298062382822 -0.04054393568181533 -0.040167028663361477 -0.062378432533710233 -0.084350804648957625 -0.057319503595411804 -0.061532371658835253 -0.10362823317922822 -0.11182927182786875 -0.047956904854170347 -0.057754482002920708 -0.13205985506646226 -0.11059435706264714 -0.13214195696822462 -0.12328889288716879 -0.087500707770885089 -0.10038177773410729 -0.12259398129891752 -0.12778591675750753 -0.11699460008355872 2.0658135614874675
0 0 0 0 0 0 0 0 0 0 0 0 0 0 0 0 0 0 0 0 0 0 0 0 0 0 0 0 0 0 0 0 0 0 0 0 0 0 0 0 0 0 0 0 0 0 0 0 0 0 0 0 0 0 0 0 0 0 0 0 0 0 0 0 0 0 0 0 0 0 0 0 0 0 0 0 0 0 0 0 0 0 0 0 0 0 0 0 0 0 0 0 0 0 0 0 0 0 0 0 0 0 0 0 0 0 0 0 0 0 0 0 0 0 0 0 0 0 0 0 0 0 0 0 0 0 0 0 0 0 0 0 0 0 0 0 0 0 0 0 0 0 0 0 0 0 0 0 0 0 0 0 0 0 0 0 0 0 0 0 0 0 0 0 0 0 0 0 0 0 0 0 0 0 0 0 0 0 0 0 0 0 0 0 0 0 0 0 0 0 0 0 0 0 0 0 0 0 0 0 0 0 0 0 0 0 0 0 0 0 0 0 0 0 0 0 0 0 0 0 0 0 0 0 0 0 0 0 0 0 0 0 0 0 0 0 0 0 0 0 0 0 0 0 0 0 0 0 0 0 0 0 0 0 0 0 0 0 0 0 0 0 0 0 0 0 0 0 0 0 0 0 0 0 0 0 -0.021316345175884387 -0.00027490718639747213 -0.016901982541508508 -0.015552323429373684 -0.016727299509948182 -0.015641931887015764 -0.024550556378017306 -0.020458816458049055 -0.026108302276191944 -0.018205905713164158 -0.017913601454956844 -0.018050180808697795 -0.016499968607240512 -0.025598944050832285 -0.031992105769613984 -0.0025155585492073755 -0.0020827684890120154 -0.0021156236175477001 -0.0020959562276791003 -0.022427155069443334 -0.029705315434111808 -0.020852898956195909 -0.022246167496823548 -0.036525744185719564 -0.039416356430543552 -0.0044651733724497137 -0.020916159553034368 -0.046271608067061924 -0.038750449497736893 -0.046300375227361877 -0.043198406721149211 -0.03121761079640422 -0.035302437205132438 -0.042976592120782496 -0.044796678964829376 -0.04101367093924041 -0.067139512506555754 1.4285345742816431
0 0 0 0 0 0 0 0 0 0 0 0 0 0 0 0 0 0 0 0 0 0 0 0 0 0 0 0 0 0 0 0 0 0 0 0 0 0 0 0 0 0 0 0 0 0 0 0 0 0 0 0 0 0 0 0 0 0 0 0 0 0 0 0 0 0 0 0 0 0 0 0 0 0 0 0 0 0 0 0 0 0 0 0 0 0 0 0 0 0 0 0 0 0 0 0 0 0 0 0 0 0 0 0 0 0 0 0 0 0 0 0 0 0 0 0 0 0 0 0 0 0 0 0 0 0 0 0 0 0 0 0 0 0 0 0 0 0 0 0 0 0 0 0 0 0 0 0 0 0 0 0 0 0 0 0 0 0 0 0 0 0 0 0 0 0 0 0 0 0 0 0 0 0 0 0 0 0 0 0 0 0 0 0 0 0 0 0 0 0 0 0 0 0 0 0 0 0 0 0 0 0 0 0 0 0 0 0 0 0 0 0 0 0 0 0 0 0 0 0 0 0 0 0 0 0 0 0 0 0 0 0 0 0 0 0 0 0 0 0 0 0 0 0 0 0 0 0 0 0 0 0 0 0 0 0 0 0 0 0 0 0 0 0 0 0 0 0 0 0 0 0 0 0 0 0 -0.015626109618891337 -0.0002015228123875447 -0.00024717171756896651 -0.00022563533401921337 -0.00024268205514798907 -0.0002269353863466271 -0.017222610389243373 -0.014352188987355113 -0.018315394205487827 -0.0010922697980534307 -0.001074732899965927 -0.0010829270269420636 -0.00098992149374293103 -0.01719669769840395 -0.021491455685162437 -0.0015677357335824958 -0.0013990040758465683 -0.0014210729994818057 -0.0014078623336144312 -0.0021863764514457665 -0.019655292282002454 -0.0023532365413601328 -0.0025261946873475624 -0.023565144144482693 -0.025430066974493539 -0.0027530340620649306 -0.0033154778581822079 -0.029562877908141539 -0.024757618229452695 -0.029581257214226612 -0.027599413054170928 -0.0077505011577640066 -0.022239107873849227 -0.027073515142053708 -0.028220096252850005 -0.025836954174590379 -0.042295177881201337 -0.012379711046236976 1.3016376670458003
0 0 0 0 0 0 0 0 0 0 0 0 0 0 0 0 0 0 0 0 0 0 0 0 0 0 0 0 0 0 0 0 0 0 0 0 0 0 0 0 0 0 0 0 0 0 0 0 0 0 0 0 0 0 0 0 0 0 0 0 0 0 0 0 0 0 0 0 0 0 0 0 0 0 0 0 0 0 0 0 0 0 0 0 0 0 0 0 0 0 0 0 0 0 0 0 0 0 0 0 0 0 0 0 0 0 0 0 0 0 0 0 0 0 0 0 0 0 0 0 0 0 0 0 0 0 0 0 0 0 0 0 0 0 0 0 0 0 0 0 0 0 0 0 0 0 0 0 0 0 0 0 0 0 0 0 0 0 0 0 0 0 0 0 0 0 0 0 0 0 0 0 0 0 0 0 0 0 0 0 0 0 0 0 0 0 0 0 0 0 0 0 0 0 0 0 0 0 0 0 0 0 0 0 0 0 0 0 0 0 0 0 0 0 0 0 0 0 0 0 0 0 0 0 0 0 0 0 0 0 0 0 0 0 0 0 0 0 0 0 0 0 0 0 0 0 0 0 0 0 0 0 0 0 0 0 0 0 0 0 0 0 0 0 0 0 0 0 0 0 0 0 0 0 0 -0.017920252353014872 -0.03141966587959201 -0.020346608084983883 -0.024955517479563535 -0.022781111761108034 -0.024502221891678028 -0.022912370623975404 -0.036463503036619695 -0.030386281457624672 -0.038777131754998889 -0.026692726030310133 -0.026264161936617073 -0.026464408786636067 -0.024191553470658791 -0.037997962594092785 -0.047487694645769671 -0.023999454406082116 -0.021416450370419338 -0.021754289277341413 -0.021552055720775166 -0.033469825836717287 -0.045259340866921439 -0.03075540253995232 -0.033015862680237179 -0.055602854630902143 -0.060003211037773813 -0.025731798442830186 -0.030988794931371754 -0.070858150318348689 -0.059340604100785968 -0.070902202985932847 -0.066151995247800521 -0.046949455616702745 -0.053860933682887385 -0.065779132883581448 -0.06856492227418047 -0.062774724044516936 -0.10276242710207525 -0.056924898537681325 -0.039897825410548406 1.6260466401193476
0 0 0 0 0 0 0 0 0 0 0 0 0 0 0 0 0 0 0 0 0 0 0 0 0 0 0 0 0 0 0 0 0 0 0 0 0 0 0 0 0 0 0 0 0 0 0 0 0 0 0 0 0 0 0 0 0 0 0 0 0 0 0 0 0 0 0 0 0 0 0 0 0 0 0 0 0 0 0 0 0 0 0 0 0 0 0 0 0 0 0 0 0 0 0 0 0 0 0 0 0 0 0 0 0 0 0 0 0 0 0 0 0 0 0 0 0 0 0 0 0 0 0 0 0 0 0 0 0 0 0 0 0 0 0 0 0 0 0 0 0 0 0 0 0 0 0 0 0 0 0 0 0 0 0 0 0 0 0 0 0 0 0 0 0 0 0 0 0 0 0 0 0 0 0 0 0 0 0 0 0 0 0 0 0 0 0 0 0 0 0 0 0 0 0 0 0 0 0 0 0 0 0 0 0 0 0 0 0 0 0 0 0 0 0 0 0 0 0 0 0 0 0 0 0 0 0 0 0 0 0 0 0 0 0 0 0 0 0 0 0 0 0 0 0 0 0 0 0 0 0 0 0 0 0 0 0 0 0 0 0 0 0 0 0 0 0 0 0 0 0 0 0 0 0 -0.015870006147710222 -0.027824959205122065 -0.018018763856270721 -0.022100370464556318 -0.020174737307180966 -0.021698936175309026 -0.02029097891581539 -0.032291733730014295 -0.026909803725918995 -0.034340661460544195 -0.023638825941471972 -0.023259293629782223 -0.023436630347941717 -0.021423811157292767 -0.033650636614348653 -0.042054653646781695 -0.021253690040929623 -0.018966206074855153 -0.019265393018440775 -0.019086296891737513 -0.029640561490314989 -0.040081244596901405 -0.027236693868445003 -0.029238536008628239 -0.049241362646001194 -0.053138276699077856 -0.022787837550215038 -0.027443383964861946 -0.062751308352998816 -0.052551478256937963 -0.062790320979138461 -0.058583581892989248 -0.041577994248690221 -0.047698733914594511 -0.058253378506575547 -0.060720447266775668 -0.055592702428639715 -0.091005434395528759 -0.050412152237286331 -0.035333137171984635 -0.070419224921551962 1.5557064024707099
0 0 0 0 0 0 0 0 0 0 0 0 0 0 0 0 0 0 0 0 0 0 0 0 0 0 0 0 0 0 0 0 0 0 0 0 0 0 0 0 0 0 0 0 0 0 0 0 0 0 0 0 0 0 0 0 0 0 0 0 0 0 0 0 0 0 0 0 0 0 0 0 0 0 0 0 0 0 0 0 0 0 0 0 0 0 0 0 0 0 0 0 0 0 0 0 0 0 0 0 0 0 0 0 0 0 0 0 0 0 0 0 0 0 0 0 0 0 0 0 0 0 0 0 0 0 0 0 0 0 0 0 0 0 0 0 0 0 0 0 0 0 0 0 0 0 0 0 0 0 0 0 0 0 0 0 0 0 0 0 0 0 0 0 0 0 0 0 0 0 0 0 0 0 0 0 0 0 0 0 0 0 0 0 0 0 0 0 0 0 0 0 0 0 0 0 0 0 0 0 0 0 0 0 0 0 0 0 0 0 0 0 0 0 0 0 0 0 0 0 0 0 0 0 0 0 0 0 0 0 0 0 0 0 0 0 0 0 0 0 0 0 0 0 0 0 0 0 0 0 0 0 0 0 0 0 0 0 0 0 0 0 0 0 0 0 0 0 0 0 0 0 0 0 0 -0.017112528011436076 -0.030003478850789082 -0.019429519960606087 -0.023830690745661937 -0.021754292599458554 -0.023397826671409938 -0.021879635196388591 -0.034819973782583148 -0.029016672442088394 -0.037029319693086274 -0.025489597629378698 -0.025080350320046317 -0.025271571390077276 -0.023101161091471013 -0.036285270232789477 -0.045347269045993392 -0.022917720559564321 -0.020451140957715472 -0.020773752360956747 -0.020580634131736889 -0.03196123139819243 -0.043219354454794599 -0.029369156030850458 -0.031527729844844733 -0.053096652248151813 -0.057298670210256815 -0.024571982188826821 -0.029592028664403292 -0.067664341900705263 -0.056665929133491902 -0.06770640897058515 -0.063170308620120838 -0.044833290209072403 -0.05143324537031161 -0.062814252381268379 -0.065474477139348841 -0.05994526206776489 -0.098130588658345619 -0.054359107315266754 -0.03809950002286154 -0.075932608204286031 -0.073722745664411421 1.5958764214302412
0 0 0 0 0 0 0 0 0 0 0 0 0 0 0 0 0 0 0 0 0 0 0 0 0 0 0 0 0 0 0 0 0 0 0 0 0 0 0 0 0 0 0 0 0 0 0 0 0 0 0 0 0 0 0 0 0 0 0 0 0 0 0 0 0 0 0 0 0 0 0 0 0 0 0 0 0 0 0 0 0 0 0 0 0 0 0 0 0 0 0 0 0 0 0 0 0 0 0 0 0 0 0 0 0 0 0 0 0 0 0 0 0 0 0 0 0 0 0 0 0 0 0 0 0 0 0 0 0 0 0 0 0 0 0 0 0 0 0 0 0 0 0 0 0 0 0 0 0 0 0 0 0 0 0 0 0 0 0 0 0 0 0 0 0 0 0 0 0 0 0 0 0 0 0 0 0 0 0 0 0 0 0 0 0 0 0 0 0 0 0 0 0 0 0 0 0 0 0 0 0 0 0 0 0 0 0 0 0 0 0 0 0 0 0 0 0 0 0 0 0 0 0 0 0 0 0 0 0 0 0 0 0 0 0 0 0 0 0 0 0 0 0 0 0 0 0 0 0 0 0 0 0 0 0 0 0 0 0 0 0 0 0 0 0 0 0 0 0 0 0 0 0 0 0 -0.022902007741631831 -0.040154201907368473 -0.026002880244032429 -0.031893047221362339 -0.02911416578506696 -0.031313737351250245 -0.029281914064183526 -0.046600204750534502 -0.038833540927502276 -0.049557012599876306 -0.034113192501366046 -0.033565489377649221 -0.033821404016519382 -0.03091670440533487 -0.048561237663028924 -0.060689075632730412 -0.030671202602267238 -0.027370134221303782 -0.027801890934843584 -0.027543437293295961 -0.042774297779051652 -0.057841248800333186 -0.03930527613069789 -0.042194134759060892 -0.071060216236273704 -0.076683853365418886 -0.032885131053676291 -0.039603550633190383 -0.090556420477840613 -0.075837044464429293 -0.090612719603220343 -0.08454197393234418 -0.060001208399184498 -0.068834048532218972 -0.084065457386501716 -0.087625684605026316 -0.080225835424941078 -0.13132995309883844 -0.072749782833405302 -0.050989254415993772 -0.10162199178138984 -0.098664492517555741 -0.10826924611998805 1.7705825119822123
0 0 0 0 0 0 0 0 0 0 0 0 0 0 0 0 0 0 0 0 0 0 0 0 0 0 0 0 0 0 0 0 0 0 0 0 0 0 0 0 0 0 0 0 0 0 0 0 0 0 0 0 0 0 0 0 0 0 0 0 0 0 0 0 0 0 0 0 0 0 0 0 0 0 0 0 0 0 0 0 0 0 0 0 0 0 0 0 0 0 0 0 0 0 0 0 0 0 0 0 0 0 0 0 0 0 0 0 0 0 0 0 0 0 0 0 0 0 0 0 0 0 0 0 0 0 0 0 0 0 0 0 0 0 0 0 0 0 0 0 0 0 0 0 0 0 0 0 0 0 0 0 0 0 0 0 0 0 0 0 0 0 0 0 0 0 0 0 0 0 0 0 0 0 0 0 0 0 0 0 0 0 0 0 0 0 0 0 0 0 0 0 0 0 0 0 0 0 0 0 0 0 0 0 0 0 0 0 0 0 0 0 0 0 0 0 0 0 0 0 0 0 0 0 0 0 0 0 0 0 0 0 0 0 0 0 0 0 0 0 0 0 0 0 0 0 0 0 0 0 0 0 0 0 0 0 0 0 0 0 0 0 0 0 0 0 0 0 0 0 0 0 0 0 0 0 -0.016398989896451797 -0.00021149029699961671 -0.00025939703470413147 -0.00023679544385060659 -0.00025468530987461424 -0.0002381597978390326 -0.01807445491245465 -0.015062060099147123 -0.019221288718095735 -0.0011462943636861797 -0.0011278900761465356 -0.0011364894914053056 -0.0010388838277791668 -0.018047260558541462 -0.022554440819674088 -0.0016452772367758313 -0.0014681999719985633 -0.0014913604428096921 -0.0014774963665061082 -0.015809509611211768 -0.020940082164033841 -0.0026863793489435104 -0.002883822820284329 -0.025114993053661664 -0.027102569434870827 -0.0030702399289188427 -0.0036974887611823789 -0.031514999403826967 -0.026392434666399834 -0.031534592348130538 -0.029421881342230401 -0.0084630961744063381 -0.023712816556976785 -0.028867583257283044 -0.030090144328628651 -0.027549079675696368 -0.045097932886100804 -0.013390096509625074 -0.0092535436620067007 -0.03428801623800401 -0.033290133978420781 -0.036530849316795448 -0.046299681945797429 1.3174689743184551
0 0 0 0 0 0 0 0 0 0 0 0 0 0 0 0 0 0 0 0 0 0 0 0 0 0 0 0 0 0 0 0 0 0 0 0 0 0 0 0 0 0 0 0 0 0 0 0 0 0 0 0 0 0 0 0 0 0 0 0 0 0 0 0 0 0 0 0 0 0 0 0 0 0 0 0 0 0 0 0 0 0 0 0 0 0 0 0 0 0 0 0 0 0 0 0 0 0 0 0 0 0 0 0 0 0 0 0 0 0 0 0 0 0 0 0 0 0 0 0 0 0 0 0 0 0 0 0 0 0 0 0 0 0 0 0 0 0 0 0 0 0 0 0 0 0 0 0 0 0 0 0 0 0 0 0 0 0 0 0 0 0 0 0 0 0 0 0 0 0 0 0 0 0 0 0 0 0 0 0 0 0 0 0 0 0 0 0 0 0 0 0 0 0 0 0 0 0 0 0 0 0 0 0 0 0 0 0 0 0 0 0 0 0 0 0 0 0 0 0 0 0 0 0 0 0 0 0 0 0 0 0 0 0 0 0 0 0 0 0 0 0 0 0 0 0 0 0 0 0 0 0 0 0 0 0 0 0 0 0 0 0 0 0 0 0 0 0 0 0 0 0 0 0 0 -0.029142400251540582 -0.051095512540521068 -0.033088205729095141 -0.040583339148761104 -0.037047261614349909 -0.039846177573455932 -0.037260718335990484 -0.059297937279756741 -0.049414994775178134 -0.063060423031421162 -0.043408434795237406 -0.04271149224633649 -0.043037139103167615 -0.039340960163984452 -0.061793317016200534 -0.07722577657547175 -0.039028563456753172 -0.034828012260498913 -0.03537741505082221 -0.035048537357940564 -0.054429538249159463 -0.073601967242548347 -0.050015269487304975 -0.053691291055705574 -0.09042286977110589 -0.097578848667621926 -0.041845748298671284 -0.050394818522242583 -0.11523144523764568 -0.096501299301314097 -0.11530308488007905 -0.10757816826307928 -0.076350477673034059 -0.087590110696423418 -0.10697180937690336 -0.1115021356155091 -0.1020859582637276 -0.16711504516981812 -0.092572813417126712 -0.064882925439646369 -0.12931218923083374 -0.12554882366644535 -0.13777070294258459 -0.17461241244007317 -0.085314571885681423 1.9260674419011765
0 0 0 0 0 0 0 0 0 0 0 0 0 0 0 0 0 0 0 0 0 0 0 0 0 0 0 0 0 0 0 0 0 0 0 0 0 0 0 0 0 0 0 0 0 0 0 0 0 0 0 0 0 0 0 0 0 0 0 0 0 0 0 0 0 0 0 0 0 0 0 0 0 0 0 0 0 0 0 0 0 0 0 0 0 0 0 0 0 0 0 0 0 0 0 0 0 0 0 0 0 0 0 0 0 0 0 0 0 0 0 0 0 0 0 0 0 0 0 0 0 0 0 0 0 0 0 0 0 0 0 0 0 0 0 0 0 0 0 0 0 0 0 0 0 0 0 0 0 0 0 0 0 0 0 0 0 0 0 0 0 0 0 0 0 0 0 0 0 0 0 0 0 0 0 0 0 0 0 0 0 0 0 0 0 0 0 0 0 0 0 0 0 0 0 0 0 0 0 0 0 0 0 0 0 0 0 0 0 0 0 0 0 0 0 0 0 0 0 0 0 0 0 0 0 0 0 0 0 0 0 0 0 0 0 0 0 0 0 0 0 0 0 0 0 0 0 0 0 0 0 0 0 0 0 0 0 0 0 0 0 0 0 0 0 0 0 0 0 0 0 0 0 0 0 -0.021165097023976967 -0.037108867872088017 -0.024030796316050668 -0.029474247255768263 -0.026906118911701641 -0.028938872814095393 -0.027061144996888817 -0.04306599954069909 -0.035888367115562265 -0.045798560184227753 -0.031526014541358234 -0.031019849759449714 -0.031256355581238515 -0.028571951236004107 -0.044878305794735902 -0.056086356644058553 -0.028345068530342788 -0.02529435641138477 -0.02569336827252431 -0.025454516008510217 -0.039530253104419932 -0.053454511790316676 -0.036324325458511234 -0.0389940902165909 -0.065670939777538836 -0.070868074754036323 -0.030391090477713333 -0.036599978530340763 -0.083688532777558888 -0.070085488670211096 -0.083740562122081114 -0.078130227753952564 -0.055450657935811935 -0.063613606814445237 -0.077689850690071255 -0.080980066786300625 -0.07414142942200605 -0.12136976071483375 -0.067232367987685435 -0.04712217937700347 -0.093914880306014914 -0.091181680685547842 -0.10005800035936038 -0.12681483402141863 -0.061960963267738894 -0.16258406411527399 1.7066482560640013
0 0 0 0 0 0 0 0 0 0 0 0 0 0 0 0 0 0 0 0 0 0 0 0 0 0 0 0 0 0 0 0 0 0 0 0 0 0 0 0 0 0 0 0 0 0 0 0 0 0 0 0 0 0 0 0 0 0 0 0 0 0 0 0 0 0 0 0 0 0 0 0 0 0 0 0 0 0 0 0 0 0 0 0 0 0 0 0 0 0 0 0 0 0 0 0 0 0 0 0 0 0 0 0 0 0 0 0 0 0 0 0 0 0 0 0 0 0 0 0 0 0 0 0 0 0 0 0 0 0 0 0 0 0 0 0 0 0 0 0 0 0 0 0 0 0 0 0 0 0 0 0 0 0 0 0 0 0 0 0 0 0 0 0 0 0 0 0 0 0 0 0 0 0 0 0 0 0 0 0 0 0 0 0 0 0 0 0 0 0 0 0 0 0 0 0 0 0 0 0 0 0 0 0 0 0 0 0 0 0 0 0 0 0 0 0 0 0 0 0 0 0 0 0 0 0 0 0 0 0 0 0 0 0 0 0 0 0 0 0 0 0 0 0 0 0 0 0 0 0 0 0 0 0 0 0 0 0 0 0 0 0 0 0 0 0 0 0 0 0 0 0 0 0 0 0 -0.018979850437327955 -0.00024477447887612296 -0.015049348191972855 -0.00044081104818893233 -0.014745350045388211 -0.00060042513710134365 -0.021430790514192586 -0.017859009096565768 -0.022790585604132038 -0.015892387343584516 -0.0018550584398382172 -0.0018692020325435988 -0.0017086684717694059 -0.021674890750114799 -0.027088046914964602 -0.0021299494471848806 -0.001763501625984027 -0.0017913204032030342 -0.0017746678207412215 -0.018989304207267358 -0.025151797880940734 -0.0037495098677775784 -0.01862446395184841 -0.030579307918927275 -0.03299932492006466 -0.0037382376324289462 -0.0051413517555393097 -0.038389801475571868 -0.032149780944531782 -0.038413668499413675 -0.035840082663269657 -0.025900069850149091 -0.029289095679248464 -0.035656051486742571 -0.03716610863690456 -0.034027490094140043 -0.055703111777698072 -0.031504859609712402 -0.011571935904395141 -0.04287857070628432 -0.041630678010273828 -0.04568332546619349 -0.057899651359559524 -0.017916618604658634 -0.07377129295336847 -0.067493632444062757 1.3708547597667868
0 0 0 0 0 0 0 0 0 0 0 0 0 0 0 0 0 0 0 0 0 0 0 0 0 0 0 0 0 0 0 0 0 0 0 0 0 0 0 0 0 0 0 0 0 0 0 0 0 0 0 0 0 0 0 0 0 0 0 0 0 0 0 0 0 0 0 0 0 0 0 0 0 0 0 0 0 0 0 0 0 0 0 0 0 0 0 0 0 0 0 0 0 0 0 0 0 0 0 0 0 0 0 0 0 0 0 0 0 0 0 0 0 0 0 0 0 0 0 0 0 0 0 0 0 0 0 0 0 0 0 0 0 0 0 0 0 0 0 0 0 0 0 0 0 0 0 0 0 0 0 0 0 0 0 0 0 0 0 0 0 0 0 0 0 0 0 0 0 0 0 0 0 0 0 0 0 0 0 0 0 0 0 0 0 0 0 0 0 0 0 0 0 0 0 0 0 0 0 0 0 0 0 0 0 0 0 0 0 0 0 0 0 0 0 0 0 0 0 0 0 0 0 0 0 0 0 0 0 0 0 0 0 0 0 0 0 0 0 0 0 0 0 0 0 0 0 0 0 0 0 0 0 0 0 0 0 0 0 0 0 0 0 0 0 0 0 0 0 0 0 0 0 0 0 -0.016405153974577941 -0.028763236500839406 -0.018626369312170585 -0.022845610580848191 -0.020855043712047071 -0.022430639643566369 -0.020975205069903562 -0.033380633820571735 -0.027817221331892759 -0.035498652842698611 -0.024435943864082078 -0.024043613454525641 -0.024226930092192185 -0.022146237215438434 -0.034785359870865173 -0.043472766298992077 -0.021970379494761615 -0.019605759952176772 -0.019915035691014445 -0.019729900316303627 -0.030640062178659448 -0.041432812500814271 -0.028155134441125267 -0.030224480113511899 -0.050901816206430278 -0.054930136956364027 -0.02355625954265126 -0.028368794273716823 -0.064867326833749392 -0.054323551255908972 -0.064907654993223277 -0.060559061691064626 -0.042980033609015554 -0.049307168943612728 -0.060217723613016985 -0.062767983675946382 -0.057467327656724083 -0.094074201981158984 -0.052112085650441467 -0.036524595536776908 -0.072793810969955852 -0.070675296674169719 -0.077555368653594844 -0.098294700753083178 -0.04802619811611844 -0.12601957848820855 -0.11529578472503137 -0.070805706590929968 1.5556363423798576
0 0 0 0 0 0 0 0 0 0 0 0 0 0 0 0 0 0 0 0 0 0 0 0 0 0 0 0 0 0 0 0 0 0 0 0 0 0 0 0 0 0 0 0 0 0 0 0 0 0 0 0 0 0 0 0 0 0 0 0 0 0 0 0 0 0 0 0 0 0 0 0 0 0 0 0 0 0 0 0 0 0 0 0 0 0 0 0 0 0 0 0 0 0 0 0 0 0 0 0 0 0 0 0 0 0 0 0 0 0 0 0 0 0 0 0 0 0 0 0 0 0 0 0 0 0 0 0 0 0 0 0 0 0 0 0 0 0 0 0 0 0 0 0 0 0 0 0 0 0 0 0 0 0 0 0 0 0 0 0 0 0 0 0 0 0 0 0 0 0 0 0 0 0 0 0 0 0 0 0 0 0 0 0 0 0 0 0 0 0 0 0 0 0 0 0 0 0 0 0 0 0 0 0 0 0 0 0 0 0 0 0 0 0 0 0 0 0 0 0 0 0 0 0 0 0 0 0 0 0 0 0 0 0 0 0 0 0 0 0 0 0 0 0 0 0 0 0 0 0 0 0 0 0 0 0 0 0 0 0 0 0 0 0 0 0 0 0 0 0 0 0 0 0 0 -0.029313030399699933 -0.051394679211756632 -0.0332819387571631 -0.040820956541699982 -0.037264175104096721 -0.040079478850092706 -0.037478881625058573 -0.059645129540389377 -0.049704321934472544 -0.063429644826193732 -0.043662593258388359 -0.042961570077510544 -0.043289123612273078 -0.039571303368510828 -0.06215511984461379 -0.077677937193166111 -0.039257077563607405 -0.035031931939070858 -0.035584551509025293 -0.035253748221510436 -0.054748225800478653 -0.074032910283171022 -0.050308111283765999 -0.054005656134374795 -0.090952300001043318 -0.098150177496467553 -0.042090757157601424 -0.050689882596468491 -0.11590613086421683 -0.097066319027049611 -0.11597818996018751 -0.10820804358669947 -0.076797513373762422 -0.088102954986408674 -0.10759813444022384 -0.1121549859557661 -0.10268367643495623 -0.16809351175701767 -0.09311483167000166 -0.065262818073238124 -0.13006931828735541 -0.1262839180374829 -0.13857735700169402 -0.17563477647145354 -0.085814092787027202 -0.22517409717134307 -0.20601262553460589 -0.1265169368717057 -0.19620923106461605 1.8915442244682956
0 0 0 0 0 0 0 0 0 0 0 0 0 0 0 0 0 0 0 0 0 0 0 0 0 0 0 0 0 0 0 0 0 0 0 0 0 0 0 0 0 0 0 0 0 0 0 0 0 0 0 0 0 0 0 0 0 0 0 0 0 0 0 0 0 0 0 0 0 0 0 0 0 0 0 0 0 0 0 0 0 0 0 0 0 0 0 0 0 0 0 0 0 0 0 0 0 0 0 0 0 0 0 0 0 0 0 0 0 0 0 0 0 0 0 0 0 0 0 0 0 0 0 0 0 0 0 0 0 0 0 0 0 0 0 0 0 0 0 0 0 0 0 0 0 0 0 0 0 0 0 0 0 0 0 0 0 0 0 0 0 0 0 0 0 0 0 0 0 0 0 0 0 0 0 0 0 0 0 0 0 0 0 0 0 0 0 0 0 0 0 0 0 0 0 0 0 0 0 0 0 0 0 0 0 0 0 0 0 0 0 0 0 0 0 0 0 0 0 0 0 0 0 0 0 0 0 0 0 0 0 0 0 0 0 0 0 0 0 0 0 0 0 0 0 0 0 0 0 0 0 0 0 0 0 0 0 0 0 0 0 0 0 0 0 0 0 0 0 0 0 0 0 0 0 0 -0.023510232996205752 -0.015323940308239513 -0.018795116051814279 -0.017157473880876722 -0.018453718876337791 -0.017256330799490006 -0.027293489362259095 -0.022744596120931895 -0.02902527582144427 -0.020095197210250194 -0.019772559501002197 -0.019923312179365171 -0.018212228951931916 -0.028449571037416979 -0.035554657407815729 -0.018061746835488064 -0.0023328272432000942 -0.0023696269832246051 -0.0023475983117087081 -0.025119776206278536 -0.033271757988531075 -0.02306819596332026 -0.024763661903511917 -0.040899917956912599 -0.044136698104566538 -0.0049999042775968824 -0.023164557976501444 -0.051805677076448772 -0.043384990431659734 -0.051837884779599018 -0.048364921866762563 -0.034951226714941101 -0.039524597010115931 -0.048116578313611422 -0.050154346941775105 -0.045918892408463807 -0.075169375979840664 -0.042223823299243783 -0.015613151135444387 -0.057852861477982465 -0.056169172817364679 -0.061637108152531518 -0.078119686700217017 -0.024173558894705266 -0.099534110442197551 -0.091064130732788531 -0.056632306424587574 -0.086762934503632677 -0.13649872555462694 1.4524289087420883
0 0 0 0 0 0 0 0 0 0 0 0 0 0 0 0 0 0 0 0 0 0 0 0 0 0 0 0 0 0 0 0 0 0 0 0 0 0 0 0 0 0 0 0 0 0 0 0 0 0 0 0 0 0 0 0 0 0 0 0 0 0 0 0 0 0 0 0 0 0 0 0 0 0 0 0 0 0 0 0 0 0 0 0 0 0 0 0 0 0 0 0 0 0 0 0 0 0 0 0 0 0 0 0 0 0 0 0 0 0 0 0 0 0 0 0 0 0 0 0 0 0 0 0 0 0 0 0 0 0 0 0 0 0 0 0 0 0 0 0 0 0 0 0 0 0 0 0 0 0 0 0 0 0 0 0 0 0 0 0 0 0 0 0 0 0 0 0 0 0 0 0 0 0 0 0 0 0 0 0 0 0 0 0 0 0 0 0 0 0 0 0 0 0 0 0 0 0 0 0 0 0 0 0 0 0 0 0 0 0 0 0 0 0 0 0 0 0 0 0 0 0 0 0 0 0 0 0 0 0 0 0 0 0 0 0 0 0 0 0 0 0 0 0 0 0 0 0 0 0 0 0 0 0 0 0 0 0 0 0 0 0 0 0 0 0 0 0 0 0 0 0 0 0 0 -0.019607769887291338 -0.034378398605474411 -0.022262611120549815 -0.02730553312075731 -0.02492636757502693 -0.026809551512736608 -0.025069986846010056 -0.039897204723589583 -0.033247702254112423 -0.04242870364564346 -0.029206331437558675 -0.028737410243506692 -0.028956513974776488 -0.026469628012185709 -0.041576161543593802 -0.051959524383349047 -0.026259439328477945 -0.023433198505999193 -0.023802851087637231 -0.023581573565283117 -0.036621618392761998 -0.049521330586609527 -0.033651582796653493 -0.036124906352427058 -0.060838874207921043 -0.065653604165307661 -0.028154915048856151 -0.0339069533246057 -0.07753073331289248 -0.06492860073956222 -0.077578934339972039 -0.072381408188477728 -0.051370600364960474 -0.058932919735982171 -0.071973434054340396 -0.075021556159391448 -0.068686105505431291 -0.11243937774895116 -0.062285412582177679 -0.043654930982138705 -0.087004626529553056 -0.084472535646463218 -0.092695736013227087 -0.11748380274232324 -0.057401877646600909 -0.1506211340728332 -0.13780384014477806 -0.084628404201115226 -0.13124625465256215 -0.2064815649261254 -0.13831487287091324 1.629248120396311
0 0 0 0 0 0 0 0 0 0 0 0 0 0 0 0 0 0 0 0 0 0 0 0 0 0 0 0 0 0 0 0 0 0 0 0 0 0 0 0 0 0 0 0 0 0 0 0 0 0 0 0 0 0 0 0 0 0 0 0 0 0 0 0 0 0 0 0 0 0 0 0 0 0 0 0 0 0 0 0 0 0 0 0 0 0 0 0 0 0 0 0 0 0 0 0 0 0 0 0 0 0 0 0 0 0 0 0 0 0 0 0 0 0 0 0 0 0 0 0 0 0 0 0 0 0 0 0 0 0 0 0 0 0 0 0 0 0 0 0 0 0 0 0 0 0 0 0 0 0 0 0 0 0 0 0 0 0 0 0 0 0 0 0 0 0 0 0 0 0 0 0 0 0 0 0 0 0 0 0 0 0 0 0 0 0 0 0 0 0 0 0 0 0 0 0 0 0 0 0 0 0 0 0 0 0 0 0 0 0 0 0 0 0 0 0 0 0 0 0 0 0 0 0 0 0 0 0 0 0 0 0 0 0 0 0 0 0 0 0 0 0 0 0 0 0 0 0 0 0 0 0 0 0 0 0 0 0 0 0 0 0 0 0 0 0 0 0 0 0 0 0 0 0 0 -0.020896415498266461 -0.036637787242220297 -0.023725736007991258 -0.029100084750730351 -0.026564557657720339 -0.028571506650300879 -0.026717615755468112 -0.042519295764678805 -0.035432780201835441 -0.045217167761990563 -0.031125805760035329 -0.030626066515685672 -0.03085957000089307 -0.02820924297901278 -0.044308595594088604 -0.055374365205625463 -0.027985240448738555 -0.024973255767963134 -0.025367202350379862 -0.025131382209991653 -0.039028434062258532 -0.052775930455786796 -0.035863204246850806 -0.038499077524646146 -0.064837276304403405 -0.069968435955900035 -0.030005289054345706 -0.036135358025109476 -0.082626143947225131 -0.069195784455543072 -0.082677512802282027 -0.077138399142288566 -0.054746736410719692 -0.062806060271401939 -0.076703612470041579 -0.079952060731253383 -0.073200236837207486 -0.1198290253972939 -0.066378882875493081 -0.046523984195782624 -0.092722672526433694 -0.090024169663713571 -0.098787808393517654 -0.12520497591166796 -0.06117439630202013 -0.16052013148348607 -0.14686046998074234 -0.090190282082403553 -0.13987191228660628 -0.22005177530286144 -0.14740508837640467 -0.2112940019442773 1.6499507419154789
0 0 0 0 0 0 0 0 0 0 0 0 0 0 0 0 0 0 0 0 0 0 0 0 0 0 0 0 0 0 0 0 0 0 0 0 0 0 0 0 0 0 0 0 0 0 0 0 0 0 0 0 0 0 0 0 0 0 0 0 0 0 0 0 0 0 0 0 0 0 0 0 0 0 0 0 0 0 0 0 0 0 0 0 0 0 0 0 0 0 0 0 0 0 0 0 0 0 0 0 0 0 0 0 0 0 0 0 0 0 0 0 0 0 0 0 0 0 0 0 0 0 0 0 0 0 0 0 0 0 0 0 0 0 0 0 0 0 0 0 0 0 0 0 0 0 0 0 0 0 0 0 0 0 0 0 0 0 0 0 0 0 0 0 0 0 0 0 0 0 0 0 0 0 0 0 0 0 0 0 0 0 0 0 0 0 0 0 0 0 0 0 0 0 0 0 0 0 0 0 0 0 0 0 0 0 0 0 0 0 0 0 0 0 0 0 0 0 0 0 0 0 0 0 0 0 0 0 0 0 0 0 0 0 0 0 0 0 0 0 0 0 0 0 0 0 0 0 0 0 0 0 0 0 0 0 0 0 0 0 0 0 0 0 0 0 0 0 0 0 0 0 0 0 0 -0.024562893366633844 -0.043066240776784212 -0.027888645478815949 -0.03420597560148482 -0.031225565797756556 -0.033584653369551271 -0.03140547941663465 -0.04997971675949886 -0.041649803615996052 -0.053150956448539691 -0.03658712892159556 -0.035999705601500266 -0.036274179527823407 -0.033158827039232168 -0.052082966520894704 -0.065090332258354713 -0.032895521102124195 -0.029355054626332998 -0.029818122940458259 -0.029540925879432776 -0.045876349664729102 -0.0620359770419927 -0.042155749715748092 -0.045254112411294581 -0.076213602480296364 -0.082245073637506355 -0.035270006740536597 -0.042475655502234144 -0.097123698714749282 -0.08133685297093432 -0.097184080731423775 -0.090673076095851859 -0.064352579931197362 -0.073825989981524121 -0.090162001903799027 -0.093980421778429316 -0.086043925188692832 -0.14085418493451937 -0.078025698809551167 -0.054687066443847826 -0.10899176072207237 -0.10581977947619482 -0.11612108324007606 -0.14717339787512265 -0.0719080348138844 -0.18868493848401369 -0.1726285574772381 -0.10601503792267415 -0.16441378985635255 -0.25866198403027729 -0.17326873442908183 -0.2483675747736305 -0.2931755482409058 1.7105531379877559
0 0 0 0 0 0 0 0 0 0 0 0 0 0 0 0 0 0 0 0 0 0 0 0 0 0 0 0 0 0 0 0 0 0 0 0 0 0 0 0 0 0 0 0 0 0 0 0 0 0 0 0 0 0 0 0 0 0 0 0 0 0 0 0 0 0 0 0 0 0 0 0 0 0 0 0 0 0 0 0 0 0 0 0 0 0 0 0 0 0 0 0 0 0 0 0 0 0 0 0 0 0 0 0 0 0 0 0 0 0 0 0 0 0 0 0 0 0 0 0 0 0 0 0 0 0 0 0 0 0 0 0 0 0 0 0 0 0 0 0 0 0 0 0 0 0 0 0 0 0 0 0 0 0 0 0 0 0 0 0 0 0 0 0 0 0 0 0 0 0 0 0 0 0 0 0 0 0 0 0 0 0 0 0 0 0 0 0 0 0 0 0 0 0 0 0 0 0 0 0 0 0 0 0 0 0 0 0 0 0 0 0 0 0 0 0 0 0 0 0 0 0 0 0 0 0 0 0 0 0 0 0 0 0 0 0 0 0 0 0 0 0 0 0 0 0 0 0 0 0 0 0 0 0 0 0 0 0 0 0 0 0 0 0 0 0 0 0 0 0 0 0 0 0 0 0 -0.025257542156330338 -0.016462834221971104 -0.020191991975937892 -0.018432638243624393 -0.019825221746436729 -0.018538842328872113 -0.02932197474486381 -0.024435002215667252 -0.031182469683629019 -0.021588696750031021 -0.021242080213144554 -0.021404037014233556 -0.019565783996627957 -0.03056397781863884 -0.038197122864614706 -0.019404117865949214 -0.0025062058061300864 -0.0025457405476684235 -0.0025220746784466886 -0.026986708578773024 -0.035744555579104109 -0.024782652392602196 -0.026604127427150667 -0.043939649690154327 -0.047416991281934259 -0.02069951274728446 -0.024928415210855218 -0.05601595652880155 -0.046910915466582742 -0.056050781771929389 -0.052295569012824797 -0.037645524477668155 -0.042733001705381399 -0.052022436120132715 -0.054225620386378091 -0.049646353310014178 -0.081271241579436687 -0.045514913955062186 -0.016879249408326826 -0.062544253200457062 -0.06072403122335697 -0.066635371187354145 -0.084454551427473115 -0.041708863397661673 -0.10829540009377174 -0.099079867475441077 -0.061378515020537865 -0.094389200892509989 -0.14849665587795272 -0.1001496994527941 -0.14264414953872129 -0.1683785686697937 -0.21976890120918258 1.4483320816264693
0 0 0 0 0 0 0 0 0 0 0 0 0 0 0 0 0 0 0 0 0 0 0 0 0 0 0 0 0 0 0 0 0 0 0 0 0 0 0 0 0 0 0 0 0 0 0 0 0 0 0 0 0 0 0 0 0 0 0 0 0 0 0 0 0 0 0 0 0 0 0 0 0 0 0 0 0 0 0 0 0 0 0 0 0 0 0 0 0 0 0 0 0 0 0 0 0 0 0 0 0 0 0 0 0 0 0 0 0 0 0 0 0 0 0 0 0 0 0 0 0 0 0 0 0 0 0 0 0 0 0 0 0 0 0 0 0 0 0 0 0 0 0 0 0 0 0 0 0 0 0 0 0 0 0 0 0 0 0 0 0 0 0 0 0 0 0 0 0 0 0 0 0 0 0 0 0 0 0 0 0 0 0 0 0 0 0 0 0 0 0 0 0 0 0 0 0 0 0 0 0 0 0 0 0 0 0 0 0 0 0 0 0 0 0 0 0 0 0 0 0 0 0 0 0 0 0 0 0 0 0 0 0 0 0 0 0 0 0 0 0 0 0 0 0 0 0 0 0 0 0 0 0 0 0 0 0 0 0 0 0 0 0 0 0 0 0 0 0 0 0 0 0 0 0 -0.017647952920933435 -0.030942241956833299 -0.020037440015406877 -0.024576316723730323 -0.02243495124547841 -0.024129908992595928 -0.022564215621153072 -0.035909437671190154 -0.029924559880217652 -0.0381879106465777 -0.026287128274454289 -0.025865076240804773 -0.026062280326556341 -0.023823961198995776 -0.037420581013142523 -0.046766115952112677 -0.023634781092542519 -0.021091025975819584 -0.021423731397972809 -0.02122457079381385 -0.032961249596402051 -0.04457162215785232 -0.030288072143030659 -0.032514184440421978 -0.05475796553895023 -0.059091458236149558 -0.025340802045882495 -0.030517918121466349 -0.069781455988942268 -0.058438919655851192 -0.069824839273299202 -0.065146811259193901 -0.046236055501063703 -0.053042513196147272 -0.064779614563516927 -0.067523073698158423 -0.061820857917541328 -0.10120094515483709 -0.05605992090021391 -0.039291575287135956 -0.078308423738289543 -0.076029417968988502 -0.083430700917850639 -0.10574117463059794 -0.051664500353859784 -0.13556639527566583 -0.12403020318874065 -0.076169707299704029 -0.11812805517767973 -0.18584351804427388 -0.12449015766310034 -0.17844718866245504 -0.21064083109820655 -0.27492990566409781 -0.2282050619413486 1.5082814686036821
0 0 0 0 0 0 0 0 0 0 0 0 0 0 0 0 0 0 0 0 0 0 0 0 0 0 0 0 0 0 0 0 0 0 0 0 0 0 0 0 0 0 0 0 0 0 0 0 0 0 0 0 0 0 0 0 0 0 0 0 0 0 0 0 0 0 0 0 0 0 0 0 0 0 0 0 0 0 0 0 0 0 0 0 0 0 0 0 0 0 0 0 0 0 0 0 0 0 0 0 0 0 0 0 0 0 0 0 0 0 0 0 0 0 0 0 0 0 0 0 0 0 0 0 0 0 0 0 0 0 0 0 0 0 0 0 0 0 0 0 0 0 0 0 0 0 0 0 0 0 0 0 0 0 0 0 0 0 0 0 0 0 0 0 0 0 0 0 0 0 0 0 0 0 0 0 0 0 0 0 0 0 0 0 0 0 0 0 0 0 0 0 0 0 0 0 0 0 0 0 0 0 0 0 0 0 0 0 0 0 0 0 0 0 0 0 0 0 0 0 0 0 0 0 0 0 0 0 0 0 0 0 0 0 0 0 0 0 0 0 0 0 0 0 0 0 0 0 0 0 0 0 0 0 0 0 0 0 0 0 0 0 0 0 0 0 0 0 0 0 0 0 0 0 0 0 -0.024358504726440505 -0.015876842755501143 -0.019473261845427588 -0.017776531976036791 -0.019119546732787721 -0.017878955746982211 -0.028278264606690237 -0.023565242939196554 -0.030072535580443004 -0.020820251177588671 -0.020485972390691432 -0.020642164370116935 -0.01886934362055236 -0.029476058816259469 -0.036837503509856165 -0.018713431965179435 -0.0024169978850753994 -0.0024551253949755989 -0.0024323019078870706 -0.026026121797539405 -0.034472234892416395 -0.023900518573919702 -0.025657158549556455 -0.042375626180535746 -0.045729192456880008 -0.0051803056140384135 -0.024000357420854913 -0.053674875537251636 -0.044950362450967209 -0.053708245325188066 -0.050109974583221431 -0.036212300459471297 -0.04095068233636634 -0.04985267055674926 -0.051963963829279522 -0.04757569003867488 -0.077881559080425988 -0.043747299295970453 -0.016176488586426788 -0.059940248145433681 -0.058195810384901812 -0.063861034065460273 -0.080938319838107356 -0.025045764058850624 -0.10312539650456187 -0.094349811812662471 -0.058675654296374148 -0.089893424302841751 -0.14142373034380895 -0.095669086708507267 -0.13587456032073048 -0.16038767842512699 -0.20933913462649528 -0.17446529718680637 -0.2351318110006555 1.4052164892179995
0 0 0 0 0 0 0 0 0 0 0 0 0 0 0 0 0 0 0 0 0 0 0 0 0 0 0 0 0 0 0 0 0 0 0 0 0 0 0 0 0 0 0 0 0 0 0 0 0 0 0 0 0 0 0 0 0 0 0 0 0 0 0 0 0 0 0 0 0 0 0 0 0 0 0 0 0 0 0 0 0 0 0 0 0 0 0 0 0 0 0 0 0 0 0 0 0 0 0 0 0 0 0 0 0 0 0 0 0 0 0 0 0 0 0 0 0 0 0 0 0 0 0 0 0 0 0 0 0 0 0 0 0 0 0 0 0 0 0 0 0 0 0 0 0 0 0 0 0 0 0 0 0 0 0 0 0 0 0 0 0 0 0 0 0 0 0 0 0 0 0 0 0 0 0 0 0 0 0 0 0 0 0 0 0 0 0 0 0 0 0 0 0 0 0 0 0 0 0 0 0 0 0 0 0 0 0 0 0 0 0 0 0 0 0 0 0 0 0 0 0 0 0 0 0 0 0 0 0 0 0 0 0 0 0 0 0 0 0 0 0 0 0 0 0 0 0 0 0 0 0 0 0 0 0 0 0 0 0 0 0 0 0 0 0 0 0 0 0 0 0 0 0 0 0 0 -0.018204306565208963 -0.00023477264309926414 -0.01443441027092819 -0.00042279887742319687 -0.00045474127947791503 -0.00042523493499818643 -0.02031863793140417 -0.016932214395286166 -0.021607866346710431 -0.0014598061817544623 -0.0014363683166019542 -0.0014473196742565953 -0.00132301883526661 -0.020299226375946118 -0.025368819743933211 -0.0019947655790374841 -0.0016515755088642857 -0.0016776286808401423 -0.0016620330063320872 -0.017784088938163512 -0.023555460778715308 -0.0031971477445805379 -0.017437620917141898 -0.028630643049775046 -0.03089644458844058 -0.0035000186260941858 -0.0045309060887659975 -0.035935440062560407 -0.030094360526762131 -0.035957781204523462 -0.033548731508879374 -0.024244209970931591 -0.027416566426840143 -0.033376465931575276 -0.034789981139391073 -0.031852022770564446 -0.052141864704857148 -0.016033394623040723 -0.01070412102630626 -0.039662975500993812 -0.03850866609621556 -0.042257393120241828 -0.05355757935872018 -0.016572996559166536 -0.068238957989735852 -0.062432078448679096 -0.0273638225906747 -0.0589615325728097 -0.092760509991730647 -0.062749817530271507 -0.089120782485460695 -0.10519905542681014 -0.13730655274029208 -0.11443263378475559 -0.15422409415079344 -0.15256318338542801 1.3118002562965863
0 0 0 0 0 0 0 0 0 0 0 0 0 0 0 0 0 0 0 0 0 0 0 0 0 0 0 0 0 0 0 0 0 0 0 0 0 0 0 0 0 0 0 0 0 0 0 0 0 0 0 0 0 0 0 0 0 0 0 0 0 0 0 0 0 0 0 0 0 0 0 0 0 0 0 0 0 0 0 0 0 0 0 0 0 0 0 0 0 0 0 0 0 0 0 0 0 0 0 0 0 0 0 0 0 0 0 0 0 0 0 0 0 0 0 0 0 0 0 0 0 0 0 0 0 0 0 0 0 0 0 0 0 0 0 0 0 0 0 0 0 0 0 0 0 0 0 0 0 0 0 0 0 0 0 0 0 0 0 0 0 0 0 0 0 0 0 0 0 0 0 0 0 0 0 0 0 0 0 0 0 0 0 0 0 0 0 0 0 0 0 0 0 0 0 0 0 0 0 0 0 0 0 0 0 0 0 0 0 0 0 0 0 0 0 0 0 0 0 0 0 0 0 0 0 0 0 0 0 0 0 0 0 0 0 0 0 0 0 0 0 0 0 0 0 0 0 0 0 0 0 0 0 0 0 0 0 0 0 0 0 0 0 0 0 0 0 0 0 0 0 0 0 0 0 0 -0.023891374344901736 -0.015572367760122477 -0.019099817237976165 -0.017435626068319224 -0.018752885426585104 -0.017536085627761048 -0.027735963809357354 -0.023113325177869428 -0.029495825508239912 -0.020420974950022413 -0.020093106728101447 -0.020246303366894466 -0.018507480534790236 -0.028910787558612698 -0.036131059610167944 -0.018354558844190339 -0.002370646388671389 -0.0024080427158308239 -0.0023856569216282692 -0.025527011021166592 -0.033811150461386844 -0.023442171130766128 -0.025165123492517927 -0.04156297603439664 -0.044852229960217024 -0.0050809613330510348 -0.023540095338063831 -0.052645536283041507 -0.044088335811900262 -0.052678266128504111 -0.049149000508299144 -0.035517846266982678 -0.040165358767497689 -0.04889663087863886 -0.0509674352441939 -0.046663316701749447 -0.076388000965233654 -0.042908344161372278 -0.015866267192699793 -0.058790755953686644 -0.057079771801484089 -0.062636351781243452 -0.079386141301217697 -0.024565453898102128 -0.10114772971603996 -0.092540437054844757 -0.057550413601743115 -0.08816951103049446 -0.13871160487239223 -0.093834411818668362 -0.13326885295417018 -0.15731187560971069 -0.20532457499209236 -0.1711195236364402 -0.23062261744307622 -0.22813893556342449 -0.18682614957559995 1.3668342072111892
0 0 0 0 0 0 0 0 0 0 0 0 0 0 0 0 0 0 0 0 0 0 0 0 0 0 0 0 0 0 0 0 0 0 0 0 0 0 0 0 0 0 0 0 0 0 0 0 0 0 0 0 0 0 0 0 0 0 0 0 0 0 0 0 0 0 0 0 0 0 0 0 0 0 0 0 0 0 0 0 0 0 0 0 0 0 0 0 0 0 0 0 0 0 0 0 0 0 0 0 0 0 0 0 0 0 0 0 0 0 0 0 0 0 0 0 0 0 0 0 0 0 0 0 0 0 0 0 0 0 0 0 0 0 0 0 0 0 0 0 0 0 0 0 0 0 0 0 0 0 0 0 0 0 0 0 0 0 0 0 0 0 0 0 0 0 0 0 0 0 0 0 0 0 0 0 0 0 0 0 0 0 0 0 0 0 0 0 0 0 0 0 0 0 0 0 0 0 0 0 0 0 0 0 0 0 0 0 0 0 0 0 0 0 0 0 0 0 0 0 0 0 0 0 0 0 0 0 0 0 0 0 0 0 0 0 0 0 0 0 0 0 0 0 0 0 0 0 0 0 0 0 0 0 0 0 0 0 0 0 0 0 0 0 0 0 0 0 0 0 0 0 0 0 0 -0.015786879098255067 -0.02767921214375289 -0.017924381619725593 -0.021984608783591257 -0.020069062087506861 -0.021585277206069328 -0.020184694822908723 -0.032122589715715445 -0.026768850246484843 -0.034160785168311711 -0.023515005834862511 -0.023137461512399038 -0.023313869341306682 -0.02131159329215649 -0.033474374670401499 -0.041834371484255027 -0.02114236326974285 -0.018866861138521006 -0.019164480941701964 -0.018986322920027651 -0.029485304309066103 -0.039871299145661648 -0.02709402813932477 -0.029085384635769908 -0.048983436521094388 -0.052859938548856872 -0.022668474918506432 -0.027299635593572808 -0.062422617168867336 -0.052276213755378165 -0.062461425446977054 -0.058276721248831431 -0.04136020882680775 -0.047448888074827826 -0.057948247466865103 -0.060402393727543122 -0.055301508003058691 -0.090528748175290441 -0.050148093519654484 -0.035148062294649091 -0.070050369211090049 -0.068011697150629838 -0.074632474053715814 -0.094590185449815081 -0.046216194275465895 -0.1212701723305602 -0.11095053522893625 -0.068137192198851559 -0.10567080122873562 -0.16624529562741702 -0.1113619849710093 -0.15962894991045104 -0.1884275954611653 -0.24593703307455442 -0.20413958143579022 -0.27611384613201828 -0.27196438519155175 -0.22271542023964172 -0.35007508509066126 1.3497112295665048
0 0 0 0 0 0 0 0 0 0 0 0 0 0 0 0 0 0 0 0 0 0 0 0 0 0 0 0 0 0 0 0 0 0 0 0 0 0 0 0 0 0 0 0 0 0 0 0 0 0 0 0 0 0 0 0 0 0 0 0 0 0 0 0 0 0 0 0 0 0 0 0 0 0 0 0 0 0 0 0 0 0 0 0 0 0 0 0 0 0 0 0 0 0 0 0 0 0 0 0 0 0 0 0 0 0 0 0 0 0 0 0 0 0 0 0 0 0 0 0 0 0 0 0 0 0 0 0 0 0 0 0 0 0 0 0 0 0 0 0 0 0 0 0 0 0 0 0 0 0 0 0 0 0 0 0 0 0 0 0 0 0 0 0 0 0 0 0 0 0 0 0 0 0 0 0 0 0 0 0 0 0 0 0 0 0 0 0 0 0 0 0 0 0 0 0 0 0 0 0 0 0 0 0 0 0 0 0 0 0 0 0 0 0 0 0 0 0 0 0 0 0 0 0 0 0 0 0 0 0 0 0 0 0 0 0 0 0 0 0 0 0 0 0 0 0 0 0 0 0 0 0 0 0 0 0 0 0 0 0 0 0 0 0 0 0 0 0 0 0 0 0 0 0 0 0 0 0 0 0 0 0 0 0 0 0 0 0 0 0 0 0 0 0 0 0 0 0 0 0 0 0 0 0 0 0 0 0 0 0 0 0 0 0 0 0 0 0 0 0 0 0 0 0 0 0 0 0 0 0 0 0 0 0 0 1.2861252883161158
0 0 0 0 0 0 0 0 0 0 0 0 0 0 0 0 0 0 0 0 0 0 0 0 0 0 0 0 0 0 0 0 0 0 0 0 0 0 0 0 0 0 0 0 0 0 0 0 0 0 0 0 0 0 0 0 0 0 0 0 0 0 0 0 0 0 0 0 0 0 0 0 0 0 0 0 0 0 0 0 0 0 0 0 0 0 0 0 0 0 0 0 0 0 0 0 0 0 0 0 0 0 0 0 0 0 0 0 0 0 0 0 0 0 0 0 0 0 0 0 0 0 0 0 0 0 0 0 0 0 0 0 0 0 0 0 0 0 0 0 0 0 0 0 0 0 0 0 0 0 0 0 0 0 0 0 0 0 0 0 0 0 0 0 0 0 0 0 0 0 0 0 0 0 0 0 0 0 0 0 0 0 0 0 0 0 0 0 0 0 0 0 0 0 0 0 0 0 0 0 0 0 0 0 0 0 0 0 0 0 0 0 0 0 0 0 0 0 0 0 0 0 0 0 0 0 0 0 0 0 0 0 0 0 0 0 0 0 0 0 0 0 0 0 0 0 0 0 0 0 0 0 0 0 0 0 0 0 0 0 0 0 0 0 0 0 0 0 0 0 0 0 0 0 0 0 0 0 0 0 0 0 0 0 0 0 0 0 0 0 0 0 0 0 0 0 0 0 0 0 0 0 0 0 0 0 0 0 0 0 0 0 0 0 0 0 0 0 0 0 0 0 0 0 0 0 0 0 0 0 0 0 0 0 0 -0.017487912133911668 1.4723826993135791
0 0 0 0 0 0 0 0 0 0 0 0 0 0 0 0 0 0 0 0 0 0 0 0 0 0 0 0 0 0 0 0 0 0 0 0 0 0 0 0 0 0 0 0 0 0 0 0 0 0 0 0 0 0 0 0 0 0 0 0 0 0 0 0 0 0 0 0 0 0 0 0 0 0 0 0 0 0 0 0 0 0 0 0 0 0 0 0 0 0 0 0 0 0 0 0 0 0 0 0 0 0 0 0 0 0 0 0 0 0 0 0 0 0 0 0 0 0 0 0 0 0 0 0 0 0 0 0 0 0 0 0 0 0 0 0 0 0 0 0 0 0 0 0 0 0 0 0 0 0 0 0 0 0 0 0 0 0 0 0 0 0 0 0 0 0 0 0 0 0 0 0 0 0 0 0 0 0 0 0 0 0 0 0 0 0 0 0 0 0 0 0 0 0 0 0 0 0 0 0 0 0 0 0 0 0 0 0 0 0 0 0 0 0 0 0 0 0 0 0 0 0 0 0 0 0 0 0 0 0 0 0 0 0 0 0 0 0 0 0 0 0 0 0 0 0 0 0 0 0 0 0 0 0 0 0 0 0 0 0 0 0 0 0 0 0 0 0 0 0 0 0 0 0 0 0 0 0 0 0 0 0 0 0 0 0 0 0 0 0 0 0 0 0 0 0 0 0 0 0 0 0 0 0 0 0 0 0 0 0 0 0 0 0 0 0 0 0 0 0 0 0 0 0 0 0 0 0 0 0 0 0 0 0 0 0 -0.018892390975504856 1.3697415374335387
0 0 0 0 0 0 0 0 0 0 0 0 0 0 0 0 0 0 0 0 0 0 0 0 0 0 0 0 0 0 0 0 0 0 0 0 0 0 0 0 0 0 0 0 0 0 0 0 0 0 0 0 0 0 0 0 0 0 0 0 0 0 0 0 0 0 0 0 0 0 0 0 0 0 0 0 0 0 0 0 0 0 0 0 0 0 0 0 0 0 0 0 0 0 0 0 0 0 0 0 0 0 0 0 0 0 0 0 0 0 0 0 0 0 0 0 0 0 0 0 0 0 0 0 0 0 0 0 0 0 0 0 0 0 0 0 0 0 0 0 0 0 0 0 0 0 0 0 0 0 0 0 0 0 0 0 0 0 0 0 0 0 0 0 0 0 0 0 0 0 0 0 0 0 0 0 0 0 0 0 0 0 0 0 0 0 0 0 0 0 0 0 0 0 0 0 0 0 0 0 0 0 0 0 0 0 0 0 0 0 0 0 0 0 0 0 0 0 0 0 0 0 0 0 0 0 0 0 0 0 0 0 0 0 0 0 0 0 0 0 0 0 0 0 0 0 0 0 0 0 0 0 0 0 0 0 0 0 0 0 0 0 0 0 0 0 0 0 0 0 0 0 0 0 0 0 0 0 0 0 0 0 0 0 0 0 0 0 0 0 0 0 0 0 0 0 0 0 0 0 0 0 0 0 0 0 0 0 0 0 0 0 0 0 0 0 0 0 0 0 0 0 0 0 0 0 0 0 0 0 0 0 0 0 0 0 -0.015722607533372488 -0.00021685671388154397 1.2965387228473619
0 0 0 0 0 0 0 0 0 0 0 0 0 0 0 0 0 0 0 0 0 0 0 0 0 0 0 0 0 0 0 0 0 0 0 0 0 0 0 0 0 0 0 0 0 0 0 0 0 0 0 0 0 0 0 0 0 0 0 0 0 0 0 0 0 0 0 0 0 0 0 0 0 0 0 0 0 0 0 0 0 0 0 0 0 0 0 0 0 0 0 0 0 0 0 0 0 0 0 0 0 0 0 0 0 0 0 0 0 0 0 0 0 0 0 0 0 0 0 0 0 0 0 0 0 0 0 0 0 0 0 0 0 0 0 0 0 0 0 0 0 0 0 0 0 0 0 0 0 0 0 0 0 0 0 0 0 0 0 0 0 0 0 0 0 0 0 0 0 0 0 0 0 0 0 0 0 0 0 0 0 0 0 0 0 0 0 0 0 0 0 0 0 0 0 0 0 0 0 0 0 0 0 0 0 0 0 0 0 0 0 0 0 0 0 0 0 0 0 0 0 0 0 0 0 0 0 0 0 0 0 0 0 0 0 0 0 0 0 0 0 0 0 0 0 0 0 0 0 0 0 0 0 0 0 0 0 0 0 0 0 0 0 0 0 0 0 0 0 0 0 0 0 0 0 0 0 0 0 0 0 0 0 0 0 0 0 0 0 0 0 0 0 0 0 0 0 0 0 0 0 0 0 0 0 0 0 0 0 0 0 0 0 0 0 0 0 0 0 0 0 0 0 0 0 0 0 0 0 0 0 0 0 0 0 -0.019698007056743117 -0.026748189291333456 -0.023243519543620559 -0.020439736088035884 1.5344231839970888
0 0 0 0 0 0 0 0 0 0 0 0 0 0 0 0 0 0 0 0 0 0 0 0 0 0 0 0 0 0 0 0 0 0 0 0 0 0 0 0 0 0 0 0 0 0 0 0 0 0 0 0 0 0 0 0 0 0 0 0 0 0 0 0 0 0 0 0 0 0 0 0 0 0 0 0 0 0 0 0 0 0 0 0 0 0 0 0 0 0 0 0 0 0 0 0 0 0 0 0 0 0 0 0 0 0 0 0 0 0 0 0 0 0 0 0 0 0 0 0 0 0 0 0 0 0 0 0 0 0 0 0 0 0 0 0 0 0 0 0 0 0 0 0 0 0 0 0 0 0 0 0 0 0 0 0 0 0 0 0 0 0 0 0 0 0 0 0 0 0 0 0 0 0 0 0 0 0 0 0 0 0 0 0 0 0 0 0 0 0 0 0 0 0 0 0 0 0 0 0 0 0 0 0 0 0 0 0 0 0 0 0 0 0 0 0 0 0 0 0 0 0 0 0 0 0 0 0 0 0 0 0 0 0 0 0 0 0 0 0 0 0 0 0 0 0 0 0 0 0 0 0 0 0 0 0 0 0 0 0 0 0 0 0 0 0 0 0 0 0 0 0 0 0 0 0 0 0 0 0 0 0 0 0 0 0 0 0 0 0 0 0 0 0 0 0 0 0 0 0 0 0 0 0 0 0 0 0 0 0 0 0 0 0 0 0 0 0 0 0 0 0 0 0 0 0 0 0 0 0 0 0 0 0 0 -0.022249566907375957 -0.030212986804924031 -0.026254343485558117 -0.023087374999400053 -0.033887209250721959 1.6033285471783298
0 0 0 0 0 0 0 0 0 0 0 0 0 0 0 0 0 0 0 0 0 0 0 0 0 0 0 0 0 0 0 0 0 0 0 0 0 0 0 0 0 0 0 0 0 0 0 0 0 0 0 0 0 0 0 0 0 0 0 0 0 0 0 0 0 0 0 0 0 0 0 0 0 0 0 0 0 0 0 0 0 0 0 0 0 0 0 0 0 0 0 0 0 0 0 0 0 0 0 0 0 0 0 0 0 0 0 0 0 0 0 0 0 0 0 0 0 0 0 0 0 0 0 0 0 0 0 0 0 0 0 0 0 0 0 0 0 0 0 0 0 0 0 0 0 0 0 0 0 0 0 0 0 0 0 0 0 0 0 0 0 0 0 0 0 0 0 0 0 0 0 0 0 0 0 0 0 0 0 0 0 0 0 0 0 0 0 0 0 0 0 0 0 0 0 0 0 0 0 0 0 0 0 0 0 0 0 0 0 0 0 0 0 0 0 0 0 0 0 0 0 0 0 0 0 0 0 0 0 0 0 0 0 0 0 0 0 0 0 0 0 0 0 0 0 0 0 0 0 0 0 0 0 0 0 0 0 0 0 0 0 0 0 0 0 0 0 0 0 0 0 0 0 0 0 0 0 0 0 0 0 0 0 0 0 0 0 0 0 0 0 0 0 0 0 0 0 0 0 0 0 0 0 0 0 0 0 0 0 0 0 0 0 0 0 0 0 0 0 0 0 0 0 0 0 0 0 0 0 0 0 0 0 0 0 -0.039794834698310896 -0.054037942430493417 -0.046957644769889686 -0.041293310361671484 -0.060609534384802391 -0.066799349277351566 2.010415446601288
0 0 0 0 0 0 0 0 0 0 0 0 0 0 0 0 0 0 0 0 0 0 0 0 0 0 0 0 0 0 0 0 0 0 0 0 0 0 0 0 0 0 0 0 0 0 0 0 0 0 0 0 0 0 0 0 0 0 0 0 0 0 0 0 0 0 0 0 0 0 0 0 0 0 0 0 0 0 0 0 0 0 0 0 0 0 0 0 0 0 0 0 0 0 0 0 0 0 0 0 0 0 0 0 0 0 0 0 0 0 0 0 0 0 0 0 0 0 0 0 0 0 0 0 0 0 0 0 0 0 0 0 0 0 0 0 0 0 0 0 0 0 0 0 0 0 0 0 0 0 0 0 0 0 0 0 0 0 0 0 0 0 0 0 0 0 0 0 0 0 0 0 0 0 0 0 0 0 0 0 0 0 0 0 0 0 0 0 0 0 0 0 0 0 0 0 0 0 0 0 0 0 0 0 0 0 0 0 0 0 0 0 0 0 0 0 0 0 0 0 0 0 0 0 0 0 0 0 0 0 0 0 0 0 0 0 0 0 0 0 0 0 0 0 0 0 0 0 0 0 0 0 0 0 0 0 0 0 0 0 0 0 0 0 0 0 0 0 0 0 0 0 0 0 0 0 0 0 0 0 0 0 0 0 0 0 0 0 0 0 0 0 0 0 0 0 0 0 0 0 0 0 0 0 0 0 0 0 0 0 0 0 0 0 0 0 0 0 0 0 0 0 0 0 0 0 0 0 0 0 0 0 0 0 0 -0.021388407003497856 -0.029043606163893475 -0.025238180429147869 -0.022193788094178695 -0.0325756194124781 -0.035902440121794388 -0.052404220042395401 1.5790310143286028
0 0 0 0 0 0 0 0 0 0 0 0 0 0 0 0 0 0 0 0 0 0 0 0 0 0 0 0 0 0 0 0 0 0 0 0 0 0 0 0 0 0 0 0 0 0 0 0 0 0 0 0 0 0 0 0 0 0 0 0 0 0 0 0 0 0 0 0 0 0 0 0 0 0 0 0 0 0 0 0 0 0 0 0 0 0 0 0 0 0 0 0 0 0 0 0 0 0 0 0 0 0 0 0 0 0 0 0 0 0 0 0 0 0 0 0 0 0 0 0 0 0 0 0 0 0 0 0 0 0 0 0 0 0 0 0 0 0 0 0 0 0 0 0 0 0 0 0 0 0 0 0 0 0 0 0 0 0 0 0 0 0 0 0 0 0 0 0 0 0 0 0 0 0 0 0 0 0 0 0 0 0 0 0 0 0 0 0 0 0 0 0 0 0 0 0 0 0 0 0 0 0 0 0 0 0 0 0 0 0 0 0 0 0 0 0 0 0 0 0 0 0 0 0 0 0 0 0 0 0 0 0 0 0 0 0 0 0 0 0 0 0 0 0 0 0 0 0 0 0 0 0 0 0 0 0 0 0 0 0 0 0 0 0 0 0 0 0 0 0 0 0 0 0 0 0 0 0 0 0 0 0 0 0 0 0 0 0 0 0 0 0 0 0 0 0 0 0 0 0 0 0 0 0 0 0 0 0 0 0 0 0 0 0 0 0 0 0 0 0 0 0 0 0 0 0 0 0 0 0 0 0 0 0 0 -0.01709377042462585 -0.023211861266136207 -0.020170537343925706 -0.017737436849441016 -0.026034671941010688 -0.028693491246237341 -0.041881833768161625 -0.030049718499992942 1.4591144364562609
0 0 0 0 0 0 0 0 0 0 0 0 0 0 0 0 0 0 0 0 0 0 0 0 0 0 0 0 0 0 0 0 0 0 0 0 0 0 0 0 0 0 0 0 0 0 0 0 0 0 0 0 0 0 0 0 0 0 0 0 0 0 0 0 0 0 0 0 0 0 0 0 0 0 0 0 0 0 0 0 0 0 0 0 0 0 0 0 0 0 0 0 0 0 0 0 0 0 0 0 0 0 0 0 0 0 0 0 0 0 0 0 0 0 0 0 0 0 0 0 0 0 0 0 0 0 0 0 0 0 0 0 0 0 0 0 0 0 0 0 0 0 0 0 0 0 0 0 0 0 0 0 0 0 0 0 0 0 0 0 0 0 0 0 0 0 0 0 0 0 0 0 0 0 0 0 0 0 0 0 0 0 0 0 0 0 0 0 0 0 0 0 0 0 0 0 0 0 0 0 0 0 0 0 0 0 0 0 0 0 0 0 0 0 0 0 0 0 0 0 0 0 0 0 0 0 0 0 0 0 0 0 0 0 0 0 0 0 0 0 0 0 0 0 0 0 0 0 0 0 0 0 0 0 0 0 0 0 0 0 0 0 0 0 0 0 0 0 0 0 0 0 0 0 0 0 0 0 0 0 0 0 0 0 0 0 0 0 0 0 0 0 0 0 0 0 0 0 0 0 0 0 0 0 0 0 0 0 0 0 0 0 0 0 0 0 0 0 0 0 0 0 0 0 0 0 0 0 0 0 0 0 0 0 0 0 -0.016615543814273031 -0.00022917268800801661 -0.00020152839817045985 -0.0182544807106296 -0.020118739489471928 -0.029365882864933524 -0.021069672318547079 -0.018656862070074377 1.3164923542199285
0 0 0 0 0 0 0 0 0 0 0 0 0 0 0 0 0 0 0 0 0 0 0 0 0 0 0 0 0 0 0 0 0 0 0 0 0 0 0 0 0 0 0 0 0 0 0 0 0 0 0 0 0 0 0 0 0 0 0 0 0 0 0 0 0 0 0 0 0 0 0 0 0 0 0 0 0 0 0 0 0 0 0 0 0 0 0 0 0 0 0 0 0 0 0 0 0 0 0 0 0 0 0 0 0 0 0 0 0 0 0 0 0 0 0 0 0 0 0 0 0 0 0 0 0 0 0 0 0 0 0 0 0 0 0 0 0 0 0 0 0 0 0 0 0 0 0 0 0 0 0 0 0 0 0 0 0 0 0 0 0 0 0 0 0 0 0 0 0 0 0 0 0 0 0 0 0 0 0 0 0 0 0 0 0 0 0 0 0 0 0 0 0 0 0 0 0 0 0 0 0 0 0 0 0 0 0 0 0 0 0 0 0 0 0 0 0 0 0 0 0 0 0 0 0 0 0 0 0 0 0 0 0 0 0 0 0 0 0 0 0 0 0 0 0 0 0 0 0 0 0 0 0 0 0 0 0 0 0 0 0 0 0 0 0 0 0 0 0 0 0 0 0 0 0 0 0 0 0 0 0 0 0 0 0 0 0 0 0 0 0 0 0 0 0 0 0 0 0 0 0 0 0 0 0 0 0 0 0 0 0 0 0 0 0 0 0 0 0 0 0 0 0 0 0 0 0 0 0 0 0 0 0 0 0 0 -0.019702120044187303 -0.017269331532193389 -0.00024180818204074566 -0.021903031209534969 -0.024139902192769975 -0.035235286014553689 -0.025280899395789879 -0.022385837136132531 -0.017985886487652345 1.3865691299152638
0 0 0 0 0 0 0 0 0 0 0 0 0 0 0 0 0 0 0 0 0 0 0 0 0 0 0 0 0 0 0 0 0 0 0 0 0 0 0 0 0 0 0 0 0 0 0 0 0 0 0 0 0 0 0 0 0 0 0 0 0 0 0 0 0 0 0 0 0 0 0 0 0 0 0 0 0 0 0 0 0 0 0 0 0 0 0 0 0 0 0 0 0 0 0 0 0 0 0 0 0 0 0 0 0 0 0 0 0 0 0 0 0 0 0 0 0 0 0 0 0 0 0 0 0 0 0 0 0 0 0 0 0 0 0 0 0 0 0 0 0 0 0 0 0 0 0 0 0 0 0 0 0 0 0 0 0 0 0 0 0 0 0 0 0 0 0 0 0 0 0 0 0 0 0 0 0 0 0 0 0 0 0 0 0 0 0 0 0 0 0 0 0 0 0 0 0 0 0 0 0 0 0 0 0 0 0 0 0 0 0 0 0 0 0 0 0 0 0 0 0 0 0 0 0 0 0 0 0 0 0 0 0 0 0 0 0 0 0 0 0 0 0 0 0 0 0 0 0 0 0 0 0 0 0 0 0 0 0 0 0 0 0 0 0 0 0 0 0 0 0 0 0 0 0 0 0 0 0 0 0 0 0 0 0 0 0 0 0 0 0 0 0 0 0 0 0 0 0 0 0 0 0 0 0 0 0 0 0 0 0 0 0 0 0 0 0 0 0 0 0 0 0 0 0 0 0 0 0 0 0 0 0 0 0 -0.018036020597227375 -0.024491355476079876 -0.021282386387270803 -0.018715167479824241 -0.027469766336259235 -0.030275146223910671 -0.044190462240208041 -0.031706132020234229 -0.028075279146907259 -0.022215748910352703 -0.025597027470994894 1.4854460403055212
0 0 0 0 0 0 0 0 0 0 0 0 0 0 0 0 0 0 0 0 0 0 0 0 0 0 0 0 0 0 0 0 0 0 0 0 0 0 0 0 0 0 0 0 0 0 0 0 0 0 0 0 0 0 0 0 0 0 0 0 0 0 0 0 0 0 0 0 0 0 0 0 0 0 0 0 0 0 0 0 0 0 0 0 0 0 0 0 0 0 0 0 0 0 0 0 0 0 0 0 0 0 0 0 0 0 0 0 0 0 0 0 0 0 0 0 0 0 0 0 0 0 0 0 0 0 0 0 0 0 0 0 0 0 0 0 0 0 0 0 0 0 0 0 0 0 0 0 0 0 0 0 0 0 0 0 0 0 0 0 0 0 0 0 0 0 0 0 0 0 0 0 0 0 0 0 0 0 0 0 0 0 0 0 0 0 0 0 0 0 0 0 0 0 0 0 0 0 0 0 0 0 0 0 0 0 0 0 0 0 0 0 0 0 0 0 0 0 0 0 0 0 0 0 0 0 0 0 0 0 0 0 0 0 0 0 0 0 0 0 0 0 0 0 0 0 0 0 0 0 0 0 0 0 0 0 0 0 0 0 0 0 0 0 0 0 0 0 0 0 0 0 0 0 0 0 0 0 0 0 0 0 0 0 0 0 0 0 0 0 0 0 0 0 0 0 0 0 0 0 0 0 0 0 0 0 0 0 0 0 0 0 0 0 0 0 0 0 0 0 0 0 0 0 0 0 0 0 0 0 0 0 0 0 0 0 -0.018091091286595518 -0.015857230212114558 -0.00022203569389150397 -0.020112035465023551 -0.02216599905185011 -0.032354120996570999 -0.023213697701096145 -0.020555362684236623 -0.002233260012949653 -0.018843578095473462 -0.022050577868650691 1.3499878747787766
0 0 0 0 0 0 0 0 0 0 0 0 0 0 0 0 0 0 0 0 0 0 0 0 0 0 0 0 0 0 0 0 0 0 0 0 0 0 0 0 0 0 0 0 0 0 0 0 0 0 0 0 0 0 0 0 0 0 0 0 0 0 0 0 0 0 0 0 0 0 0 0 0 0 0 0 0 0 0 0 0 0 0 0 0 0 0 0 0 0 0 0 0 0 0 0 0 0 0 0 0 0 0 0 0 0 0 0 0 0 0 0 0 0 0 0 0 0 0 0 0 0 0 0 0 0 0 0 0 0 0 0 0 0 0 0 0 0 0 0 0 0 0 0 0 0 0 0 0 0 0 0 0 0 0 0 0 0 0 0 0 0 0 0 0 0 0 0 0 0 0 0 0 0 0 0 0 0 0 0 0 0 0 0 0 0 0 0 0 0 0 0 0 0 0 0 0 0 0 0 0 0 0 0 0 0 0 0 0 0 0 0 0 0 0 0 0 0 0 0 0 0 0 0 0 0 0 0 0 0 0 0 0 0 0 0 0 0 0 0 0 0 0 0 0 0 0 0 0 0 0 0 0 0 0 0 0 0 0 0 0 0 0 0 0 0 0 0 0 0 0 0 0 0 0 0 0 0 0 0 0 0 0 0 0 0 0 0 0 0 0 0 0 0 0 0 0 0 0 0 0 0 0 0 0 0 0 0 0 0 0 0 0 0 0 0 0 0 0 0 0 0 0 0 0 0 0 0 0 0 0 0 0 0 0 -0.035309120311821214 -0.047946730402239006 -0.041664531120924192 -0.036638686268886958 -0.053777565803716829 -0.059269658443523776 -0.086511674760138352 -0.062071099558237398 -0.054962978326743454 -0.043491775076672373 -0.050111304637636037 -0.059517441382024888 -0.048472103573689106 1.9093190380964471
0 0 0 0 0 0 0 0 0 0 0 0 0 0 0 0 0 0 0 0 0 0 0 0 0 0 0 0 0 0 0 0 0 0 0 0 0 0 0 0 0 0 0 0 0 0 0 0 0 0 0 0 0 0 0 0 0 0 0 0 0 0 0 0 0 0 0 0 0 0 0 0 0 0 0 0 0 0 0 0 0 0 0 0 0 0 0 0 0 0 0 0 0 0 0 0 0 0 0 0 0 0 0 0 0 0 0 0 0 0 0 0 0 0 0 0 0 0 0 0 0 0 0 0 0 0 0 0 0 0 0 0 0 0 0 0 0 0 0 0 0 0 0 0 0 0 0 0 0 0 0 0 0 0 0 0 0 0 0 0 0 0 0 0 0 0 0 0 0 0 0 0 0 0 0 0 0 0 0 0 0 0 0 0 0 0 0 0 0 0 0 0 0 0 0 0 0 0 0 0 0 0 0 0 0 0 0 0 0 0 0 0 0 0 0 0 0 0 0 0 0 0 0 0 0 0 0 0 0 0 0 0 0 0 0 0 0 0 0 0 0 0 0 0 0 0 0 0 0 0 0 0 0 0 0 0 0 0 0 0 0 0 0 0 0 0 0 0 0 0 0 0 0 0 0 0 0 0 0 0 0 0 0 0 0 0 0 0 0 0 0 0 0 0 0 0 0 0 0 0 0 0 0 0 0 0 0 0 0 0 0 0 0 0 0 0 0 0 0 0 0 0 0 0 0 0 0 0 0 0 0 0 0 0 0 0 -0.015602746413176629 -0.0002152035091829809 -0.0001892442719212286 -0.01714178221404428 -0.018892405443711045 -0.027575890904456481 -0.019785374338011332 -0.017519636492121862 -0.0019034401980790009 -0.0021931473584903168 -0.018555067014464816 -0.0023819368719217916 -0.028899841521158216 1.292448244826246
0 0 0 0 0 0 0 0 0 0 0 0 0 0 0 0 0 0 0 0 0 0 0 0 0 0 0 0 0 0 0 0 0 0 0 0 0 0 0 0 0 0 0 0 0 0 0 0 0 0 0 0 0 0 0 0 0 0 0 0 0 0 0 0 0 0 0 0 0 0 0 0 0 0 0 0 0 0 0 0 0 0 0 0 0 0 0 0 0 0 0 0 0 0 0 0 0 0 0 0 0 0 0 0 0 0 0 0 0 0 0 0 0 0 0 0 0 0 0 0 0 0 0 0 0 0 0 0 0 0 0 0 0 0 0 0 0 0 0 0 0 0 0 0 0 0 0 0 0 0 0 0 0 0 0 0 0 0 0 0 0 0 0 0 0 0 0 0 0 0 0 0 0 0 0 0 0 0 0 0 0 0 0 0 0 0 0 0 0 0 0 0 0 0 0 0 0 0 0 0 0 0 0 0 0 0 0 0 0 0 0 0 0 0 0 0 0 0 0 0 0 0 0 0 0 0 0 0 0 0 0 0 0 0 0 0 0 0 0 0 0 0 0 0 0 0 0 0 0 0 0 0 0 0 0 0 0 0 0 0 0 0 0 0 0 0 0 0 0 0 0 0 0 0 0 0 0 0 0 0 0 0 0 0 0 0 0 0 0 0 0 0 0 0 0 0 0 0 0 0 0 0 0 0 0 0 0 0 0 0 0 0 0 0 0 0 0 0 0 0 0 0 0 0 0 0 0 0 0 0 0 0 0 0 0 -0.022229461689000439 -0.030185685657894045 -0.026230619459320568 -0.023066512718439264 -0.033856587992117014 -0.037314229016613076 -0.054464907161334966 -0.039077924271084599 -0.034602884757189797 -0.027380992200189115 -0.031548430456230431 -0.037470225011131758 -0.030516443339876447 -0.059013140986935539 -0.028197930989066283 1.5979706760422743
0 0 0 0 0 0 0 0 0 0 0 0 0 0 0 0 0 0 0 0 0 0 0 0 0 0 0 0 0 0 0 0 0 0 0 0 0 0 0 0 0 0 0 0 0 0 0 0 0 0 0 0 0 0 0 0 0 0 0 0 0 0 0 0 0 0 0 0 0 0 0 0 0 0 0 0 0 0 0 0 0 0 0 0 0 0 0 0 0 0 0 0 0 0 0 0 0 0 0 0 0 0 0 0 0 0 0 0 0 0 0 0 0 0 0 0 0 0 0 0 0 0 0 0 0 0 0 0 0 0 0 0 0 0 0 0 0 0 0 0 0 0 0 0 0 0 0 0 0 0 0 0 0 0 0 0 0 0 0 0 0 0 0 0 0 0 0 0 0 0 0 0 0 0 0 0 0 0 0 0 0 0 0 0 0 0 0 0 0 0 0 0 0 0 0 0 0 0 0 0 0 0 0 0 0 0 0 0 0 0 0 0 0 0 0 0 0 0 0 0 0 0 0 0 0 0 0 0 0 0 0 0 0 0 0 0 0 0 0 0 0 0 0 0 0 0 0 0 0 0 0 0 0 0 0 0 0 0 0 0 0 0 0 0 0 0 0 0 0 0 0 0 0 0 0 0 0 0 0 0 0 0 0 0 0 0 0 0 0 0 0 0 0 0 0 0 0 0 0 0 0 0 0 0 0 0 0 0 0 0 0 0 0 0 0 0 0 0 0 0 0 0 0 0 0 0 0 0 0 0 0 0 0 0 0 -0.025979623294017679 -0.035278080649688667 -0.030655785635109758 -0.026957886768272241 -0.039568272698713172 -0.043609225761773576 -0.063653262980061062 -0.04567046048520778 -0.040440471454283373 -0.032000228918244215 -0.036870723647615095 -0.043791538641395615 -0.035664637917683401 -0.068968794372377934 -0.032954987170433443 -0.055009074920590109 1.6922280418417071
0 0 0 0 0 0 0 0 0 0 0 0 0 0 0 0 0 0 0 0 0 0 0 0 0 0 0 0 0 0 0 0 0 0 0 0 0 0 0 0 0 0 0 0 0 0 0 0 0 0 0 0 0 0 0 0 0 0 0 0 0 0 0 0 0 0 0 0 0 0 0 0 0 0 0 0 0 0 0 0 0 0 0 0 0 0 0 0 0 0 0 0 0 0 0 0 0 0 0 0 0 0 0 0 0 0 0 0 0 0 0 0 0 0 0 0 0 0 0 0 0 0 0 0 0 0 0 0 0 0 0 0 0 0 0 0 0 0 0 0 0 0 0 0 0 0 0 0 0 0 0 0 0 0 0 0 0 0 0 0 0 0 0 0 0 0 0 0 0 0 0 0 0 0 0 0 0 0 0 0 0 0 0 0 0 0 0 0 0 0 0 0 0 0 0 0 0 0 0 0 0 0 0 0 0 0 0 0 0 0 0 0 0 0 0 0 0 0 0 0 0 0 0 0 0 0 0 0 0 0 0 0 0 0 0 0 0 0 0 0 0 0 0 0 0 0 0 0 0 0 0 0 0 0 0 0 0 0 0 0 0 0 0 0 0 0 0 0 0 0 0 0 0 0 0 0 0 0 0 0 0 0 0 0 0 0 0 0 0 0 0 0 0 0 0 0 0 0 0 0 0 0 0 0 0 0 0 0 0 0 0 0 0 0 0 0 0 0 0 0 0 0 0 0 0 0 0 0 0 0 0 0 0 0 0 -0.015633862834664058 -0.021229433071666148 -0.018447855932481078 -0.016222556396520954 -0.02381115926799102 -0.026242899913119958 -0.038304881142684974 -0.027483297457438213 -0.024336025835717166 -0.01925690699683406 -0.022187844280804274 -0.026352611071004881 -0.021462053200032971 -0.041503629936705193 -0.019831455726277009 -0.033103033182482672 -0.03760876331209756 1.4138687984174407
0 0 0 0 0 0 0 0 0 0 0 0 0 0 0 0 0 0 0 0 0 0 0 0 0 0 0 0 0 0 0 0 0 0 0 0 0 0 0 0 0 0 0 0 0 0 0 0 0 0 0 0 0 0 0 0 0 0 0 0 0 0 0 0 0 0 0 0 0 0 0 0 0 0 0 0 0 0 0 0 0 0 0 0 0 0 0 0 0 0 0 0 0 0 0 0 0 0 0 0 0 0 0 0 0 0 0 0 0 0 0 0 0 0 0 0 0 0 0 0 0 0 0 0 0 0 0 0 0 0 0 0 0 0 0 0 0 0 0 0 0 0 0 0 0 0 0 0 0 0 0 0 0 0 0 0 0 0 0 0 0 0 0 0 0 0 0 0 0 0 0 0 0 0 0 0 0 0 0 0 0 0 0 0 0 0 0 0 0 0 0 0 0 0 0 0 0 0 0 0 0 0 0 0 0 0 0 0 0 0 0 0 0 0 0 0 0 0 0 0 0 0 0 0 0 0 0 0 0 0 0 0 0 0 0 0 0 0 0 0 0 0 0 0 0 0 0 0 0 0 0 0 0 0 0 0 0 0 0 0 0 0 0 0 0 0 0 0 0 0 0 0 0 0 0 0 0 0 0 0 0 0 0 0 0 0 0 0 0 0 0 0 0 0 0 0 0 0 0 0 0 0 0 0 0 0 0 0 0 0 0 0 0 0 0 0 0 0 0 0 0 0 0 0 0 0 0 0 0 0 0 0 0 0 0 -0.021443294209971934 -0.029118138241388196 -0.02530294697394123 -0.022250742080016317 -0.032659215388018505 -0.035994573427634721 -0.052538700429134624 -0.037695893809003976 -0.033379118610386289 -0.026412635615019591 -0.030432688186531286 -0.036145052465446401 -0.029437198342175636 -0.056926081348319633 -0.02720068253430644 -0.045403883050614234 -0.051583910202052566 -0.038525434374874087 1.5752683427676351
0 0 0 0 0 0 0 0 0 0 0 0 0 0 0 0 0 0 0 0 0 0 0 0 0 0 0 0 0 0 0 0 0 0 0 0 0 0 0 0 0 0 0 0 0 0 0 0 0 0 0 0 0 0 0 0 0 0 0 0 0 0 0 0 0 0 0 0 0 0 0 0 0 0 0 0 0 0 0 0 0 0 0 0 0 0 0 0 0 0 0 0 0 0 0 0 0 0 0 0 0 0 0 0 0 0 0 0 0 0 0 0 0 0 0 0 0 0 0 0 0 0 0 0 0 0 0 0 0 0 0 0 0 0 0 0 0 0 0 0 0 0 0 0 0 0 0 0 0 0 0 0 0 0 0 0 0 0 0 0 0 0 0 0 0 0 0 0 0 0 0 0 0 0 0 0 0 0 0 0 0 0 0 0 0 0 0 0 0 0 0 0 0 0 0 0 0 0 0 0 0 0 0 0 0 0 0 0 0 0 0 0 0 0 0 0 0 0 0 0 0 0 0 0 0 0 0 0 0 0 0 0 0 0 0 0 0 0 0 0 0 0 0 0 0 0 0 0 0 0 0 0 0 0 0 0 0 0 0 0 0 0 0 0 0 0 0 0 0 0 0 0 0 0 0 0 0 0 0 0 0 0 0 0 0 0 0 0 0 0 0 0 0 0 0 0 0 0 0 0 0 0 0 0 0 0 0 0 0 0 0 0 0 0 0 0 0 0 0 0 0 0 0 0 0 0 0 0 0 0 0 0 0 0 0 -0.029317706905319381 -0.039810909379426933 -0.034594702472433479 -0.030421666015495799 -0.044652341898958191 -0.049212511081559711 -0.071831977180607243 -0.051538590824934005 -0.0456366081906441 -0.036111891296909136 -0.041608188735235009 -0.04941824907511428 -0.040247134822611316 -0.077830493388571287 -0.037189325033585616 -0.062077110102900748 -0.070526568610468673 -0.052672755517080755 -0.066131592171594394 1.7684978425749618
0 0 0 0 0 0 0 0 0 0 0 0 0 0 0 0 0 0 0 0 0 0 0 0 0 0 0 0 0 0 0 0 0 0 0 0 0 0 0 0 0 0 0 0 0 0 0 0 0 0 0 0 0 0 0 0 0 0 0 0 0 0 0 0 0 0 0 0 0 0 0 0 0 0 0 0 0 0 0 0 0 0 0 0 0 0 0 0 0 0 0 0 0 0 0 0 0 0 0 0 0 0 0 0 0 0 0 0 0 0 0 0 0 0 0 0 0 0 0 0 0 0 0 0 0 0 0 0 0 0 0 0 0 0 0 0 0 0 0 0 0 0 0 0 0 0 0 0 0 0 0 0 0 0 0 0 0 0 0 0 0 0 0 0 0 0 0 0 0 0 0 0 0 0 0 0 0 0 0 0 0 0 0 0 0 0 0 0 0 0 0 0 0 0 0 0 0 0 0 0 0 0 0 0 0 0 0 0 0 0 0 0 0 0 0 0 0 0 0 0 0 0 0 0 0 0 0 0 0 0 0 0 0 0 0 0 0 0 0 0 0 0 0 0 0 0 0 0 0 0 0 0 0 0 0 0 0 0 0 0 0 0 0 0 0 0 0 0 0 0 0 0 0 0 0 0 0 0 0 0 0 0 0 0 0 0 0 0 0 0 0 0 0 0 0 0 0 0 0 0 0 0 0 0 0 0 0 0 0 0 0 0 0 0 0 0 0 0 0 0 0 0 0 0 0 0 0 0 0 0 0 0 0 0 0 -0.030209938351856609 -0.041022482487047145 -0.03564752974603945 -0.031347494463222714 -0.046011255259148447 -0.050710204952768949 -0.07401805363994482 -0.053107074731015586 -0.047025475917321299 -0.037210891471550593 -0.04287445879322186 -0.050922204210487536 -0.041471983663543432 -0.080199123852239138 -0.038321114957593376 -0.06396631480512284 -0.072672917318226407 -0.054275755676673039 -0.068144187711061843 -0.085536585737558568 1.7868763583103378
0 0 0 0 0 0 0 0 0 0 0 0 0 0 0 0 0 0 0 0 0 0 0 0 0 0 0 0 0 0 0 0 0 0 0 0 0 0 0 0 0 0 0 0 0 0 0 0 0 0 0 0 0 0 0 0 0 0 0 0 0 0 0 0 0 0 0 0 0 0 0 0 0 0 0 0 0 0 0 0 0 0 0 0 0 0 0 0 0 0 0 0 0 0 0 0 0 0 0 0 0 0 0 0 0 0 0 0 0 0 0 0 0 0 0 0 0 0 0 0 0 0 0 0 0 0 0 0 0 0 0 0 0 0 0 0 0 0 0 0 0 0 0 0 0 0 0 0 0 0 0 0 0 0 0 0 0 0 0 0 0 0 0 0 0 0 0 0 0 0 0 0 0 0 0 0 0 0 0 0 0 0 0 0 0 0 0 0 0 0 0 0 0 0 0 0 0 0 0 0 0 0 0 0 0 0 0 0 0 0 0 0 0 0 0 0 0 0 0 0 0 0 0 0 0 0 0 0 0 0 0 0 0 0 0 0 0 0 0 0 0 0 0 0 0 0 0 0 0 0 0 0 0 0 0 0 0 0 0 0 0 0 0 0 0 0 0 0 0 0 0 0 0 0 0 0 0 0 0 0 0 0 0 0 0 0 0 0 0 0 0 0 0 0 0 0 0 0 0 0 0 0 0 0 0 0 0 0 0 0 0 0 0 0 0 0 0 0 0 0 0 0 0 0 0 0 0 0 0 0 0 0 0 0 0 0 -0.01824151584590648 -0.01598908057032488 -0.00022388188552670293 -0.020279263855160601 -0.022350305823964932 -0.032623140389359789 -0.023406715921575647 -0.020726277270000086 -0.0022518292163190524 -0.019000259463443723 -0.022233924931904119 -0.018523936666413825 -0.035027536605163286 -0.0033260411818014342 -0.0277010907388603 -0.031471550034153958 -0.023504521676763465 -0.029510349828045065 -0.037042257791887245 -0.039550175728336898 1.3505626299143818
0 0 0 0 0 0 0 0 0 0 0 0 0 0 0 0 0 0 0 0 0 0 0 0 0 0 0 0 0 0 0 0 0 0 0 0 0 0 0 0 0 0 0 0 0 0 0 0 0 0 0 0 0 0 0 0 0 0 0 0 0 0 0 0 0 0 0 0 0 0 0 0 0 0 0 0 0 0 0 0 0 0 0 0 0 0 0 0 0 0 0 0 0 0 0 0 0 0 0 0 0 0 0 0 0 0 0 0 0 0 0 0 0 0 0 0 0 0 0 0 0 0 0 0 0 0 0 0 0 0 0 0 0 0 0 0 0 0 0 0 0 0 0 0 0 0 0 0 0 0 0 0 0 0 0 0 0 0 0 0 0 0 0 0 0 0 0 0 0 0 0 0 0 0 0 0 0 0 0 0 0 0 0 0 0 0 0 0 0 0 0 0 0 0 0 0 0 0 0 0 0 0 0 0 0 0 0 0 0 0 0 0 0 0 0 0 0 0 0 0 0 0 0 0 0 0 0 0 0 0 0 0 0 0 0 0 0 0 0 0 0 0 0 0 0 0 0 0 0 0 0 0 0 0 0 0 0 0 0 0 0 0 0 0 0 0 0 0 0 0 0 0 0 0 0 0 0 0 0 0 0 0 0 0 0 0 0 0 0 0 0 0 0 0 0 0 0 0 0 0 0 0 0 0 0 0 0 0 0 0 0 0 0 0 0 0 0 0 0 0 0 0 0 0 0 0 0 0 0 0 0 0 0 0 0 -0.027432088171864898 -0.037250402285057674 -0.03236968469491884 -0.028465044253535351 -0.041780449746915319 -0.046047323807008926 -0.067211980048149003 -0.048223797731831511 -0.042701411259536352 -0.033789292911236106 -0.038932086528550638 -0.046239829407727161 -0.037658571138744407 -0.072824691371332767 -0.034797429644416046 -0.058084514020717633 -0.065990531074940448 -0.049285016671527675 -0.061878225103200471 -0.077671365447482113 -0.082930046266796134 -0.049944251616273236 1.7198851248745541
0 0 0 0 0 0 0 0 0 0 0 0 0 0 0 0 0 0 0 0 0 0 0 0 0 0 0 0 0 0 0 0 0 0 0 0 0 0 0 0 0 0 0 0 0 0 0 0 0 0 0 0 0 0 0 0 0 0 0 0 0 0 0 0 0 0 0 0 0 0 0 0 0 0 0 0 0 0 0 0 0 0 0 0 0 0 0 0 0 0 0 0 0 0 0 0 0 0 0 0 0 0 0 0 0 0 0 0 0 0 0 0 0 0 0 0 0 0 0 0 0 0 0 0 0 0 0 0 0 0 0 0 0 0 0 0 0 0 0 0 0 0 0 0 0 0 0 0 0 0 0 0 0 0 0 0 0 0 0 0 0 0 0 0 0 0 0 0 0 0 0 0 0 0 0 0 0 0 0 0 0 0 0 0 0 0 0 0 0 0 0 0 0 0 0 0 0 0 0 0 0 0 0 0 0 0 0 0 0 0 0 0 0 0 0 0 0 0 0 0 0 0 0 0 0 0 0 0 0 0 0 0 0 0 0 0 0 0 0 0 0 0 0 0 0 0 0 0 0 0 0 0 0 0 0 0 0 0 0 0 0 0 0 0 0 0 0 0 0 0 0 0 0 0 0 0 0 0 0 0 0 0 0 0 0 0 0 0 0 0 0 0 0 0 0 0 0 0 0 0 0 0 0 0 0 0 0 0 0 0 0 0 0 0 0 0 0 0 0 0 0 0 0 0 0 0 0 0 0 0 0 0 0 0 0 -0.038919536189661395 -0.052849362787469344 -0.04592479825228573 -0.040385052462101868 -0.059276410740510571 -0.065330078924941901 -0.095357636410107333 -0.068417972021242918 -0.060583033652160563 -0.047938880920873055 -0.055235268314024331 -0.065603198078210759 -0.053428456233545384 -0.10332072402108827 -0.049369184506414358 -0.082407957109395052 -0.093624694053742283 -0.06992358649251057 -0.087790320815822276 -0.11019698899677843 -0.11765779246077143 -0.070858882344898871 -0.1187314204188616 1.9629696373027496
0 0 0 0 0 0 0 0 0 0 0 0 0 0 0 0 0 0 0 0 0 0 0 0 0 0 0 0 0 0 0 0 0 0 0 0 0 0 0 0 0 0 0 0 0 0 0 0 0 0 0 0 0 0 0 0 0 0 0 0 0 0 0 0 0 0 0 0 0 0 0 0 0 0 0 0 0 0 0 0 0 0 0 0 0 0 0 0 0 0 0 0 0 0 0 0 0 0 0 0 0 0 0 0 0 0 0 0 0 0 0 0 0 0 0 0 0 0 0 0 0 0 0 0 0 0 0 0 0 0 0 0 0 0 0 0 0 0 0 0 0 0 0 0 0 0 0 0 0 0 0 0 0 0 0 0 0 0 0 0 0 0 0 0 0 0 0 0 0 0 0 0 0 0 0 0 0 0 0 0 0 0 0 0 0 0 0 0 0 0 0 0 0 0 0 0 0 0 0 0 0 0 0 0 0 0 0 0 0 0 0 0 0 0 0 0 0 0 0 0 0 0 0 0 0 0 0 0 0 0 0 0 0 0 0 0 0 0 0 0 0 0 0 0 0 0 0 0 0 0 0 0 0 0 0 0 0 0 0 0 0 0 0 0 0 0 0 0 0 0 0 0 0 0 0 0 0 0 0 0 0 0 0 0 0 0 0 0 0 0 0 0 0 0 0 0 0 0 0 0 0 0 0 0 0 0 0 0 0 0 0 0 0 0 0 0 0 0 0 0 0 0 0 0 0 0 0 0 0 0 0 0 0 0 0 0 -0.016716239133773427 -0.00023056154517078417 -0.00020274972241172517 -0.018365108493145536 -0.020240665255097108 -0.029543849171095215 -0.021197361030370239 -0.018769928407717063 -0.0020392795399824331 -0.017206829051403652 -0.020135269530455108 -0.0027634872343127235 -0.031365571209695749 -0.0029783191067680745 -0.024805071048813607 -0.028181346430461215 -0.021047233686816408 -0.026425180548327716 -0.033169662703831163 -0.035415389530427263 -0.0077000304161767893 -0.035342786416063386 -0.046071192585720379 1.3150116637774567
0 0 0 0 0 0 0 0 0 0 0 0 0 0 0 0 0 0 0 0 0 0 0 0 0 0 0 0 0 0 0 0 0 0 0 0 0 0 0 0 0 0 0 0 0 0 0 0 0 0 0 0 0 0 0 0 0 0 0 0 0 0 0 0 0 0 0 0 0 0 0 0 0 0 0 0 0 0 0 0 0 0 0 0 0 0 0 0 0 0 0 0 0 0 0 0 0 0 0 0 0 0 0 0 0 0 0 0 0 0 0 0 0 0 0 0 0 0 0 0 0 0 0 0 0 0 0 0 0 0 0 0 0 0 0 0 0 0 0 0 0 0 0 0 0 0 0 0 0 0 0 0 0 0 0 0 0 0 0 0 0 0 0 0 0 0 0 0 0 0 0 0 0 0 0 0 0 0 0 0 0 0 0 0 0 0 0 0 0 0 0 0 0 0 0 0 0 0 0 0 0 0 0 0 0 0 0 0 0 0 0 0 0 0 0 0 0 0 0 0 0 0 0 0 0 0 0 0 0 0 0 0 0 0 0 0 0 0 0 0 0 0 0 0 0 0 0 0 0 0 0 0 0 0 0 0 0 0 0 0 0 0 0 0 0 0 0 0 0 0 0 0 0 0 0 0 0 0 0 0 0 0 0 0 0 0 0 0 0 0 0 0 0 0 0 0 0 0 0 0 0 0 0 0 0 0 0 0 0 0 0 0 0 0 0 0 0 0 0 0 0 0 0 0 0 0 0 0 0 0 0 0 0 0 0 -0.016272067609836554 -0.022096059938220305 -0.019200933394674317 -0.016884792791150779 -0.024783177233604105 -0.027314186275041501 -0.039868561105609684 -0.028605219266547247 -0.025329469878391072 -0.020043011501549659 -0.023093595362321761 -0.027428376056385942 -0.022338176073958597 -0.043197889064645466 -0.020641014430800873 -0.034454363565330291 -0.039144026387381146 -0.029234709308551703 -0.036704703489858298 -0.046072821798744036 -0.049192147214087101 -0.029625751927124914 -0.049641025809061767 -0.064709704358865985 -0.03102044691871992 1.427157732906067
0 0 0 0 0 0 0 0 0 0 0 0 0 0 0 0 0 0 0 0 0 0 0 0 0 0 0 0 0 0 0 0 0 0 0 0 0 0 0 0 0 0 0 0 0 0 0 0 0 0 0 0 0 0 0 0 0 0 0 0 0 0 0 0 0 0 0 0 0 0 0 0 0 0 0 0 0 0 0 0 0 0 0 0 0 0 0 0 0 0 0 0 0 0 0 0 0 0 0 0 0 0 0 0 0 0 0 0 0 0 0 0 0 0 0 0 0 0 0 0 0 0 0 0 0 0 0 0 0 0 0 0 0 0 0 0 0 0 0 0 0 0 0 0 0 0 0 0 0 0 0 0 0 0 0 0 0 0 0 0 0 0 0 0 0 0 0 0 0 0 0 0 0 0 0 0 0 0 0 0 0 0 0 0 0 0 0 0 0 0 0 0 0 0 0 0 0 0 0 0 0 0 0 0 0 0 0 0 0 0 0 0 0 0 0 0 0 0 0 0 0 0 0 0 0 0 0 0 0 0 0 0 0 0 0 0 0 0 0 0 0 0 0 0 0 0 0 0 0 0 0 0 0 0 0 0 0 0 0 0 0 0 0 0 0 0 0 0 0 0 0 0 0 0 0 0 0 0 0 0 0 0 0 0 0 0 0 0 0 0 0 0 0 0 0 0 0 0 0 0 0 0 0 0 0 0 0 0 0 0 0 0 0 0 0 0 0 0 0 0 0 0 0 0 0 0 0 0 0 0 0 0 0 0 0 -0.036236743656076528 -0.049206362644817057 -0.042759120602450053 -0.037601239297275199 -0.055190382803863527 -0.06082676092279056 -0.08878446570903388 -0.063701800081087459 -0.05640693788493855 -0.044634368986913815 -0.05142780347936509 -0.061081053489288176 -0.049745538154416034 -0.096198643592959113 -0.045966079214061539 -0.07672743072892628 -0.087170978137332877 -0.065103629881276354 -0.081738778576011598 -0.10260091544998032 -0.10954743252242277 -0.065974454134691038 -0.1105470534045873 -0.14410393473876928 -0.069080341235251266 -0.090904512484309336 1.9007063675952018
0 0 0 0 0 0 0 0 0 0 0 0 0 0 0 0 0 0 0 0 0 0 0 0 0 0 0 0 0 0 0 0 0 0 0 0 0 0 0 0 0 0 0 0 0 0 0 0 0 0 0 0 0 0 0 0 0 0 0 0 0 0 0 0 0 0 0 0 0 0 0 0 0 0 0 0 0 0 0 0 0 0 0 0 0 0 0 0 0 0 0 0 0 0 0 0 0 0 0 0 0 0 0 0 0 0 0 0 0 0 0 0 0 0 0 0 0 0 0 0 0 0 0 0 0 0 0 0 0 0 0 0 0 0 0 0 0 0 0 0 0 0 0 0 0 0 0 0 0 0 0 0 0 0 0 0 0 0 0 0 0 0 0 0 0 0 0 0 0 0 0 0 0 0 0 0 0 0 0 0 0 0 0 0 0 0 0 0 0 0 0 0 0 0 0 0 0 0 0 0 0 0 0 0 0 0 0 0 0 0 0 0 0 0 0 0 0 0 0 0 0 0 0 0 0 0 0 0 0 0 0 0 0 0 0 0 0 0 0 0 0 0 0 0 0 0 0 0 0 0 0 0 0 0 0 0 0 0 0 0 0 0 0 0 0 0 0 0 0 0 0 0 0 0 0 0 0 0 0 0 0 0 0 0 0 0 0 0 0 0 0 0 0 0 0 0 0 0 0 0 0 0 0 0 0 0 0 0 0 0 0 0 0 0 0 0 0 0 0 0 0 0 0 0 0 0 0 0 0 0 0 0 0 0 0 0 -0.019178570689834661 -0.016810429274289107 -0.00023538255285461305 -0.021320996493352323 -0.02349842654553953 -0.034298969963186245 -0.024609103745046195 -0.021790972697535441 -0.0023675042234114047 -0.019976290475148324 -0.023376067242497637 -0.019475499284811782 -0.036826878453942828 -0.0034968977612018859 -0.029124077812862807 -0.033088223157951978 -0.024711933718475108 -0.031026277368605363 -0.038945094561984937 -0.041581842617069813 -0.025622192712768155 -0.041978111597331141 -0.054720690129471609 -0.026759163865338064 -0.034530695414389863 -0.059390414191577534 1.3675321109185441
0 0 0 0 0 0 0 0 0 0 0 0 0 0 0 0 0 0 0 0 0 0 0 0 0 0 0 0 0 0 0 0 0 0 0 0 0 0 0 0 0 0 0 0 0 0 0 0 0 0 0 0 0 0 0 0 0 0 0 0 0 0 0 0 0 0 0 0 0 0 0 0 0 0 0 0 0 0 0 0 0 0 0 0 0 0 0 0 0 0 0 0 0 0 0 0 0 0 0 0 0 0 0 0 0 0 0 0 0 0 0 0 0 0 0 0 0 0 0 0 0 0 0 0 0 0 0 0 0 0 0 0 0 0 0 0 0 0 0 0 0 0 0 0 0 0 0 0 0 0 0 0 0 0 0 0 0 0 0 0 0 0 0 0 0 0 0 0 0 0 0 0 0 0 0 0 0 0 0 0 0 0 0 0 0 0 0 0 0 0 0 0 0 0 0 0 0 0 0 0 0 0 0 0 0 0 0 0 0 0 0 0 0 0 0 0 0 0 0 0 0 0 0 0 0 0 0 0 0 0 0 0 0 0 0 0 0 0 0 0 0 0 0 0 0 0 0 0 0 0 0 0 0 0 0 0 0 0 0 0 0 0 0 0 0 0 0 0 0 0 0 0 0 0 0 0 0 0 0 0 0 0 0 0 0 0 0 0 0 0 0 0 0 0 0 0 0 0 0 0 0 0 0 0 0 0 0 0 0 0 0 0 0 0 0 0 0 0 0 0 0 0 0 0 0 0 0 0 0 0 0 0 0 0 0 0 -0.018453105566162711 -0.016174543506278703 -0.00022647876979494007 -0.020514490127053878 -0.022609554835772969 -0.033001547601083751 -0.023678218603469196 -0.020966688606785869 -0.0022779489707282119 -0.019220650116206463 -0.022491824001053842 -0.018738802284512711 -0.035433833249265342 -0.0033646210963854247 -0.02802240537574345 -0.031836599546705369 -0.02377715884180797 -0.029852650693692844 -0.037471923891460673 -0.040008932044923645 -0.024652985595839241 -0.040390211413632415 -0.052650778201508153 -0.01107443773637648 -0.032905588514492039 -0.056595342423336165 -0.032911721426080218 1.3514294840524095
0 0 0 0 0 0 0 0 0 0 0 0 0 0 0 0 0 0 0 0 0 0 0 0 0 0 0 0 0 0 0 0 0 0 0 0 0 0 0 0 0 0 0 0 0 0 0 0 0 0 0 0 0 0 0 0 0 0 0 0 0 0 0 0 0 0 0 0 0 0 0 0 0 0 0 0 0 0 0 0 0 0 0 0 0 0 0 0 0 0 0 0 0 0 0 0 0 0 0 0 0 0 0 0 0 0 0 0 0 0 0 0 0 0 0 0 0 0 0 0 0 0 0 0 0 0 0 0 0 0 0 0 0 0 0 0 0 0 0 0 0 0 0 0 0 0 0 0 0 0 0 0 0 0 0 0 0 0 0 0 0 0 0 0 0 0 0 0 0 0 0 0 0 0 0 0 0 0 0 0 0 0 0 0 0 0 0 0 0 0 0 0 0 0 0 0 0 0 0 0 0 0 0 0 0 0 0 0 0 0 0 0 0 0 0 0 0 0 0 0 0 0 0 0 0 0 0 0 0 0 0 0 0 0 0 0 0 0 0 0 0 0 0 0 0 0 0 0 0 0 0 0 0 0 0 0 0 0 0 0 0 0 0 0 0 0 0 0 0 0 0 0 0 0 0 0 0 0 0 0 0 0 0 0 0 0 0 0 0 0 0 0 0 0 0 0 0 0 0 0 0 0 0 0 0 0 0 0 0 0 0 0 0 0 0 0 0 0 0 0 0 0 0 0 0 0 0 0 0 0 0 0 0 0 0 -0.038958975785510837 -0.052902918346279811 -0.045971336717536893 -0.040425977157086262 -0.059336479228266313 -0.065396281972612227 -0.095454268256460764 -0.068487304223770612 -0.06064442622248721 -0.047987460381835663 -0.055291241659861441 -0.0656696778945694 -0.053482598623899591 -0.10342542536127036 -0.049419213383296814 -0.082491466237236966 -0.093719569801413438 -0.06999444442818073 -0.087879284228840726 -0.1103086584855608 -0.11777702244749735 -0.070930688074249293 -0.11885173837982752 -0.15492953112366772 -0.074269900380181442 -0.097733580431031572 -0.16809501669653415 -0.096046882591753119 -0.094956278102718658 1.9418294892068957
0 0 0 0 0 0 0 0 0 0 0 0 0 0 0 0 0 0 0 0 0 0 0 0 0 0 0 0 0 0 0 0 0 0 0 0 0 0 0 0 0 0 0 0 0 0 0 0 0 0 0 0 0 0 0 0 0 0 0 0 0 0 0 0 0 0 0 0 0 0 0 0 0 0 0 0 0 0 0 0 0 0 0 0 0 0 0 0 0 0 0 0 0 0 0 0 0 0 0 0 0 0 0 0 0 0 0 0 0 0 0 0 0 0 0 0 0 0 0 0 0 0 0 0 0 0 0 0 0 0 0 0 0 0 0 0 0 0 0 0 0 0 0 0 0 0 0 0 0 0 0 0 0 0 0 0 0 0 0 0 0 0 0 0 0 0 0 0 0 0 0 0 0 0 0 0 0 0 0 0 0 0 0 0 0 0 0 0 0 0 0 0 0 0 0 0 0 0 0 0 0 0 0 0 0 0 0 0 0 0 0 0 0 0 0 0 0 0 0 0 0 0 0 0 0 0 0 0 0 0 0 0 0 0 0 0 0 0 0 0 0 0 0 0 0 0 0 0 0 0 0 0 0 0 0 0 0 0 0 0 0 0 0 0 0 0 0 0 0 0 0 0 0 0 0 0 0 0 0 0 0 0 0 0 0 0 0 0 0 0 0 0 0 0 0 0 0 0 0 0 0 0 0 0 0 0 0 0 0 0 0 0 0 0 0 0 0 0 0 0 0 0 0 0 0 0 0 0 0 0 0 0 0 0 0 -0.026100460646224174 -0.035442167319013791 -0.030798372920692686 -0.027083274254507093 -0.039752314062600054 -0.043812062550944823 -0.063949329311384404 -0.045882884562979849 -0.040628569620189285 -0.032149069526467386 -0.037042218074962614 -0.043995223410747131 -0.035830522555986767 -0.069289584493256201 -0.033108268584355782 -0.055264935095524652 -0.062787172764756982 -0.046892589073953911 -0.058874489212990072 -0.073900987941550256 -0.078904398214791602 -0.047519822976969509 -0.079624401252141763 -0.10379462109820649 -0.049756919246138294 -0.065476348349060326 -0.11261480261362529 -0.064346349685375462 -0.063615702152356041 -0.13455282995166107 1.6695096741173674
0 0 0 0 0 0 0 0 0 0 0 0 0 0 0 0 0 0 0 0 0 0 0 0 0 0 0 0 0 0 0 0 0 0 0 0 0 0 0 0 0 0 0 0 0 0 0 0 0 0 0 0 0 0 0 0 0 0 0 0 0 0 0 0 0 0 0 0 0 0 0 0 0 0 0 0 0 0 0 0 0 0 0 0 0 0 0 0 0 0 0 0 0 0 0 0 0 0 0 0 0 0 0 0 0 0 0 0 0 0 0 0 0 0 0 0 0 0 0 0 0 0 0 0 0 0 0 0 0 0 0 0 0 0 0 0 0 0 0 0 0 0 0 0 0 0 0 0 0 0 0 0 0 0 0 0 0 0 0 0 0 0 0 0 0 0 0 0 0 0 0 0 0 0 0 0 0 0 0 0 0 0 0 0 0 0 0 0 0 0 0 0 0 0 0 0 0 0 0 0 0 0 0 0 0 0 0 0 0 0 0 0 0 0 0 0 0 0 0 0 0 0 0 0 0 0 0 0 0 0 0 0 0 0 0 0 0 0 0 0 0 0 0 0 0 0 0 0 0 0 0 0 0 0 0 0 0 0 0 0 0 0 0 0 0 0 0 0 0 0 0 0 0 0 0 0 0 0 0 0 0 0 0 0 0 0 0 0 0 0 0 0 0 0 0 0 0 0 0 0 0 0 0 0 0 0 0 0 0 0 0 0 0 0 0 0 0 0 0 0 0 0 0 0 0 0 0 0 0 0 0 0 0 0 0 -0.016782895427434531 -0.022789719917173209 -0.019803706879705545 -0.017414855845146859 -0.025561193687501767 -0.028171658508988881 -0.041120151902100666 -0.029503220803918422 -0.026124636056970196 -0.020672220282444729 -0.023818570897225336 -0.02828943304171172 -0.023039436786892537 -0.044553997208050644 -0.021288996273521668 -0.035535986858006442 -0.040372871918933885 -0.030152472380355299 -0.037856971537710574 -0.047519182493300345 -0.050736432661201515 -0.03055579097099478 -0.051199402868780546 -0.066741131332232181 -0.031994269519532617 -0.042102042650022466 -0.072412609166692954 -0.041375440554265792 -0.040905625813936607 -0.086519012256237107 -0.074390696569820294 1.433479453346105
0 0 0 0 0 0 0 0 0 0 0 0 0 0 0 0 0 0 0 0 0 0 0 0 0 0 0 0 0 0 0 0 0 0 0 0 0 0 0 0 0 0 0 0 0 0 0 0 0 0 0 0 0 0 0 0 0 0 0 0 0 0 0 0 0 0 0 0 0 0 0 0 0 0 0 0 0 0 0 0 0 0 0 0 0 0 0 0 0 0 0 0 0 0 0 0 0 0 0 0 0 0 0 0 0 0 0 0 0 0 0 0 0 0 0 0 0 0 0 0 0 0 0 0 0 0 0 0 0 0 0 0 0 0 0 0 0 0 0 0 0 0 0 0 0 0 0 0 0 0 0 0 0 0 0 0 0 0 0 0 0 0 0 0 0 0 0 0 0 0 0 0 0 0 0 0 0 0 0 0 0 0 0 0 0 0 0 0 0 0 0 0 0 0 0 0 0 0 0 0 0 0 0 0 0 0 0 0 0 0 0 0 0 0 0 0 0 0 0 0 0 0 0 0 0 0 0 0 0 0 0 0 0 0 0 0 0 0 0 0 0 0 0 0 0 0 0 0 0 0 0 0 0 0 0 0 0 0 0 0 0 0 0 0 0 0 0 0 0 0 0 0 0 0 0 0 0 0 0 0 0 0 0 0 0 0 0 0 0 0 0 0 0 0 0 0 0 0 0 0 0 0 0 0 0 0 0 0 0 0 0 0 0 0 0 0 0 0 0 0 0 0 0 0 0 0 0 0 0 0 0 0 0 0 0 -0.041611533492080376 -0.056504862209794067 -0.049101337469167214 -0.043178417001603117 -0.063376458002968775 -0.069848847991864124 -0.10195335992361797 -0.073150325336571051 -0.06477345777153444 -0.051254730767877454 -0.059055796713313652 -0.070140858326677311 -0.057124010552390678 -0.11046724059295429 -0.052783965989580441 -0.088107973603817655 -0.10010055292842762 -0.074760080568288756 -0.093862626139890118 -0.11781912497672535 -0.1257959793695102 -0.07576006922429393 -0.1269438683247793 -0.16547805077725727 -0.079326634871974985 -0.10438786116444079 -0.17953992054690548 -0.10258632295110372 -0.101421463652134 -0.21451535533713295 -0.18444439311431807 -0.14769975177156919 1.9643505778477914
0 0 0 0 0 0 0 0 0 0 0 0 0 0 0 0 0 0 0 0 0 0 0 0 0 0 0 0 0 0 0 0 0 0 0 0 0 0 0 0 0 0 0 0 0 0 0 0 0 0 0 0 0 0 0 0 0 0 0 0 0 0 0 0 0 0 0 0 0 0 0 0 0 0 0 0 0 0 0 0 0 0 0 0 0 0 0 0 0 0 0 0 0 0 0 0 0 0 0 0 0 0 0 0 0 0 0 0 0 0 0 0 0 0 0 0 0 0 0 0 0 0 0 0 0 0 0 0 0 0 0 0 0 0 0 0 0 0 0 0 0 0 0 0 0 0 0 0 0 0 0 0 0 0 0 0 0 0 0 0 0 0 0 0 0 0 0 0 0 0 0 0 0 0 0 0 0 0 0 0 0 0 0 0 0 0 0 0 0 0 0 0 0 0 0 0 0 0 0 0 0 0 0 0 0 0 0 0 0 0 0 0 0 0 0 0 0 0 0 0 0 0 0 0 0 0 0 0 0 0 0 0 0 0 0 0 0 0 0 0 0 0 0 0 0 0 0 0 0 0 0 0 0 0 0 0 0 0 0 0 0 0 0 0 0 0 0 0 0 0 0 0 0 0 0 0 0 0 0 0 0 0 0 0 0 0 0 0 0 0 0 0 0 0 0 0 0 0 0 0 0 0 0 0 0 0 0 0 0 0 0 0 0 0 0 0 0 0 0 0 0 0 0 0 0 0 0 0 0 0 0 0 0 0 0 -0.033284986929259096 -0.045198132398810792 -0.039276066963055495 -0.034538334084659499 -0.050694708875678424 -0.055871961384828514 -0.081552299751162877 -0.058512806867889844 -0.051812166348033845 -0.040998562189402912 -0.047238620082909133 -0.05610553989928832 -0.045693387986892653 -0.088362536793978985 -0.042221794550590531 -0.070477401423447342 -0.080070242940419992 -0.059800447032778294 -0.075080537101733763 -0.094243295205966901 -0.10062396594599123 -0.060600336067169955 -0.1015421601499972 -0.13236557980370192 -0.063453225182347944 -0.083499652688673556 -0.14361364283345926 -0.082058605679557375 -0.081126836929720433 -0.17159042696373566 -0.14753672116298405 -0.11814475205791762 -0.22264691108912521 1.7996996494074566
0 0 0 0 0 0 0 0 0 0 0 0 0 0 0 0 0 0 0 0 0 0 0 0 0 0 0 0 0 0 0 0 0 0 0 0 0 0 0 0 0 0 0 0 0 0 0 0 0 0 0 0 0 0 0 0 0 0 0 0 0 0 0 0 0 0 0 0 0 0 0 0 0 0 0 0 0 0 0 0 0 0 0 0 0 0 0 0 0 0 0 0 0 0 0 0 0 0 0 0 0 0 0 0 0 0 0 0 0 0 0 0 0 0 0 0 0 0 0 0 0 0 0 0 0 0 0 0 0 0 0 0 0 0 0 0 0 0 0 0 0 0 0 0 0 0 0 0 0 0 0 0 0 0 0 0 0 0 0 0 0 0 0 0 0 0 0 0 0 0 0 0 0 0 0 0 0 0 0 0 0 0 0 0 0 0 0 0 0 0 0 0 0 0 0 0 0 0 0 0 0 0 0 0 0 0 0 0 0 0 0 0 0 0 0 0 0 0 0 0 0 0 0 0 0 0 0 0 0 0 0 0 0 0 0 0 0 0 0 0 0 0 0 0 0 0 0 0 0 0 0 0 0 0 0 0 0 0 0 0 0 0 0 0 0 0 0 0 0 0 0 0 0 0 0 0 0 0 0 0 0 0 0 0 0 0 0 0 0 0 0 0 0 0 0 0 0 0 0 0 0 0 0 0 0 0 0 0 0 0 0 0 0 0 0 0 0 0 0 0 0 0 0 0 0 0 0 0 0 0 0 0 0 0 0 -0.021453765364169358 -0.029132357162813309 -0.025315302867434754 -0.022261607525831058 -0.032675163482418217 -0.036012150238592291 -0.052564356041007912 -0.037714301405934576 -0.033395418246744454 -0.026425533389847829 -0.030447549026825692 -0.036162702758080652 -0.029451573066505341 -0.056953879398835658 -0.027213965126911363 -0.045426054600187428 -0.051609099572330064 -0.038544247051691863 -0.048392995611499443 -0.060744309342589627 -0.064856956681567185 -0.039059813775442556 -0.065448776743066123 -0.085315944315561387 -0.040898637201064347 -0.053819518108258725 -0.092565858685504598 -0.052890694417325648 -0.052290124912067013 -0.11059823357123523 -0.095094470223367047 -0.076149940964239535 -0.14350657849783777 -0.14304628990461249 1.5401998958431413
0 0 0 0 0 0 0 0 0 0 0 0 0 0 0 0 0 0 0 0 0 0 0 0 0 0 0 0 0 0 0 0 0 0 0 0 0 0 0 0 0 0 0 0 0 0 0 0 0 0 0 0 0 0 0 0 0 0 0 0 0 0 0 0 0 0 0 0 0 0 0 0 0 0 0 0 0 0 0 0 0 0 0 0 0 0 0 0 0 0 0 0 0 0 0 0 0 0 0 0 0 0 0 0 0 0 0 0 0 0 0 0 0 0 0 0 0 0 0 0 0 0 0 0 0 0 0 0 0 0 0 0 0 0 0 0 0 0 0 0 0 0 0 0 0 0 0 0 0 0 0 0 0 0 0 0 0 0 0 0 0 0 0 0 0 0 0 0 0 0 0 0 0 0 0 0 0 0 0 0 0 0 0 0 0 0 0 0 0 0 0 0 0 0 0 0 0 0 0 0 0 0 0 0 0 0 0 0 0 0 0 0 0 0 0 0 0 0 0 0 0 0 0 0 0 0 0 0 0 0 0 0 0 0 0 0 0 0 0 0 0 0 0 0 0 0 0 0 0 0 0 0 0 0 0 0 0 0 0 0 0 0 0 0 0 0 0 0 0 0 0 0 0 0 0 0 0 0 0 0 0 0 0 0 0 0 0 0 0 0 0 0 0 0 0 0 0 0 0 0 0 0 0 0 0 0 0 0 0 0 0 0 0 0 0 0 0 0 0 0 0 0 0 0 0 0 0 0 0 0 0 0 0 0 0 -0.031995106453453395 -0.043446586314444979 -0.037754016434697099 -0.033199883121847504 -0.048730156047571083 -0.053706776453603174 -0.078391934405980648 -0.056245282253147774 -0.04980430911427404 -0.03940976045676077 -0.045407999753135482 -0.053931303188472821 -0.043922649450538254 -0.084938256915321836 -0.04058558935814173 -0.067746217413227297 -0.076967311180785342 -0.057483022987039029 -0.072170969520219647 -0.090591120526729435 -0.096724523553309225 -0.058251914225022343 -0.097607135325533737 -0.12723606668656234 -0.060994246410219798 -0.0802638223135968 -0.13804823779532682 -0.078878619652736334 -0.077982959383908562 -0.16494084821983901 -0.14181928655809875 -0.11356633328544656 -0.21401875977806548 -0.2133323076663021 -0.18048323799573873 1.7529174965491279
0 0 0 0 0 0 0 0 0 0 0 0 0 0 0 0 0 0 0 0 0 0 0 0 0 0 0 0 0 0 0 0 0 0 0 0 0 0 0 0 0 0 0 0 0 0 0 0 0 0 0 0 0 0 0 0 0 0 0 0 0 0 0 0 0 0 0 0 0 0 0 0 0 0 0 0 0 0 0 0 0 0 0 0 0 0 0 0 0 0 0 0 0 0 0 0 0 0 0 0 0 0 0 0 0 0 0 0 0 0 0 0 0 0 0 0 0 0 0 0 0 0 0 0 0 0 0 0 0 0 0 0 0 0 0 0 0 0 0 0 0 0 0 0 0 0 0 0 0 0 0 0 0 0 0 0 0 0 0 0 0 0 0 0 0 0 0 0 0 0 0 0 0 0 0 0 0 0 0 0 0 0 0 0 0 0 0 0 0 0 0 0 0 0 0 0 0 0 0 0 0 0 0 0 0 0 0 0 0 0 0 0 0 0 0 0 0 0 0 0 0 0 0 0 0 0 0 0 0 0 0 0 0 0 0 0 0 0 0 0 0 0 0 0 0 0 0 0 0 0 0 0 0 0 0 0 0 0 0 0 0 0 0 0 0 0 0 0 0 0 0 0 0 0 0 0 0 0 0 0 0 0 0 0 0 0 0 0 0 0 0 0 0 0 0 0 0 0 0 0 0 0 0 0 0 0 0 0 0 0 0 0 0 0 0 0 0 0 0 0 0 0 0 0 0 0 0 0 0 0 0 0 0 0 0 -0.022269661904913071 -0.030240274072939777 -0.026278055451273378 -0.023108226674657013 -0.033917814942476372 -0.037381708836146499 -0.054563402620118079 -0.039148593593405862 -0.034665461325975498 -0.027430508549876557 -0.031605483287009566 -0.037537986937030955 -0.030571629903919682 -0.059119861565352622 -0.02824892470766913 -0.047153628300132665 -0.053571817309622481 -0.040010102452887455 -0.050233403439468798 -0.063054443299085786 -0.067323496503431501 -0.040545276415707376 -0.067937823753423096 -0.088560548824642663 -0.042454031139939327 -0.055866299076711375 -0.096086180764657997 -0.054902151794624765 -0.054278742355513838 -0.11480433514135067 -0.09871095655954526 -0.079045958160098725 -0.14896419952532952 -0.14848640594570345 -0.1256223571412817 -0.17754669672709655 1.5440907323279363
0 0 0 0 0 0 0 0 0 0 0 0 0 0 0 0 0 0 0 0 0 0 0 0 0 0 0 0 0 0 0 0 0 0 0 0 0 0 0 0 0 0 0 0 0 0 0 0 0 0 0 0 0 0 0 0 0 0 0 0 0 0 0 0 0 0 0 0 0 0 0 0 0 0 0 0 0 0 0 0 0 0 0 0 0 0 0 0 0 0 0 0 0 0 0 0 0 0 0 0 0 0 0 0 0 0 0 0 0 0 0 0 0 0 0 0 0 0 0 0 0 0 0 0 0 0 0 0 0 0 0 0 0 0 0 0 0 0 0 0 0 0 0 0 0 0 0 0 0 0 0 0 0 0 0 0 0 0 0 0 0 0 0 0 0 0 0 0 0 0 0 0 0 0 0 0 0 0 0 0 0 0 0 0 0 0 0 0 0 0 0 0 0 0 0 0 0 0 0 0 0 0 0 0 0 0 0 0 0 0 0 0 0 0 0 0 0 0 0 0 0 0 0 0 0 0 0 0 0 0 0 0 0 0 0 0 0 0 0 0 0 0 0 0 0 0 0 0 0 0 0 0 0 0 0 0 0 0 0 0 0 0 0 0 0 0 0 0 0 0 0 0 0 0 0 0 0 0 0 0 0 0 0 0 0 0 0 0 0 0 0 0 0 0 0 0 0 0 0 0 0 0 0 0 0 0 0 0 0 0 0 0 0 0 0 0 0 0 0 0 0 0 0 0 0 0 0 0 0 0 0 0 0 0 0 -0.021782828891870956 -0.029579196962518487 -0.025703595678742357 -0.022603061950283065 -0.033176343782529989 -0.036564514124206686 -0.053370602037297779 -0.038292773336375124 -0.033907646004939937 -0.026830855210565347 -0.030914561587211439 -0.036717375858060237 -0.029903309084174264 -0.057827453065420593 -0.027631380122152986 -0.046122811440889033 -0.052400693592237604 -0.039135448907968391 -0.049135260178190546 -0.06167602162622679 -0.065851749837888968 -0.039658923530496326 -0.066452647392028955 -0.086624542835639293 -0.041525951316190926 -0.054645016112327305 -0.093985658309799464 -0.053701945877946994 -0.053092164678765812 -0.11229461853110981 -0.09655305436024815 -0.077317948900495787 -0.1457077203564931 -0.14524037173507864 -0.12287614972719069 -0.17366538080535385 -0.15719345003517418 1.5251924453493331
0 0 0 0 0 0 0 0 0 0 0 0 0 0 0 0 0 0 0 0 0 0 0 0 0 0 0 0 0 0 0 0 0 0 0 0 0 0 0 0 0 0 0 0 0 0 0 0 0 0 0 0 0 0 0 0 0 0 0 0 0 0 0 0 0 0 0 0 0 0 0 0 0 0 0 0 0 0 0 0 0 0 0 0 0 0 0 0 0 0 0 0 0 0 0 0 0 0 0 0 0 0 0 0 0 0 0 0 0 0 0 0 0 0 0 0 0 0 0 0 0 0 0 0 0 0 0 0 0 0 0 0 0 0 0 0 0 0 0 0 0 0 0 0 0 0 0 0 0 0 0 0 0 0 0 0 0 0 0 0 0 0 0 0 0 0 0 0 0 0 0 0 0 0 0 0 0 0 0 0 0 0 0 0 0 0 0 0 0 0 0 0 0 0 0 0 0 0 0 0 0 0 0 0 0 0 0 0 0 0 0 0 0 0 0 0 0 0 0 0 0 0 0 0 0 0 0 0 0 0 0 0 0 0 0 0 0 0 0 0 0 0 0 0 0 0 0 0 0 0 0 0 0 0 0 0 0 0 0 0 0 0 0 0 0 0 0 0 0 0 0 0 0 0 0 0 0 0 0 0 0 0 0 0 0 0 0 0 0 0 0 0 0 0 0 0 0 0 0 0 0 0 0 0 0 0 0 0 0 0 0 0 0 0 0 0 0 0 0 0 0 0 0 0 0 0 0 0 0 0 0 0 0 0 0 0 -0.020701825036369907 -0.018145594437184095 -0.015956755635071998 -0.023223584750564987 -0.02559531870639415 -0.03735965324348179 -0.026805107661675917 -0.023735499482692834 -0.018921734776392977 -0.021801658221141561 -0.025707196695625482 -0.02108544956835599 -0.04049092826421339 -0.019477105083748582 -0.032297594652321356 -0.036693694687530969 -0.027404679504112423 -0.03440706814686216 -0.043188762437098592 -0.046112824803318055 -0.027920225267120929 -0.046537930885303419 -0.060664655896607356 -0.029216832847110082 -0.038271788906254121 -0.06582483693762646 -0.037766094227569005 -0.037337263319302767 -0.078663044157944104 -0.067635985393374981 -0.054161680302395425 -0.10206911952223942 -0.10174173905001115 -0.086075469317973954 -0.12165362595014417 -0.11011494106488132 -0.12039127834339743 1.3685905551732862
0 0 0 0 0 0 0 0 0 0 0 0 0 0 0 0 0 0 0 0 0 0 0 0 0 0 0 0 0 0 0 0 0 0 0 0 0 0 0 0 0 0 0 0 0 0 0 0 0 0 0 0 0 0 0 0 0 0 0 0 0 0 0 0 0 0 0 0 0 0 0 0 0 0 0 0 0 0 0 0 0 0 0 0 0 0 0 0 0 0 0 0 0 0 0 0 0 0 0 0 0 0 0 0 0 0 0 0 0 0 0 0 0 0 0 0 0 0 0 0 0 0 0 0 0 0 0 0 0 0 0 0 0 0 0 0 0 0 0 0 0 0 0 0 0 0 0 0 0 0 0 0 0 0 0 0 0 0 0 0 0 0 0 0 0 0 0 0 0 0 0 0 0 0 0 0 0 0 0 0 0 0 0 0 0 0 0 0 0 0 0 0 0 0 0 0 0 0 0 0 0 0 0 0 0 0 0 0 0 0 0 0 0 0 0 0 0 0 0 0 0 0 0 0 0 0 0 0 0 0 0 0 0 0 0 0 0 0 0 0 0 0 0 0 0 0 0 0 0 0 0 0 0 0 0 0 0 0 0 0 0 0 0 0 0 0 0 0 0 0 0 0 0 0 0 0 0 0 0 0 0 0 0 0 0 0 0 0 0 0 0 0 0 0 0 0 0 0 0 0 0 0 0 0 0 0 0 0 0 0 0 0 0 0 0 0 0 0 0 0 0 0 0 0 0 0 0 0 0 0 0 0 0 0 0 -0.022743620770594889 -0.030883869205129217 -0.026837323814088397 -0.023600032475274708 -0.03463967812859859 -0.038177293088519249 -0.05572465996313463 -0.039981781950363872 -0.035403236456938311 -0.028014304243447561 -0.032278133777708218 -0.038336897211673639 -0.031222277187797388 -0.060378092725144175 -0.028850138519011685 -0.048157185528676323 -0.054711971025156833 -0.040861626057301474 -0.051302506644320532 -0.064396413040245112 -0.068756323286916651 -0.0414081899750059 -0.069383725088636605 -0.090445357738415444 -0.043357568181885429 -0.057055285593582597 -0.098131155557600838 -0.056070618639751893 -0.055433941355268794 -0.11724768307771555 -0.10081179370745971 -0.080728270753179315 -0.15213456211707554 -0.15164659979290576 -0.12829594195586777 -0.18132537245848529 -0.1641269016512216 -0.17944383667870256 -0.15587014109758249 1.5274226581461272
0 0 0 0 0 0 0 0 0 0 0 0 0 0 0 0 0 0 0 0 0 0 0 0 0 0 0 0 0 0 0 0 0 0 0 0 0 0 0 0 0 0 0 0 0 0 0 0 0 0 0 0 0 0 0 0 0 0 0 0 0 0 0 0 0 0 0 0 0 0 0 0 0 0 0 0 0 0 0 0 0 0 0 0 0 0 0 0 0 0 0 0 0 0 0 0 0 0 0 0 0 0 0 0 0 0 0 0 0 0 0 0 0 0 0 0 0 0 0 0 0 0 0 0 0 0 0 0 0 0 0 0 0 0 0 0 0 0 0 0 0 0 0 0 0 0 0 0 0 0 0 0 0 0 0 0 0 0 0 0 0 0 0 0 0 0 0 0 0 0 0 0 0 0 0 0 0 0 0 0 0 0 0 0 0 0 0 0 0 0 0 0 0 0 0 0 0 0 0 0 0 0 0 0 0 0 0 0 0 0 0 0 0 0 0 0 0 0 0 0 0 0 0 0 0 0 0 0 0 0 0 0 0 0 0 0 0 0 0 0 0 0 0 0 0 0 0 0 0 0 0 0 0 0 0 0 0 0 0 0 0 0 0 0 0 0 0 0 0 0 0 0 0 0 0 0 0 0 0 0 0 0 0 0 0 0 0 0 0 0 0 0 0 0 0 0 0 0 0 0 0 0 0 0 0 0 0 0 0 0 0 0 0 0 0 0 0 0 0 0 0 0 0 0 0 0 0 0 0 0 0 0 0 0 0 0 -0.015499171593749023 -0.00021377493603223159 -0.00018798802249097468 -0.017027990901254109 -0.0187669930688272 -0.027392835444516983 -0.019654034218771897 -0.017403336890881353 -0.0018908046998412783 -0.0021785887137736413 -0.018431893973988485 -0.0023661249965721423 -0.028707997355536433 -0.0027259690719298002 -0.022703361890412891 -0.025793568795299236 -0.019263922374725247 -0.024186201112972937 -0.030359229960119024 -0.032414678571851506 -0.0068808740779887105 -0.032343385024821716 -0.042161314131005462 -0.0087147642016718405 -0.026346569076906839 -0.045314281430673058 -0.012757098637232414 -0.012612242826555316 -0.052857094438122337 -0.045447537730358381 -0.03639357059361796 -0.068584646673098451 -0.068364665604186914 -0.057837822820722341 -0.081744321802187991 -0.073990981422333499 -0.080896095962750408 -0.070383926682873341 -0.10102723120718353 1.2654149984549101
0 0 0 0 0 0 0 0 0 0 0 0 0 0 0 0 0 0 0 0 0 0 0 0 0 0 0 0 0 0 0 0 0 0 0 0 0 0 0 0 0 0 0 0 0 0 0 0 0 0 0 0 0 0 0 0 0 0 0 0 0 0 0 0 0 0 0 0 0 0 0 0 0 0 0 0 0 0 0 0 0 0 0 0 0 0 0 0 0 0 0 0 0 0 0 0 0 0 0 0 0 0 0 0 0 0 0 0 0 0 0 0 0 0 0 0 0 0 0 0 0 0 0 0 0 0 0 0 0 0 0 0 0 0 0 0 0 0 0 0 0 0 0 0 0 0 0 0 0 0 0 0 0 0 0 0 0 0 0 0 0 0 0 0 0 0 0 0 0 0 0 0 0 0 0 0 0 0 0 0 0 0 0 0 0 0 0 0 0 0 0 0 0 0 0 0 0 0 0 0 0 0 0 0 0 0 0 0 0 0 0 0 0 0 0 0 0 0 0 0 0 0 0 0 0 0 0 0 0 0 0 0 0 0 0 0 0 0 0 0 0 0 0 0 0 0 0 0 0 0 0 0 0 0 0 0 0 0 0 0 0 0 0 0 0 0 0 0 0 0 0 0 0 0 0 0 0 0 0 0 0 0 0 0 0 0 0 0 0 0 0 0 0 0 0 0 0 0 0 0 0 0 0 0 0 0 0 0 0 0 0 0 0 0 0 0 0 0 0 0 0 0 0 0 0 0 0 0 0 0 0 0 0 0 0 -0.027922437764571567 -0.037916254606404805 -0.032948294008462463 -0.028973857974483323 -0.042527276834526305 -0.046870421426574861 -0.068413396682389022 -0.049085799903464129 -0.043464700568317215 -0.034393277774257651 -0.039627999018073422 -0.047066368072040635 -0.038331719493477107 -0.074126435428480297 -0.035419434988904173 -0.059122776861452606 -0.067170114263515976 -0.050165988171035507 -0.062984300670128862 -0.079059743983360201 -0.084412423917206311 -0.050837006964849822 -0.085182687717268737 -0.11104014167394238 -0.05323026669293987 -0.070047011300259907 -0.12047602760617532 -0.068838131587811199 -0.068056480239004638 -0.1439454679094212 -0.12376705820608455 -0.099110433588544863 -0.18677623432969595 -0.18617716095586728 -0.15750946126139215 -0.22261391353111792 -0.20149927942754289 -0.22030394423279598 -0.19136242017274638 -0.27509494578383459 -0.17167544511415794 1.5892542807508574
0 0 0 0 0 0 0 0 0 0 0 0 0 0 0 0 0 0 0 0 0 0 0 0 0 0 0 0 0 0 0 0 0 0 0 0 0 0 0 0 0 0 0 0 0 0 0 0 0 0 0 0 0 0 0 0 0 0 0 0 0 0 0 0 0 0 0 0 0 0 0 0 0 0 0 0 0 0 0 0 0 0 0 0 0 0 0 0 0 0 0 0 0 0 0 0 0 0 0 0 0 0 0 0 0 0 0 0 0 0 0 0 0 0 0 0 0 0 0 0 0 0 0 0 0 0 0 0 0 0 0 0 0 0 0 0 0 0 0 0 0 0 0 0 0 0 0 0 0 0 0 0 0 0 0 0 0 0 0 0 0 0 0 0 0 0 0 0 0 0 0 0 0 0 0 0 0 0 0 0 0 0 0 0 0 0 0 0 0 0 0 0 0 0 0 0 0 0 0 0 0 0 0 0 0 0 0 0 0 0 0 0 0 0 0 0 0 0 0 0 0 0 0 0 0 0 0 0 0 0 0 0 0 0 0 0 0 0 0 0 0 0 0 0 0 0 0 0 0 0 0 0 0 0 0 0 0 0 0 0 0 0 0 0 0 0 0 0 0 0 0 0 0 0 0 0 0 0 0 0 0 0 0 0 0 0 0 0 0 0 0 0 0 0 0 0 0 0 0 0 0 0 0 0 0 0 0 0 0 0 0 0 0 0 0 0 0 0 0 0 0 0 0 0 0 0 0 0 0 0 0 0 0 0 0 -0.031353705344646578 -0.042575619103365735 -0.03699716731971301 -0.032534330035547114 -0.047753269905101078 -0.052630124746946561 -0.076820423033682722 -0.055117741500789207 -0.048805889586096093 -0.038619718889261669 -0.044497712380511069 -0.052850150427978075 -0.043042138673044787 -0.083235512395786679 -0.039771976124701076 -0.066388119135620774 -0.075424359016989018 -0.056330669431500231 -0.070724168899592113 -0.088775053896715223 -0.094785501511104278 -0.057084146821954805 -0.095650419697275751 -0.12468538430731353 -0.059771503884415225 -0.078654785484672446 -0.13528080544064811 -0.077297351774163026 -0.076419646672648542 -0.16163430373030754 -0.13897625655346799 -0.11128968600507677 -0.20972835774340429 -0.20905566683435162 -0.17686511754535381 -0.24996997430251219 -0.22626065415914073 -0.24737614287040424 -0.21487812012415444 -0.30890017356764832 -0.19277189786953514 -0.43877675326076598 1.5765320088597163
0 0 0 0 0 0 0 0 0 0 0 0 0 0 0 0 0 0 0 0 0 0 0 0 0 0 0 0 0 0 0 0 0 0 0 0 0 0 0 0 0 0 0 0 0 0 0 0 0 0 0 0 0 0 0 0 0 0 0 0 0 0 0 0 0 0 0 0 0 0 0 0 0 0 0 0 0 0 0 0 0 0 0 0 0 0 0 0 0 0 0 0 0 0 0 0 0 0 0 0 0 0 0 0 0 0 0 0 0 0 0 0 0 0 0 0 0 0 0 0 0 0 0 0 0 0 0 0 0 0 0 0 0 0 0 0 0 0 0 0 0 0 0 0 0 0 0 0 0 0 0 0 0 0 0 0 0 0 0 0 0 0 0 0 0 0 0 0 0 0 0 0 0 0 0 0 0 0 0 0 0 0 0 0 0 0 0 0 0 0 0 0 0 0 0 0 0 0 0 0 0 0 0 0 0 0 0 0 0 0 0 0 0 0 0 0 0 0 0 0 0 0 0 0 0 0 0 0 0 0 0 0 0 0 0 0 0 0 0 0 0 0 0 0 0 0 0 0 0 0 0 0 0 0 0 0 0 0 0 0 0 0 0 0 0 0 0 0 0 0 0 0 0 0 0 0 0 0 0 0 0 0 0 0 0 0 0 0 0 0 0 0 0 0 0 0 0 0 0 0 0 0 0 0 0 0 0 0 0 0 0 0 0 0 0 0 0 0 0 0 0 0 0 0 0 0 0 0 0 0 0 0 0 0 0 0 -0.018315207043278221 -0.016053672488126648 -0.00022478631278777448 -0.020361187048820964 -0.02244059551324834 -0.032754929781075907 -0.023501273245504804 -0.020810006286929625 -0.0022609260475598687 -0.019077015796747282 -0.022323744471263791 -0.018598768773817213 -0.035169039160937172 -0.0033394775628162597 -0.027812996271398844 -0.031598687286602777 -0.023599474111673024 -0.029629564318334637 -0.03719189932130211 -0.039709948623873212 -0.024468755885226588 -0.040088378723575777 -0.052257323315733607 -0.010991679384393507 -0.032659687788756595 -0.056172410137258093 -0.032665774869606007 -0.032450303948612834 -0.067178452009743567 -0.057761314064549062 -0.046254221151877953 -0.087167303540071045 -0.086887719733241442 -0.073508683101348074 -0.10389252488492344 -0.0940384568518602 -0.1028144766218887 -0.089454089203823958 -0.12840003930360122 -0.066690921011867813 -0.18093399189954038 -0.2551648420849767 1.2765429986136936
0 0 0 0 0 0 0 0 0 0 0 0 0 0 0 0 0 0 0 0 0 0 0 0 0 0 0 0 0 0 0 0 0 0 0 0 0 0 0 0 0 0 0 0 0 0 0 0 0 0 0 0 0 0 0 0 0 0 0 0 0 0 0 0 0 0 0 0 0 0 0 0 0 0 0 0 0 0 0 0 0 0 0 0 0 0 0 0 0 0 0 0 0 0 0 0 0 0 0 0 0 0 0 0 0 0 0 0 0 0 0 0 0 0 0 0 0 0 0 0 0 0 0 0 0 0 0 0 0 0 0 0 0 0 0 0 0 0 0 0 0 0 0 0 0 0 0 0 0 0 0 0 0 0 0 0 0 0 0 0 0 0 0 0 0 0 0 0 0 0 0 0 0 0 0 0 0 0 0 0 0 0 0 0 0 0 0 0 0 0 0 0 0 0 0 0 0 0 0 0 0 0 0 0 0 0 0 0 0 0 0 0 0 0 0 0 0 0 0 0 0 0 0 0 0 0 0 0 0 0 0 0 0 0 0 0 0 0 0 0 0 0 0 0 0 0 0 0 0 0 0 0 0 0 0 0 0 0 0 0 0 0 0 0 0 0 0 0 0 0 0 0 0 0 0 0 0 0 0 0 0 0 0 0 0 0 0 0 0 0 0 0 0 0 0 0 0 0 0 0 0 0 0 0 0 0 0 0 0 0 0 0 0 0 0 0 0 0 0 0 0 0 0 0 0 0 0 0 0 0 0 0 0 0 0 0 -0.020850644055898863 -0.018276037505279036 -0.016071463817771033 -0.023390531920993295 -0.025779315538930314 -0.037628220239670072 -0.026997801292965157 -0.023906126649854892 -0.01905775727741699 -0.02195838360138562 -0.025891997784435839 -0.021237026346035394 -0.040782005028387851 -0.019617119970200745 -0.032529772074401636 -0.036957474313563686 -0.027601683271999609 -0.034654409921681464 -0.043499233097016921 -0.04644431564351624 -0.028120935134100349 -0.046872477681688646 -0.06110075535135237 -0.029426863625092413 -0.038546912963704799 -0.066298031338431776 -0.038037583002326875 -0.037605669361249275 -0.079228528461098222 -0.068122199580453208 -0.05455103187620456 -0.10280286286442224 -0.10247312895519908 -0.086694239253808023 -0.12252815625383538 -0.11090652333050181 -0.1212567340204405 -0.10549983871940097 -0.151431684774402 -0.094627815857262293 -0.21511445217874789 -0.30336834247741812 -0.21529129761003485 1.2856974827408993
0 0 0 0 0 0 0 0 0 0 0 0 0 0 0 0 0 0 0 0 0 0 0 0 0 0 0 0 0 0 0 0 0 0 0 0 0 0 0 0 0 0 0 0 0 0 0 0 0 0 0 0 0 0 0 0 0 0 0 0 0 0 0 0 0 0 0 0 0 0 0 0 0 0 0 0 0 0 0 0 0 0 0 0 0 0 0 0 0 0 0 0 0 0 0 0 0 0 0 0 0 0 0 0 0 0 0 0 0 0 0 0 0 0 0 0 0 0 0 0 0 0 0 0 0 0 0 0 0 0 0 0 0 0 0 0 0 0 0 0 0 0 0 0 0 0 0 0 0 0 0 0 0 0 0 0 0 0 0 0 0 0 0 0 0 0 0 0 0 0 0 0 0 0 0 0 0 0 0 0 0 0 0 0 0 0 0 0 0 0 0 0 0 0 0 0 0 0 0 0 0 0 0 0 0 0 0 0 0 0 0 0 0 0 0 0 0 0 0 0 0 0 0 0 0 0 0 0 0 0 0 0 0 0 0 0 0 0 0 0 0 0 0 0 0 0 0 0 0 0 0 0 0 0 0 0 0 0 0 0 0 0 0 0 0 0 0 0 0 0 0 0 0 0 0 0 0 0 0 0 0 0 0 0 0 0 0 0 0 0 0 0 0 0 0 0 0 0 0 0 0 0 0 0 0 0 0 0 0 0 0 0 0 0 0 0 0 0 0 0 0 0 0 0 0 0 0 0 0 0 0 0 0 0 0 0 -0.019066863741889029 -0.016712515734315137 -0.00023401155044758926 -0.021196810834058537 -0.023361558290163686 -0.034099193175112431 -0.024465766271389234 -0.021664049628440644 -0.0023537145268108387 -0.019859937151621865 -0.023239911677577916 -0.019362062855163058 -0.036612377683213425 -0.0034765298316778953 -0.028954442551882217 -0.032895498450690182 -0.024567997304329951 -0.030845562611129099 -0.038718256090999159 -0.04133964621965297 -0.025472954430421746 -0.041733607103076956 -0.054401965580980371 -0.011442778267345868 -0.034000042448300551 -0.058477727694250053 -0.034006379343148006 -0.03378206548847959 -0.069935457886669619 -0.060131840290902218 -0.04815249590715049 -0.090744652540327153 -0.090453594604881463 -0.076525481870187387 -0.10815627751850279 -0.0978977982097122 -0.10703398611934642 -0.093125287962828596 -0.1336695811338629 -0.069427918600628385 -0.1883595288697946 -0.26563681558491892 -0.18928895625944467 -0.25422764121800701 1.2482527279373001
0 0 0 0 0 0 0 0 0 0 0 0 0 0 0 0 0 0 0 0 0 0 0 0 0 0 0 0 0 0 0 0 0 0 0 0 0 0 0 0 0 0 0 0 0 0 0 0 0 0 0 0 0 0 0 0 0 0 0 0 0 0 0 0 0 0 0 0 0 0 0 0 0 0 0 0 0 0 0 0 0 0 0 0 0 0 0 0 0 0 0 0 0 0 0 0 0 0 0 0 0 0 0 0 0 0 0 0 0 0 0 0 0 0 0 0 0 0 0 0 0 0 0 0 0 0 0 0 0 0 0 0 0 0 0 0 0 0 0 0 0 0 0 0 0 0 0 0 0 0 0 0 0 0 0 0 0 0 0 0 0 0 0 0 0 0 0 0 0 0 0 0 0 0 0 0 0 0 0 0 0 0 0 0 0 0 0 0 0 0 0 0 0 0 0 0 0 0 0 0 0 0 0 0 0 0 0 0 0 0 0 0 0 0 0 0 0 0 0 0 0 0 0 0 0 0 0 0 0 0 0 0 0 0 0 0 0 0 0 0 0 0 0 0 0 0 0 0 0 0 0 0 0 0 0 0 0 0 0 0 0 0 0 0 0 0 0 0 0 0 0 0 0 0 0 0 0 0 0 0 0 0 0 0 0 0 0 0 0 0 0 0 0 0 0 0 0 0 0 0 0 0 0 0 0 0 0 0 0 0 0 0 0 0 0 0 0 0 0 0 0 0 0 0 0 0 0 0 0 0 0 0 0 0 0 0 -0.015693561707716203 -0.00021645609443655505 -0.00019034576225115794 -0.017241555418035234 -0.019002368095125077 -0.027736395509758913 -0.019900534486776221 -0.01762160898504873 -0.0019145191118579922 -0.0022059125036805144 -0.018663066198165931 -0.0023958008605344367 -0.029068052139365301 -0.0027601580887658536 -0.022988106728459391 -0.026117070909422727 -0.01950552987246942 -0.024489543673079772 -0.030739994450414691 -0.032821222432836056 -0.0069671737804033419 -0.032749034724422151 -0.04269009998316229 -0.008824064495310948 -0.026677006902859308 -0.045882611697769825 -0.012917097759958559 -0.012770425172341098 -0.053520026424497012 -0.046017539293699783 -0.036850017590967434 -0.069444833116131921 -0.069222093051694467 -0.058563222943027356 -0.082769556469421093 -0.074918973942723094 -0.081910692208658514 -0.071266679638190431 -0.10229431150688603 -0.053131618071691811 -0.14414729333370907 -0.20328585554501441 -0.13077982861763005 -0.19219717425277524 -0.19820870641520866 1.2054705492264732
0 0 0 0 0 0 0 0 0 0 0 0 0 0 0 0 0 0 0 0 0 0 0 0 0 0 0 0 0 0 0 0 0 0 0 0 0 0 0 0 0 0 0 0 0 0 0 0 0 0 0 0 0 0 0 0 0 0 0 0 0 0 0 0 0 0 0 0 0 0 0 0 0 0 0 0 0 0 0 0 0 0 0 0 0 0 0 0 0 0 0 0 0 0 0 0 0 0 0 0 0 0 0 0 0 0 0 0 0 0 0 0 0 0 0 0 0 0 0 0 0 0 0 0 0 0 0 0 0 0 0 0 0 0 0 0 0 0 0 0 0 0 0 0 0 0 0 0 0 0 0 0 0 0 0 0 0 0 0 0 0 0 0 0 0 0 0 0 0 0 0 0 0 0 0 0 0 0 0 0 0 0 0 0 0 0 0 0 0 0 0 0 0 0 0 0 0 0 0 0 0 0 0 0 0 0 0 0 0 0 0 0 0 0 0 0 0 0 0 0 0 0 0 0 0 0 0 0 0 0 0 0 0 0 0 0 0 0 0 0 0 0 0 0 0 0 0 0 0 0 0 0 0 0 0 0 0 0 0 0 0 0 0 0 0 0 0 0 0 0 0 0 0 0 0 0 0 0 0 0 0 0 0 0 0 0 0 0 0 0 0 0 0 0 0 0 0 0 0 0 0 0 0 0 0 0 0 0 0 0 0 0 0 0 0 0 0 0 0 0 0 0 0 0 0 0 0 0 0 0 0 0 0 0 0 -0.016181371565478223 -0.021972902557096424 -0.019093912655292013 -0.01679068158459205 -0.024645042597268085 -0.027161944488108922 -0.0396463446747767 -0.028445781615617945 -0.025188290356602909 -0.019931297249630015 -0.022964877992188364 -0.027275497806913882 -0.022213669203863216 -0.042957115872404299 -0.020525967074478232 -0.034262324387446287 -0.03892584831445773 -0.029071763052683521 -0.036500121534099067 -0.045816024519518501 -0.048917963670066213 -0.029460626106894025 -0.049364340338799238 -0.064349030204993149 -0.03084754745091968 -0.040593043002101599 -0.069817233862793093 -0.03989248340304264 -0.039439507519764681 -0.083418042545138835 -0.071724423679796021 -0.057435628129388384 -0.10823896082327125 -0.10789179096157728 -0.091278531596648935 -0.12900730519535369 -0.11677113359816563 -0.12766865160657362 -0.11089670789465743 -0.15942066273172684 -0.099487881018247001 -0.22644882321759965 -0.31935280712056435 -0.22646983106804333 -0.30525797161663099 -0.33762100482591545 -0.31981460044651633 1.1681006572795352
0 0 0 0 0 0 0 0 0 0 0 0 0 0 0 0 0 0 0 0 0 0 0 0 0 0 0 0 0 0 0 0 0 0 0 0 0 0 0 0 0 0 0 0 0 0 0 0 0 0 0 0 0 0 0 0 0 0 0 0 0 0 0 0 0 0 0 0 0 0 0 0 0 0 0 0 0 0 0 0 0 0 0 0 0 0 0 0 0 0 0 0 0 0 0 0 0 0 0 0 0 0 0 0 0 0 0 0 0 0 0 0 0 0 0 0 0 0 0 0 0 0 0 0 0 0 0 0 0 0 0 0 0 0 0 0 0 0 0 0 0 0 0 0 0 0 0 0 0 0 0 0 0 0 0 0 0 0 0 0 0 0 0 0 0 0 0 0 0 0 0 0 0 0 0 0 0 0 0 0 0 0 0 0 0 0 0 0 0 0 0 0 0 0 0 0 0 0 0 0 0 0 0 0 0 0 0 0 0 0 0 0 0 0 0 0 0 0 0 0 0 0 0 0 0 0 0 0 0 0 0 0 0 0 0 0 0 0 0 0 0 0 0 0 0 0 0 0 0 0 0 0 0 0 0 0 0 0 0 0 0 0 0 0 0 0 0 0 0 0 0 0 0 0 0 0 0 0 0 0 0 0 0 0 0 0 0 0 0 0 0 0 0 0 0 0 0 0 0 0 0 0 0 0 0 0 0 0 0 0 0 0 0 0 0 0 0 0 0 0 0 0 0 0 0 0 0 0 0 0 0 0 0 0 0 0 0 0 0 0 0 0 0 0 0 0 0 0 0 0 0 0 0 0 0 0 0 0 0 0 0 0 0 0 0 0 0 0 0 0 0 0 0 0 0 0 0 0 0 0 0 0 0 1.2888267552596615
0 0 0 0 0 0 0 0 0 0 0 0 0 0 0 0 0 0 0 0 0 0 0 0 0 0 0 0 0 0 0 0 0 0 0 0 0 0 0 0 0 0 0 0 0 0 0 0 0 0 0 0 0 0 0 0 0 0 0 0 0 0 0 0 0 0 0 0 0 0 0 0 0 0 0 0 0 0 0 0 0 0 0 0 0 0 0 0 0 0 0 0 0 0 0 0 0 0 0 0 0 0 0 0 0 0 0 0 0 0 0 0 0 0 0 0 0 0 0 0 0 0 0 0 0 0 0 0 0 0 0 0 0 0 0 0 0 0 0 0 0 0 0 0 0 0 0 0 0 0 0 0 0 0 0 0 0 0 0 0 0 0 0 0 0 0 0 0 0 0 0 0 0 0 0 0 0 0 0 0 0 0 0 0 0 0 0 0 0 0 0 0 0 0 0 0 0 0 0 0 0 0 0 0 0 0 0 0 0 0 0 0 0 0 0 0 0 0 0 0 0 0 0 0 0 0 0 0 0 0 0 0 0 0 0 0 0 0 0 0 0 0 0 0 0 0 0 0 0 0 0 0 0 0 0 0 0 0 0 0 0 0 0 0 0 0 0 0 0 0 0 0 0 0 0 0 0 0 0 0 0 0 0 0 0 0 0 0 0 0 0 0 0 0 0 0 0 0 0 0 0 0 0 0 0 0 0 0 0 0 0 0 0 0 0 0 0 0 0 0 0 0 0 0 0 0 0 0 0 0 0 0 0 0 0 0 0 0 0 0 0 0 0 0 0 0 0 0 0 0 0 0 0 0 0 0 0 0 0 0 0 0 0 0 0 0 0 0 0 0 0 0 0 0 0 0 0 0 0 0 0 0 0 0 1.4880604343166886
0 0 0 0 0 0 0 0 0 0 0 0 0 0 0 0 0 0 0 0 0 0 0 0 0 0 0 0 0 0 0 0 0 0 0 0 0 0 0 0 0 0 0 0 0 0 0 0 0 0 0 0 0 0 0 0 0 0 0 0 0 0 0 0 0 0 0 0 0 0 0 0 0 0 0 0 0 0 0 0 0 0 0 0 0 0 0 0 0 0 0 0 0 0 0 0 0 0 0 0 0 0 0 0 0 0 0 0 0 0 0 0 0 0 0 0 0 0 0 0 0 0 0 0 0 0 0 0 0 0 0 0 0 0 0 0 0 0 0 0 0 0 0 0 0 0 0 0 0 0 0 0 0 0 0 0 0 0 0 0 0 0 0 0 0 0 0 0 0 0 0 0 0 0 0 0 0 0 0 0 0 0 0 0 0 0 0 0 0 0 0 0 0 0 0 0 0 0 0 0 0 0 0 0 0 0 0 0 0 0 0 0 0 0 0 0 0 0 0 0 0 0 0 0 0 0 0 0 0 0 0 0 0 0 0 0 0 0 0 0 0 0 0 0 0 0 0 0 0 0 0 0 0 0 0 0 0 0 0 0 0 0 0 0 0 0 0 0 0 0 0 0 0 0 0 0 0 0 0 0 0 0 0 0 0 0 0 0 0 0 0 0 0 0 0 0 0 0 0 0 0 0 0 0 0 0 0 0 0 0 0 0 0 0 0 0 0 0 0 0 0 0 0 0 0 0 0 0 0 0 0 0 0 0 0 0 0 0 0 0 0 0 0 0 0 0 0 0 0 0 0 0 0 0 0 0 0 0 0 0 0 0 0 0 0 0 0 0 0 0 0 0 0 0 0 0 0 0 0 0 0 0 0 -0.02536749292464777 -0.034596778796014423 1.8199312009503719
0 0 0 0 0 0 0 0 0 0 0 0 0 0 0 0 0 0 0 0 0 0 0 0 0 0 0 0 0 0 0 0 0 0 0 0 0 0 0 0 0 0 0 0 0 0 0 0 0 0 0 0 0 0 0 0 0 0 0 0 0 0 0 0 0 0 0 0 0 0 0 0 0 0 0 0 0 0 0 0 0 0 0 0 0 0 0 0 0 0 0 0 0 0 0 0 0 0 0 0 0 0 0 0 0 0 0 0 0 0 0 0 0 0 0 0 0 0 0 0 0 0 0 0 0 0 0 0 0 0 0 0 0 0 0 0 0 0 0 0 0 0 0 0 0 0 0 0 0 0 0 0 0 0 0 0 0 0 0 0 0 0 0 0 0 0 0 0 0 0 0 0 0 0 0 0 0 0 0 0 0 0 0 0 0 0 0 0 0 0 0 0 0 0 0 0 0 0 0 0 0 0 0 0 0 0 0 0 0 0 0 0 0 0 0 0 0 0 0 0 0 0 0 0 0 0 0 0 0 0 0 0 0 0 0 0 0 0 0 0 0 0 0 0 0 0 0 0 0 0 0 0 0 0 0 0 0 0 0 0 0 0 0 0 0 0 0 0 0 0 0 0 0 0 0 0 0 0 0 0 0 0 0 0 0 0 0 0 0 0 0 0 0 0 0 0 0 0 0 0 0 0 0 0 0 0 0 0 0 0 0 0 0 0 0 0 0 0 0 0 0 0 0 0 0 0 0 0 0 0 0 0 0 0 0 0 0 0 0 0 0 0 0 0 0 0 0 0 0 0 0 0 0 0 0 0 0 0 0 0 0 0 0 0 0 0 0 0 0 0 0 0 0 0 0 0 0 0 0 0 0 0 0 -0.0258024656859164 -0.035190004797834858 -0.050245083165479508 1.8316144611520961
0 0 0 0 0 0 0 0 0 0 0 0 0 0 0 0 0 0 0 0 0 0 0 0 0 0 0 0 0 0 0 0 0 0 0 0 0 0 0 0 0 0 0 0 0 0 0 0 0 0 0 0 0 0 0 0 0 0 0 0 0 0 0 0 0 0 0 0 0 0 0 0 0 0 0 0 0 0 0 0 0 0 0 0 0 0 0 0 0 0 0 0 0 0 0 0 0 0 0 0 0 0 0 0 0 0 0 0 0 0 0 0 0 0 0 0 0 0 0 0 0 0 0 0 0 0 0 0 0 0 0 0 0 0 0 0 0 0 0 0 0 0 0 0 0 0 0 0 0 0 0 0 0 0 0 0 0 0 0 0 0 0 0 0 0 0 0 0 0 0 0 0 0 0 0 0 0 0 0 0 0 0 0 0 0 0 0 0 0 0 0 0 0 0 0 0 0 0 0 0 0 0 0 0 0 0 0 0 0 0 0 0 0 0 0 0 0 0 0 0 0 0 0 0 0 0 0 0 0 0 0 0 0 0 0 0 0 0 0 0 0 0 0 0 0 0 0 0 0 0 0 0 0 0 0 0 0 0 0 0 0 0 0 0 0 0 0 0 0 0 0 0 0 0 0 0 0 0 0 0 0 0 0 0 0 0 0 0 0 0 0 0 0 0 0 0 0 0 0 0 0 0 0 0 0 0 0 0 0 0 0 0 0 0 0 0 0 0 0 0 0 0 0 0 0 0 0 0 0 0 0 0 0 0 0 0 0 0 0 0 0 0 0 0 0 0 0 0 0 0 0 0 0 0 0 0 0 0 0 0 0 0 0 0 0 0 0 0 0 0 0 0 0 0 0 0 0 0 0 0 0 0 0 -0.017945141973495646 -0.024474003369756268 -0.034944534442953833 -0.036275604714334747 1.5923572221654489
0 0 0 0 0 0 0 0 0 0 0 0 0 0 0 0 0 0 0 0 0 0 0 0 0 0 0 0 0 0 0 0 0 0 0 0 0 0 0 0 0 0 0 0 0 0 0 0 0 0 0 0 0 0 0 0 0 0 0 0 0 0 0 0 0 0 0 0 0 0 0 0 0 0 0 0 0 0 0 0 0 0 0 0 0 0 0 0 0 0 0 0 0 0 0 0 0 0 0 0 0 0 0 0 0 0 0 0 0 0 0 0 0 0 0 0 0 0 0 0 0 0 0 0 0 0 0 0 0 0 0 0 0 0 0 0 0 0 0 0 0 0 0 0 0 0 0 0 0 0 0 0 0 0 0 0 0 0 0 0 0 0 0 0 0 0 0 0 0 0 0 0 0 0 0 0 0 0 0 0 0 0 0 0 0 0 0 0 0 0 0 0 0 0 0 0 0 0 0 0 0 0 0 0 0 0 0 0 0 0 0 0 0 0 0 0 0 0 0 0 0 0 0 0 0 0 0 0 0 0 0 0 0 0 0 0 0 0 0 0 0 0 0 0 0 0 0 0 0 0 0 0 0 0 0 0 0 0 0 0 0 0 0 0 0 0 0 0 0 0 0 0 0 0 0 0 0 0 0 0 0 0 0 0 0 0 0 0 0 0 0 0 0 0 0 0 0 0 0 0 0 0 0 0 0 0 0 0 0 0 0 0 0 0 0 0 0 0 0 0 0 0 0 0 0 0 0 0 0 0 0 0 0 0 0 0 0 0 0 0 0 0 0 0 0 0 0 0 0 0 0 0 0 0 0 0 0 0 0 0 0 0 0 0 0 0 0 0 0 0 0 0 0 0 0 0 0 0 0 0 0 0 0 0 -0.016151915420726921 -0.022896991690154241 -0.023769159696644213 -0.019556344645287226 1.3799480930111443
0 0 0 0 0 0 0 0 0 0 0 0 0 0 0 0 0 0 0 0 0 0 0 0 0 0 0 0 0 0 0 0 0 0 0 0 0 0 0 0 0 0 0 0 0 0 0 0 0 0 0 0 0 0 0 0 0 0 0 0 0 0 0 0 0 0 0 0 0 0 0 0 0 0 0 0 0 0 0 0 0 0 0 0 0 0 0 0 0 0 0 0 0 0 0 0 0 0 0 0 0 0 0 0 0 0 0 0 0 0 0 0 0 0 0 0 0 0 0 0 0 0 0 0 0 0 0 0 0 0 0 0 0 0 0 0 0 0 0 0 0 0 0 0 0 0 0 0 0 0 0 0 0 0 0 0 0 0 0 0 0 0 0 0 0 0 0 0 0 0 0 0 0 0 0 0 0 0 0 0 0 0 0 0 0 0 0 0 0 0 0 0 0 0 0 0 0 0 0 0 0 0 0 0 0 0 0 0 0 0 0 0 0 0 0 0 0 0 0 0 0 0 0 0 0 0 0 0 0 0 0 0 0 0 0 0 0 0 0 0 0 0 0 0 0 0 0 0 0 0 0 0 0 0 0 0 0 0 0 0 0 0 0 0 0 0 0 0 0 0 0 0 0 0 0 0 0 0 0 0 0 0 0 0 0 0 0 0 0 0 0 0 0 0 0 0 0 0 0 0 0 0 0 0 0 0 0 0 0 0 0 0 0 0 0 0 0 0 0 0 0 0 0 0 0 0 0 0 0 0 0 0 0 0 0 0 0 0 0 0 0 0 0 0 0 0 0 0 0 0 0 0 0 0 0 0 0 0 0 0 0 0 0 0 0 0 0 0 0 0 0 0 0 0 0 0 0 0 0 0 0 0 0 -0.02338238520067229 -0.031889442559964315 -0.04553246590136225 -0.047266840466945667 -0.038889326937203803 -0.029955194742025317 1.7603617210874347
0 0 0 0 0 0 0 0 0 0 0 0 0 0 0 0 0 0 0 0 0 0 0 0 0 0 0 0 0 0 0 0 0 0 0 0 0 0 0 0 0 0 0 0 0 0 0 0 0 0 0 0 0 0 0 0 0 0 0 0 0 0 0 0 0 0 0 0 0 0 0 0 0 0 0 0 0 0 0 0 0 0 0 0 0 0 0 0 0 0 0 0 0 0 0 0 0 0 0 0 0 0 0 0 0 0 0 0 0 0 0 0 0 0 0 0 0 0 0 0 0 0 0 0 0 0 0 0 0 0 0 0 0 0 0 0 0 0 0 0 0 0 0 0 0 0 0 0 0 0 0 0 0 0 0 0 0 0 0 0 0 0 0 0 0 0 0 0 0 0 0 0 0 0 0 0 0 0 0 0 0 0 0 0 0 0 0 0 0 0 0 0 0 0 0 0 0 0 0 0 0 0 0 0 0 0 0 0 0 0 0 0 0 0 0 0 0 0 0 0 0 0 0 0 0 0 0 0 0 0 0 0 0 0 0 0 0 0 0 0 0 0 0 0 0 0 0 0 0 0 0 0 0 0 0 0 0 0 0 0 0 0 0 0 0 0 0 0 0 0 0 0 0 0 0 0 0 0 0 0 0 0 0 0 0 0 0 0 0 0 0 0 0 0 0 0 0 0 0 0 0 0 0 0 0 0 0 0 0 0 0 0 0 0 0 0 0 0 0 0 0 0 0 0 0 0 0 0 0 0 0 0 0 0 0 0 0 0 0 0 0 0 0 0 0 0 0 0 0 0 0 0 0 0 0 0 0 0 0 0 0 0 0 0 0 0 0 0 0 0 0 0 0 0 0 0 0 0 0 0 0 0 0 0 -0.013692940061010541 -0.019411142680229674 -0.02015053141060133 -0.016579077345634748 -0.0010643960735581205 -0.019925104987148678 1.312073043997539
0 0 0 0 0 0 0 0 0 0 0 0 0 0 0 0 0 0 0 0 0 0 0 0 0 0 0 0 0 0 0 0 0 0 0 0 0 0 0 0 0 0 0 0 0 0 0 0 0 0 0 0 0 0 0 0 0 0 0 0 0 0 0 0 0 0 0 0 0 0 0 0 0 0 0 0 0 0 0 0 0 0 0 0 0 0 0 0 0 0 0 0 0 0 0 0 0 0 0 0 0 0 0 0 0 0 0 0 0 0 0 0 0 0 0 0 0 0 0 0 0 0 0 0 0 0 0 0 0 0 0 0 0 0 0 0 0 0 0 0 0 0 0 0 0 0 0 0 0 0 0 0 0 0 0 0 0 0 0 0 0 0 0 0 0 0 0 0 0 0 0 0 0 0 0 0 0 0 0 0 0 0 0 0 0 0 0 0 0 0 0 0 0 0 0 0 0 0 0 0 0 0 0 0 0 0 0 0 0 0 0 0 0 0 0 0 0 0 0 0 0 0 0 0 0 0 0 0 0 0 0 0 0 0 0 0 0 0 0 0 0 0 0 0 0 0 0 0 0 0 0 0 0 0 0 0 0 0 0 0 0 0 0 0 0 0 0 0 0 0 0 0 0 0 0 0 0 0 0 0 0 0 0 0 0 0 0 0 0 0 0 0 0 0 0 0 0 0 0 0 0 0 0 0 0 0 0 0 0 0 0 0 0 0 0 0 0 0 0 0 0 0 0 0 0 0 0 0 0 0 0 0 0 0 0 0 0 0 0 0 0 0 0 0 0 0 0 0 0 0 0 0 0 0 0 0 0 0 0 0 0 0 0 0 0 0 0 0 0 0 0 0 0 0 0 0 0 0 0 0 0 0 0 -0.024085296020009233 -0.032848088737659223 -0.046901242552610321 -0.048687755111664253 -0.04005840051230225 -0.030855694425817398 -0.048624372277702936 -0.028274842448904037 1.7800280675471061
0 0 0 0 0 0 0 0 0 0 0 0 0 0 0 0 0 0 0 0 0 0 0 0 0 0 0 0 0 0 0 0 0 0 0 0 0 0 0 0 0 0 0 0 0 0 0 0 0 0 0 0 0 0 0 0 0 0 0 0 0 0 0 0 0 0 0 0 0 0 0 0 0 0 0 0 0 0 0 0 0 0 0 0 0 0 0 0 0 0 0 0 0 0 0 0 0 0 0 0 0 0 0 0 0 0 0 0 0 0 0 0 0 0 0 0 0 0 0 0 0 0 0 0 0 0 0 0 0 0 0 0 0 0 0 0 0 0 0 0 0 0 0 0 0 0 0 0 0 0 0 0 0 0 0 0 0 0 0 0 0 0 0 0 0 0 0 0 0 0 0 0 0 0 0 0 0 0 0 0 0 0 0 0 0 0 0 0 0 0 0 0 0 0 0 0 0 0 0 0 0 0 0 0 0 0 0 0 0 0 0 0 0 0 0 0 0 0 0 0 0 0 0 0 0 0 0 0 0 0 0 0 0 0 0 0 0 0 0 0 0 0 0 0 0 0 0 0 0 0 0 0 0 0 0 0 0 0 0 0 0 0 0 0 0 0 0 0 0 0 0 0 0 0 0 0 0 0 0 0 0 0 0 0 0 0 0 0 0 0 0 0 0 0 0 0 0 0 0 0 0 0 0 0 0 0 0 0 0 0 0 0 0 0 0 0 0 0 0 0 0 0 0 0 0 0 0 0 0 0 0 0 0 0 0 0 0 0 0 0 0 0 0 0 0 0 0 0 0 0 0 0 0 0 0 0 0 0 0 0 0 0 0 0 0 0 0 0 0 0 0 0 0 0 0 0 0 0 0 0 0 0 0 0 -0.017542778332606593 -0.024868682087602848 -0.025815953640734777 -0.021240367484099524 -0.016470373566294102 -0.025784210905699306 -0.0016207761820685516 -0.026995971039565136 1.4166789897704106
0 0 0 0 0 0 0 0 0 0 0 0 0 0 0 0 0 0 0 0 0 0 0 0 0 0 0 0 0 0 0 0 0 0 0 0 0 0 0 0 0 0 0 0 0 0 0 0 0 0 0 0 0 0 0 0 0 0 0 0 0 0 0 0 0 0 0 0 0 0 0 0 0 0 0 0 0 0 0 0 0 0 0 0 0 0 0 0 0 0 0 0 0 0 0 0 0 0 0 0 0 0 0 0 0 0 0 0 0 0 0 0 0 0 0 0 0 0 0 0 0 0 0 0 0 0 0 0 0 0 0 0 0 0 0 0 0 0 0 0 0 0 0 0 0 0 0 0 0 0 0 0 0 0 0 0 0 0 0 0 0 0 0 0 0 0 0 0 0 0 0 0 0 0 0 0 0 0 0 0 0 0 0 0 0 0 0 0 0 0 0 0 0 0 0 0 0 0 0 0 0 0 0 0 0 0 0 0 0 0 0 0 0 0 0 0 0 0 0 0 0 0 0 0 0 0 0 0 0 0 0 0 0 0 0 0 0 0 0 0 0 0 0 0 0 0 0 0 0 0 0 0 0 0 0 0 0 0 0 0 0 0 0 0 0 0 0 0 0 0 0 0 0 0 0 0 0 0 0 0 0 0 0 0 0 0 0 0 0 0 0 0 0 0 0 0 0 0 0 0 0 0 0 0 0 0 0 0 0 0 0 0 0 0 0 0 0 0 0 0 0 0 0 0 0 0 0 0 0 0 0 0 0 0 0 0 0 0 0 0 0 0 0 0 0 0 0 0 0 0 0 0 0 0 0 0 0 0 0 0 0 0 0 0 0 0 0 0 0 0 0 0 0 0 0 0 0 0 0 0 0 0 0 -0.038079158311136389 -0.051933244674279198 -0.074151458992496158 -0.076975957994067173 -0.063332838987389714 -0.048783244011808342 -0.076875748930139029 -0.044702884321612207 -0.081121940773108081 -0.055173610234043984 2.1406156923176658
0 0 0 0 0 0 0 0 0 0 0 0 0 0 0 0 0 0 0 0 0 0 0 0 0 0 0 0 0 0 0 0 0 0 0 0 0 0 0 0 0 0 0 0 0 0 0 0 0 0 0 0 0 0 0 0 0 0 0 0 0 0 0 0 0 0 0 0 0 0 0 0 0 0 0 0 0 0 0 0 0 0 0 0 0 0 0 0 0 0 0 0 0 0 0 0 0 0 0 0 0 0 0 0 0 0 0 0 0 0 0 0 0 0 0 0 0 0 0 0 0 0 0 0 0 0 0 0 0 0 0 0 0 0 0 0 0 0 0 0 0 0 0 0 0 0 0 0 0 0 0 0 0 0 0 0 0 0 0 0 0 0 0 0 0 0 0 0 0 0 0 0 0 0 0 0 0 0 0 0 0 0 0 0 0 0 0 0 0 0 0 0 0 0 0 0 0 0 0 0 0 0 0 0 0 0 0 0 0 0 0 0 0 0 0 0 0 0 0 0 0 0 0 0 0 0 0 0 0 0 0 0 0 0 0 0 0 0 0 0 0 0 0 0 0 0 0 0 0 0 0 0 0 0 0 0 0 0 0 0 0 0 0 0 0 0 0 0 0 0 0 0 0 0 0 0 0 0 0 0 0 0 0 0 0 0 0 0 0 0 0 0 0 0 0 0 0 0 0 0 0 0 0 0 0 0 0 0 0 0 0 0 0 0 0 0 0 0 0 0 0 0 0 0 0 0 0 0 0 0 0 0 0 0 0 0 0 0 0 0 0 0 0 0 0 0 0 0 0 0 0 0 0 0 0 0 0 0 0 0 0 0 0 0 0 0 0 0 0 0 0 0 0 0 0 0 0 0 0 0 0 0 0 0 -0.017040888379336656 -0.024157201759106187 -0.025077372355564079 -0.020632691388448639 -0.015999164567195152 -0.025046537764010748 -0.0015744066009875898 -0.026223630057616125 -0.018069714969494041 -0.035935480643264191 1.4027493492217655
0 0 0 0 0 0 0 0 0 0 0 0 0 0 0 0 0 0 0 0 0 0 0 0 0 0 0 0 0 0 0 0 0 0 0 0 0 0 0 0 0 0 0 0 0 0 0 0 0 0 0 0 0 0 0 0 0 0 0 0 0 0 0 0 0 0 0 0 0 0 0 0 0 0 0 0 0 0 0 0 0 0 0 0 0 0 0 0 0 0 0 0 0 0 0 0 0 0 0 0 0 0 0 0 0 0 0 0 0 0 0 0 0 0 0 0 0 0 0 0 0 0 0 0 0 0 0 0 0 0 0 0 0 0 0 0 0 0 0 0 0 0 0 0 0 0 0 0 0 0 0 0 0 0 0 0 0 0 0 0 0 0 0 0 0 0 0 0 0 0 0 0 0 0 0 0 0 0 0 0 0 0 0 0 0 0 0 0 0 0 0 0 0 0 0 0 0 0 0 0 0 0 0 0 0 0 0 0 0 0 0 0 0 0 0 0 0 0 0 0 0 0 0 0 0 0 0 0 0 0 0 0 0 0 0 0 0 0 0 0 0 0 0 0 0 0 0 0 0 0 0 0 0 0 0 0 0 0 0 0 0 0 0 0 0 0 0 0 0 0 0 0 0 0 0 0 0 0 0 0 0 0 0 0 0 0 0 0 0 0 0 0 0 0 0 0 0 0 0 0 0 0 0 0 0 0 0 0 0 0 0 0 0 0 0 0 0 0 0 0 0 0 0 0 0 0 0 0 0 0 0 0 0 0 0 0 0 0 0 0 0 0 0 0 0 0 0 0 0 0 0 0 0 0 0 0 0 0 0 0 0 0 0 0 0 0 0 0 0 0 0 0 0 0 0 0 0 0 0 0 0 0 0 0 -0.017488760933916225 -0.024792106901519857 -0.025736461633599293 -0.021174964537259099 -0.016419658296532136 -0.025704816640206598 -0.0016157855180155127 -0.026912845544673221 -0.018544627381555979 -0.036879945225008474 -0.019376630849455331 1.414511660870265
0 0 0 0 0 0 0 0 0 0 0 0 0 0 0 0 0 0 0 0 0 0 0 0 0 0 0 0 0 0 0 0 0 0 0 0 0 0 0 0 0 0 0 0 0 0 0 0 0 0 0 0 0 0 0 0 0 0 0 0 0 0 0 0 0 0 0 0 0 0 0 0 0 0 0 0 0 0 0 0 0 0 0 0 0 0 0 0 0 0 0 0 0 0 0 0 0 0 0 0 0 0 0 0 0 0 0 0 0 0 0 0 0 0 0 0 0 0 0 0 0 0 0 0 0 0 0 0 0 0 0 0 0 0 0 0 0 0 0 0 0 0 0 0 0 0 0 0 0 0 0 0 0 0 0 0 0 0 0 0 0 0 0 0 0 0 0 0 0 0 0 0 0 0 0 0 0 0 0 0 0 0 0 0 0 0 0 0 0 0 0 0 0 0 0 0 0 0 0 0 0 0 0 0 0 0 0 0 0 0 0 0 0 0 0 0 0 0 0 0 0 0 0 0 0 0 0 0 0 0 0 0 0 0 0 0 0 0 0 0 0 0 0 0 0 0 0 0 0 0 0 0 0 0 0 0 0 0 0 0 0 0 0 0 0 0 0 0 0 0 0 0 0 0 0 0 0 0 0 0 0 0 0 0 0 0 0 0 0 0 0 0 0 0 0 0 0 0 0 0 0 0 0 0 0 0 0 0 0 0 0 0 0 0 0 0 0 0 0 0 0 0 0 0 0 0 0 0 0 0 0 0 0 0 0 0 0 0 0 0 0 0 0 0 0 0 0 0 0 0 0 0 0 0 0 0 0 0 0 0 0 0 0 0 0 0 0 0 0 0 0 0 0 0 0 0 0 0 0 0 0 0 0 -0.029661584192799028 -0.040453160669280487 -0.057759935919633118 -0.05996006634932978 -0.049332821919124623 -0.037999482226763248 -0.059882008962601964 -0.034821104923915262 -0.063189560453627031 -0.042977228430470533 -0.086577098512031644 -0.044933776288301933 -0.046346794538657109 1.9296940410401724
0 0 0 0 0 0 0 0 0 0 0 0 0 0 0 0 0 0 0 0 0 0 0 0 0 0 0 0 0 0 0 0 0 0 0 0 0 0 0 0 0 0 0 0 0 0 0 0 0 0 0 0 0 0 0 0 0 0 0 0 0 0 0 0 0 0 0 0 0 0 0 0 0 0 0 0 0 0 0 0 0 0 0 0 0 0 0 0 0 0 0 0 0 0 0 0 0 0 0 0 0 0 0 0 0 0 0 0 0 0 0 0 0 0 0 0 0 0 0 0 0 0 0 0 0 0 0 0 0 0 0 0 0 0 0 0 0 0 0 0 0 0 0 0 0 0 0 0 0 0 0 0 0 0 0 0 0 0 0 0 0 0 0 0 0 0 0 0 0 0 0 0 0 0 0 0 0 0 0 0 0 0 0 0 0 0 0 0 0 0 0 0 0 0 0 0 0 0 0 0 0 0 0 0 0 0 0 0 0 0 0 0 0 0 0 0 0 0 0 0 0 0 0 0 0 0 0 0 0 0 0 0 0 0 0 0 0 0 0 0 0 0 0 0 0 0 0 0 0 0 0 0 0 0 0 0 0 0 0 0 0 0 0 0 0 0 0 0 0 0 0 0 0 0 0 0 0 0 0 0 0 0 0 0 0 0 0 0 0 0 0 0 0 0 0 0 0 0 0 0 0 0 0 0 0 0 0 0 0 0 0 0 0 0 0 0 0 0 0 0 0 0 0 0 0 0 0 0 0 0 0 0 0 0 0 0 0 0 0 0 0 0 0 0 0 0 0 0 0 0 0 0 0 0 0 0 0 0 0 0 0 0 0 0 0 0 0 0 0 0 0 0 0 0 0 0 0 0 0 0 0 0 0 0 -0.016700321834878646 -0.023674413858397095 -0.024576194608423363 -0.020220341735507102 -0.0012981694879989126 -0.024301257757391306 -0.0015275588580755399 -0.025443324716931479 -0.017532035972941541 -0.03486619132655315 -0.018318609594977584 -0.018894669116722631 -0.032572067139814025 1.3931304995930347
0 0 0 0 0 0 0 0 0 0 0 0 0 0 0 0 0 0 0 0 0 0 0 0 0 0 0 0 0 0 0 0 0 0 0 0 0 0 0 0 0 0 0 0 0 0 0 0 0 0 0 0 0 0 0 0 0 0 0 0 0 0 0 0 0 0 0 0 0 0 0 0 0 0 0 0 0 0 0 0 0 0 0 0 0 0 0 0 0 0 0 0 0 0 0 0 0 0 0 0 0 0 0 0 0 0 0 0 0 0 0 0 0 0 0 0 0 0 0 0 0 0 0 0 0 0 0 0 0 0 0 0 0 0 0 0 0 0 0 0 0 0 0 0 0 0 0 0 0 0 0 0 0 0 0 0 0 0 0 0 0 0 0 0 0 0 0 0 0 0 0 0 0 0 0 0 0 0 0 0 0 0 0 0 0 0 0 0 0 0 0 0 0 0 0 0 0 0 0 0 0 0 0 0 0 0 0 0 0 0 0 0 0 0 0 0 0 0 0 0 0 0 0 0 0 0 0 0 0 0 0 0 0 0 0 0 0 0 0 0 0 0 0 0 0 0 0 0 0 0 0 0 0 0 0 0 0 0 0 0 0 0 0 0 0 0 0 0 0 0 0 0 0 0 0 0 0 0 0 0 0 0 0 0 0 0 0 0 0 0 0 0 0 0 0 0 0 0 0 0 0 0 0 0 0 0 0 0 0 0 0 0 0 0 0 0 0 0 0 0 0 0 0 0 0 0 0 0 0 0 0 0 0 0 0 0 0 0 0 0 0 0 0 0 0 0 0 0 0 0 0 0 0 0 0 0 0 0 0 0 0 0 0 0 0 0 0 0 0 0 0 0 0 0 0 0 0 0 0 0 0 0 0 -0.031100040496570443 -0.042414960942454581 -0.060561038631780362 -0.062867865705362985 -0.051725246686836118 -0.039842289893198997 -0.062786022878879841 -0.036509775278017118 -0.066253976061918823 -0.045061434882581158 -0.090775706796315983 -0.047112866701478712 -0.048594410118809807 -0.084774954574678527 -0.049287247537921443 1.9644337283123132
0 0 0 0 0 0 0 0 0 0 0 0 0 0 0 0 0 0 0 0 0 0 0 0 0 0 0 0 0 0 0 0 0 0 0 0 0 0 0 0 0 0 0 0 0 0 0 0 0 0 0 0 0 0 0 0 0 0 0 0 0 0 0 0 0 0 0 0 0 0 0 0 0 0 0 0 0 0 0 0 0 0 0 0 0 0 0 0 0 0 0 0 0 0 0 0 0 0 0 0 0 0 0 0 0 0 0 0 0 0 0 0 0 0 0 0 0 0 0 0 0 0 0 0 0 0 0 0 0 0 0 0 0 0 0 0 0 0 0 0 0 0 0 0 0 0 0 0 0 0 0 0 0 0 0 0 0 0 0 0 0 0 0 0 0 0 0 0 0 0 0 0 0 0 0 0 0 0 0 0 0 0 0 0 0 0 0 0 0 0 0 0 0 0 0 0 0 0 0 0 0 0 0 0 0 0 0 0 0 0 0 0 0 0 0 0 0 0 0 0 0 0 0 0 0 0 0 0 0 0 0 0 0 0 0 0 0 0 0 0 0 0 0 0 0 0 0 0 0 0 0 0 0 0 0 0 0 0 0 0 0 0 0 0 0 0 0 0 0 0 0 0 0 0 0 0 0 0 0 0 0 0 0 0 0 0 0 0 0 0 0 0 0 0 0 0 0 0 0 0 0 0 0 0 0 0 0 0 0 0 0 0 0 0 0 0 0 0 0 0 0 0 0 0 0 0 0 0 0 0 0 0 0 0 0 0 0 0 0 0 0 0 0 0 0 0 0 0 0 0 0 0 0 0 0 0 0 0 0 0 0 0 0 0 0 0 0 0 0 0 0 0 0 0 0 0 0 0 0 0 0 0 0 0 0 -0.018212984789788059 -0.018906734556189238 -0.015555729433296039 -0.00084831666229182457 -0.018692663709014231 -0.0010409263984504321 -0.019569018217422306 -0.0016216497676723024 -0.026510596374980502 -0.0022909329526725206 -0.0023629751966116174 -0.024206965474800571 -0.0028662544862989078 -0.026048615800771668 1.2924296966197364
0 0 0 0 0 0 0 0 0 0 0 0 0 0 0 0 0 0 0 0 0 0 0 0 0 0 0 0 0 0 0 0 0 0 0 0 0 0 0 0 0 0 0 0 0 0 0 0 0 0 0 0 0 0 0 0 0 0 0 0 0 0 0 0 0 0 0 0 0 0 0 0 0 0 0 0 0 0 0 0 0 0 0 0 0 0 0 0 0 0 0 0 0 0 0 0 0 0 0 0 0 0 0 0 0 0 0 0 0 0 0 0 0 0 0 0 0 0 0 0 0 0 0 0 0 0 0 0 0 0 0 0 0 0 0 0 0 0 0 0 0 0 0 0 0 0 0 0 0 0 0 0 0 0 0 0 0 0 0 0 0 0 0 0 0 0 0 0 0 0 0 0 0 0 0 0 0 0 0 0 0 0 0 0 0 0 0 0 0 0 0 0 0 0 0 0 0 0 0 0 0 0 0 0 0 0 0 0 0 0 0 0 0 0 0 0 0 0 0 0 0 0 0 0 0 0 0 0 0 0 0 0 0 0 0 0 0 0 0 0 0 0 0 0 0 0 0 0 0 0 0 0 0 0 0 0 0 0 0 0 0 0 0 0 0 0 0 0 0 0 0 0 0 0 0 0 0 0 0 0 0 0 0 0 0 0 0 0 0 0 0 0 0 0 0 0 0 0 0 0 0 0 0 0 0 0 0 0 0 0 0 0 0 0 0 0 0 0 0 0 0 0 0 0 0 0 0 0 0 0 0 0 0 0 0 0 0 0 0 0 0 0 0 0 0 0 0 0 0 0 0 0 0 0 0 0 0 0 0 0 0 0 0 0 0 0 0 0 0 0 0 0 0 0 0 0 0 0 0 0 0 0 0 -0.037371761764567211 -0.050968480757111245 -0.072773947294738059 -0.075545975576678567 -0.062156304799894604 -0.047876997658818282 -0.075447628096590239 -0.04387243881301113 -0.079614938431169804 -0.054148650043946783 -0.10908179006314229 -0.056613779348860874 -0.058394094961068413 -0.10187090934226471 -0.059226651914539158 -0.11080453042184116 -0.049810312284973908 2.1129753093009374
0 0 0 0 0 0 0 0 0 0 0 0 0 0 0 0 0 0 0 0 0 0 0 0 0 0 0 0 0 0 0 0 0 0 0 0 0 0 0 0 0 0 0 0 0 0 0 0 0 0 0 0 0 0 0 0 0 0 0 0 0 0 0 0 0 0 0 0 0 0 0 0 0 0 0 0 0 0 0 0 0 0 0 0 0 0 0 0 0 0 0 0 0 0 0 0 0 0 0 0 0 0 0 0 0 0 0 0 0 0 0 0 0 0 0 0 0 0 0 0 0 0 0 0 0 0 0 0 0 0 0 0 0 0 0 0 0 0 0 0 0 0 0 0 0 0 0 0 0 0 0 0 0 0 0 0 0 0 0 0 0 0 0 0 0 0 0 0 0 0 0 0 0 0 0 0 0 0 0 0 0 0 0 0 0 0 0 0 0 0 0 0 0 0 0 0 0 0 0 0 0 0 0 0 0 0 0 0 0 0 0 0 0 0 0 0 0 0 0 0 0 0 0 0 0 0 0 0 0 0 0 0 0 0 0 0 0 0 0 0 0 0 0 0 0 0 0 0 0 0 0 0 0 0 0 0 0 0 0 0 0 0 0 0 0 0 0 0 0 0 0 0 0 0 0 0 0 0 0 0 0 0 0 0 0 0 0 0 0 0 0 0 0 0 0 0 0 0 0 0 0 0 0 0 0 0 0 0 0 0 0 0 0 0 0 0 0 0 0 0 0 0 0 0 0 0 0 0 0 0 0 0 0 0 0 0 0 0 0 0 0 0 0 0 0 0 0 0 0 0 0 0 0 0 0 0 0 0 0 0 0 0 0 0 0 0 0 0 0 0 0 0 0 0 0 0 0 0 0 0 0 0 0 -0.027789017175665391 -0.037899310075335646 -0.054113490395622812 -0.056174724276528788 -0.046218388968159059 -0.035600534934416991 -0.056101594734748704 -0.032622811934678239 -0.059200337020260771 -0.040264030783182962 -0.081111395194938651 -0.042097059716258961 -0.043420872637828713 -0.07574950486002445 -0.044039948067706114 -0.082392396120682859 -0.037038115364546126 -0.097241431945032847 1.8732218607517679
0 0 0 0 0 0 0 0 0 0 0 0 0 0 0 0 0 0 0 0 0 0 0 0 0 0 0 0 0 0 0 0 0 0 0 0 0 0 0 0 0 0 0 0 0 0 0 0 0 0 0 0 0 0 0 0 0 0 0 0 0 0 0 0 0 0 0 0 0 0 0 0 0 0 0 0 0 0 0 0 0 0 0 0 0 0 0 0 0 0 0 0 0 0 0 0 0 0 0 0 0 0 0 0 0 0 0 0 0 0 0 0 0 0 0 0 0 0 0 0 0 0 0 0 0 0 0 0 0 0 0 0 0 0 0 0 0 0 0 0 0 0 0 0 0 0 0 0 0 0 0 0 0 0 0 0 0 0 0 0 0 0 0 0 0 0 0 0 0 0 0 0 0 0 0 0 0 0 0 0 0 0 0 0 0 0 0 0 0 0 0 0 0 0 0 0 0 0 0 0 0 0 0 0 0 0 0 0 0 0 0 0 0 0 0 0 0 0 0 0 0 0 0 0 0 0 0 0 0 0 0 0 0 0 0 0 0 0 0 0 0 0 0 0 0 0 0 0 0 0 0 0 0 0 0 0 0 0 0 0 0 0 0 0 0 0 0 0 0 0 0 0 0 0 0 0 0 0 0 0 0 0 0 0 0 0 0 0 0 0 0 0 0 0 0 0 0 0 0 0 0 0 0 0 0 0 0 0 0 0 0 0 0 0 0 0 0 0 0 0 0 0 0 0 0 0 0 0 0 0 0 0 0 0 0 0 0 0 0 0 0 0 0 0 0 0 0 0 0 0 0 0 0 0 0 0 0 0 0 0 0 0 0 0 0 0 0 0 0 0 0 0 0 0 0 0 0 0 0 0 0 0 0 0 -0.019759500514859481 -0.028011112447366426 -0.029078082136370937 -0.023924320554046717 -0.018551585660648209 -0.029042328359096356 -0.001825579004468715 -0.030407207657862249 -0.020952460593312097 -0.041668434911721841 -0.021892491337310336 -0.022580937587785184 -0.03892673698838877 -0.022891976232103067 -0.042346970063082405 -0.0045966065371567163 -0.049638487670216468 -0.044211300545769883 1.4705977415274623
0 0 0 0 0 0 0 0 0 0 0 0 0 0 0 0 0 0 0 0 0 0 0 0 0 0 0 0 0 0 0 0 0 0 0 0 0 0 0 0 0 0 0 0 0 0 0 0 0 0 0 0 0 0 0 0 0 0 0 0 0 0 0 0 0 0 0 0 0 0 0 0 0 0 0 0 0 0 0 0 0 0 0 0 0 0 0 0 0 0 0 0 0 0 0 0 0 0 0 0 0 0 0 0 0 0 0 0 0 0 0 0 0 0 0 0 0 0 0 0 0 0 0 0 0 0 0 0 0 0 0 0 0 0 0 0 0 0 0 0 0 0 0 0 0 0 0 0 0 0 0 0 0 0 0 0 0 0 0 0 0 0 0 0 0 0 0 0 0 0 0 0 0 0 0 0 0 0 0 0 0 0 0 0 0 0 0 0 0 0 0 0 0 0 0 0 0 0 0 0 0 0 0 0 0 0 0 0 0 0 0 0 0 0 0 0 0 0 0 0 0 0 0 0 0 0 0 0 0 0 0 0 0 0 0 0 0 0 0 0 0 0 0 0 0 0 0 0 0 0 0 0 0 0 0 0 0 0 0 0 0 0 0 0 0 0 0 0 0 0 0 0 0 0 0 0 0 0 0 0 0 0 0 0 0 0 0 0 0 0 0 0 0 0 0 0 0 0 0 0 0 0 0 0 0 0 0 0 0 0 0 0 0 0 0 0 0 0 0 0 0 0 0 0 0 0 0 0 0 0 0 0 0 0 0 0 0 0 0 0 0 0 0 0 0 0 0 0 0 0 0 0 0 0 0 0 0 0 0 0 0 0 0 0 0 0 0 0 0 0 0 0 0 0 0 0 0 0 0 0 0 0 0 -0.027010459799604421 -0.036837495358383675 -0.052597407375285739 -0.054600892224204278 -0.044923500868543395 -0.034603124378668138 -0.054529811533012069 -0.031708827438608506 -0.057541737194257314 -0.039135964325920196 -0.078838919179958514 -0.040917637783293159 -0.042204361796388812 -0.073627251475931299 -0.04280609275743507 -0.080084030649333851 -0.036000428506815514 -0.094517045054308885 -0.084183094242440956 -0.057268645798194039 1.8495810848632168
0 0 0 0 0 0 0 0 0 0 0 0 0 0 0 0 0 0 0 0 0 0 0 0 0 0 0 0 0 0 0 0 0 0 0 0 0 0 0 0 0 0 0 0 0 0 0 0 0 0 0 0 0 0 0 0 0 0 0 0 0 0 0 0 0 0 0 0 0 0 0 0 0 0 0 0 0 0 0 0 0 0 0 0 0 0 0 0 0 0 0 0 0 0 0 0 0 0 0 0 0 0 0 0 0 0 0 0 0 0 0 0 0 0 0 0 0 0 0 0 0 0 0 0 0 0 0 0 0 0 0 0 0 0 0 0 0 0 0 0 0 0 0 0 0 0 0 0 0 0 0 0 0 0 0 0 0 0 0 0 0 0 0 0 0 0 0 0 0 0 0 0 0 0 0 0 0 0 0 0 0 0 0 0 0 0 0 0 0 0 0 0 0 0 0 0 0 0 0 0 0 0 0 0 0 0 0 0 0 0 0 0 0 0 0 0 0 0 0 0 0 0 0 0 0 0 0 0 0 0 0 0 0 0 0 0 0 0 0 0 0 0 0 0 0 0 0 0 0 0 0 0 0 0 0 0 0 0 0 0 0 0 0 0 0 0 0 0 0 0 0 0 0 0 0 0 0 0 0 0 0 0 0 0 0 0 0 0 0 0 0 0 0 0 0 0 0 0 0 0 0 0 0 0 0 0 0 0 0 0 0 0 0 0 0 0 0 0 0 0 0 0 0 0 0 0 0 0 0 0 0 0 0 0 0 0 0 0 0 0 0 0 0 0 0 0 0 0 0 0 0 0 0 0 0 0 0 0 0 0 0 0 0 0 0 0 0 0 0 0 0 0 0 0 0 0 0 0 0 0 0 0 0 -0.031524288561873566 -0.042993560353659359 -0.061387175931348292 -0.063725471353760943 -0.052430851421873641 -0.040385794471796736 -0.063642512076616017 -0.037007819694650092 -0.067157772993180501 -0.045676135901084033 -0.092014014443829117 -0.047755552120206907 -0.049257305862618422 -0.085931403566070305 -0.04995959455349501 -0.093467201599601021 -0.042016607826001591 -0.11031217626111348 -0.098251276528398213 -0.066839044173414047 -0.10326064606226788 1.9631367316490531
0 0 0 0 0 0 0 0 0 0 0 0 0 0 0 0 0 0 0 0 0 0 0 0 0 0 0 0 0 0 0 0 0 0 0 0 0 0 0 0 0 0 0 0 0 0 0 0 0 0 0 0 0 0 0 0 0 0 0 0 0 0 0 0 0 0 0 0 0 0 0 0 0 0 0 0 0 0 0 0 0 0 0 0 0 0 0 0 0 0 0 0 0 0 0 0 0 0 0 0 0 0 0 0 0 0 0 0 0 0 0 0 0 0 0 0 0 0 0 0 0 0 0 0 0 0 0 0 0 0 0 0 0 0 0 0 0 0 0 0 0 0 0 0 0 0 0 0 0 0 0 0 0 0 0 0 0 0 0 0 0 0 0 0 0 0 0 0 0 0 0 0 0 0 0 0 0 0 0 0 0 0 0 0 0 0 0 0 0 0 0 0 0 0 0 0 0 0 0 0 0 0 0 0 0 0 0 0 0 0 0 0 0 0 0 0 0 0 0 0 0 0 0 0 0 0 0 0 0 0 0 0 0 0 0 0 0 0 0 0 0 0 0 0 0 0 0 0 0 0 0 0 0 0 0 0 0 0 0 0 0 0 0 0 0 0 0 0 0 0 0 0 0 0 0 0 0 0 0 0 0 0 0 0 0 0 0 0 0 0 0 0 0 0 0 0 0 0 0 0 0 0 0 0 0 0 0 0 0 0 0 0 0 0 0 0 0 0 0 0 0 0 0 0 0 0 0 0 0 0 0 0 0 0 0 0 0 0 0 0 0 0 0 0 0 0 0 0 0 0 0 0 0 0 0 0 0 0 0 0 0 0 0 0 0 0 0 0 0 0 0 0 0 0 0 0 0 0 0 0 0 0 0 -0.028945641504208922 -0.039476741324202425 -0.056365782338817727 -0.058512808143864135 -0.048142073881835223 -0.037082287403532858 -0.05843663483099195 -0.033980626704112497 -0.061664351836720623 -0.041939885574113774 -0.08448738407614409 -0.043849208168298112 -0.045228120348032967 -0.078902323099060603 -0.045872962709460785 -0.085821702354792584 -0.038579702281538418 -0.1012887793276028 -0.090214445986307276 -0.06137169463255035 -0.094814055408258754 -0.10924507691559177 1.8950244628555204
0 0 0 0 0 0 0 0 0 0 0 0 0 0 0 0 0 0 0 0 0 0 0 0 0 0 0 0 0 0 0 0 0 0 0 0 0 0 0 0 0 0 0 0 0 0 0 0 0 0 0 0 0 0 0 0 0 0 0 0 0 0 0 0 0 0 0 0 0 0 0 0 0 0 0 0 0 0 0 0 0 0 0 0 0 0 0 0 0 0 0 0 0 0 0 0 0 0 0 0 0 0 0 0 0 0 0 0 0 0 0 0 0 0 0 0 0 0 0 0 0 0 0 0 0 0 0 0 0 0 0 0 0 0 0 0 0 0 0 0 0 0 0 0 0 0 0 0 0 0 0 0 0 0 0 0 0 0 0 0 0 0 0 0 0 0 0 0 0 0 0 0 0 0 0 0 0 0 0 0 0 0 0 0 0 0 0 0 0 0 0 0 0 0 0 0 0 0 0 0 0 0 0 0 0 0 0 0 0 0 0 0 0 0 0 0 0 0 0 0 0 0 0 0 0 0 0 0 0 0 0 0 0 0 0 0 0 0 0 0 0 0 0 0 0 0 0 0 0 0 0 0 0 0 0 0 0 0 0 0 0 0 0 0 0 0 0 0 0 0 0 0 0 0 0 0 0 0 0 0 0 0 0 0 0 0 0 0 0 0 0 0 0 0 0 0 0 0 0 0 0 0 0 0 0 0 0 0 0 0 0 0 0 0 0 0 0 0 0 0 0 0 0 0 0 0 0 0 0 0 0 0 0 0 0 0 0 0 0 0 0 0 0 0 0 0 0 0 0 0 0 0 0 0 0 0 0 0 0 0 0 0 0 0 0 0 0 0 0 0 0 0 0 0 0 0 0 0 0 0 0 0 0 0 -0.015546859416124593 -0.022039262934858413 -0.022878759244178048 -0.018823757614741081 -0.001208507160985986 -0.022622811807142301 -0.0014220530030000307 -0.023685998172011488 -0.016321128493494038 -0.032458043640663604 -0.0031581598403629865 -0.017399303875473254 -0.029994242847912914 -0.004064132492355271 -0.03228904725262139 -0.0035048563205081272 -0.037848740335960036 -0.033710576466171142 -0.023264811459447116 -0.03543959812678836 -0.04083362542133679 -0.041195095009884282 1.3589258914823317
0 0 0 0 0 0 0 0 0 0 0 0 0 0 0 0 0 0 0 0 0 0 0 0 0 0 0 0 0 0 0 0 0 0 0 0 0 0 0 0 0 0 0 0 0 0 0 0 0 0 0 0 0 0 0 0 0 0 0 0 0 0 0 0 0 0 0 0 0 0 0 0 0 0 0 0 0 0 0 0 0 0 0 0 0 0 0 0 0 0 0 0 0 0 0 0 0 0 0 0 0 0 0 0 0 0 0 0 0 0 0 0 0 0 0 0 0 0 0 0 0 0 0 0 0 0 0 0 0 0 0 0 0 0 0 0 0 0 0 0 0 0 0 0 0 0 0 0 0 0 0 0 0 0 0 0 0 0 0 0 0 0 0 0 0 0 0 0 0 0 0 0 0 0 0 0 0 0 0 0 0 0 0 0 0 0 0 0 0 0 0 0 0 0 0 0 0 0 0 0 0 0 0 0 0 0 0 0 0 0 0 0 0 0 0 0 0 0 0 0 0 0 0 0 0 0 0 0 0 0 0 0 0 0 0 0 0 0 0 0 0 0 0 0 0 0 0 0 0 0 0 0 0 0 0 0 0 0 0 0 0 0 0 0 0 0 0 0 0 0 0 0 0 0 0 0 0 0 0 0 0 0 0 0 0 0 0 0 0 0 0 0 0 0 0 0 0 0 0 0 0 0 0 0 0 0 0 0 0 0 0 0 0 0 0 0 0 0 0 0 0 0 0 0 0 0 0 0 0 0 0 0 0 0 0 0 0 0 0 0 0 0 0 0 0 0 0 0 0 0 0 0 0 0 0 0 0 0 0 0 0 0 0 0 0 0 0 0 0 0 0 0 0 0 0 0 0 0 0 0 0 0 0 0 0 -0.01839784342371862 -0.01909863462981741 -0.015713617386645149 -0.0008569269291504386 -0.018882391000705209 -0.0010514916206949426 -0.019767640355242904 -0.0016381092313036648 -0.026779674326076409 -0.0023141855244473404 -0.0023869589846562365 -0.024452661972158098 -0.0028953464717670105 -0.026313004729236641 -0.0028561790694935354 -0.030843712286211567 -0.027471437947355626 -0.0059566260052654725 -0.028477860986129214 -0.03281228822483602 -0.033102750906058076 -0.0077491940442356499 1.2942817920224803
0 0 0 0 0 0 0 0 0 0 0 0 0 0 0 0 0 0 0 0 0 0 0 0 0 0 0 0 0 0 0 0 0 0 0 0 0 0 0 0 0 0 0 0 0 0 0 0 0 0 0 0 0 0 0 0 0 0 0 0 0 0 0 0 0 0 0 0 0 0 0 0 0 0 0 0 0 0 0 0 0 0 0 0 0 0 0 0 0 0 0 0 0 0 0 0 0 0 0 0 0 0 0 0 0 0 0 0 0 0 0 0 0 0 0 0 0 0 0 0 0 0 0 0 0 0 0 0 0 0 0 0 0 0 0 0 0 0 0 0 0 0 0 0 0 0 0 0 0 0 0 0 0 0 0 0 0 0 0 0 0 0 0 0 0 0 0 0 0 0 0 0 0 0 0 0 0 0 0 0 0 0 0 0 0 0 0 0 0 0 0 0 0 0 0 0 0 0 0 0 0 0 0 0 0 0 0 0 0 0 0 0 0 0 0 0 0 0 0 0 0 0 0 0 0 0 0 0 0 0 0 0 0 0 0 0 0 0 0 0 0 0 0 0 0 0 0 0 0 0 0 0 0 0 0 0 0 0 0 0 0 0 0 0 0 0 0 0 0 0 0 0 0 0 0 0 0 0 0 0 0 0 0 0 0 0 0 0 0 0 0 0 0 0 0 0 0 0 0 0 0 0 0 0 0 0 0 0 0 0 0 0 0 0 0 0 0 0 0 0 0 0 0 0 0 0 0 0 0 0 0 0 0 0 0 0 0 0 0 0 0 0 0 0 0 0 0 0 0 0 0 0 0 0 0 0 0 0 0 0 0 0 0 0 0 0 0 0 0 0 0 0 0 0 0 0 0 0 0 0 0 0 0 0 -0.020686867038489348 -0.029325749320590379 -0.030442794767864666 -0.025047153287886665 -0.0194222614901817 -0.030405362969624154 -0.017794672505513993 -0.032086599699041291 -0.021958795420083187 -0.043965896616287151 -0.022951562056431913 -0.023673312568826158 -0.04106591728411594 -0.024005384848675551 -0.044670477964988319 -0.0048488147021122164 -0.052362069030785885 -0.046637101164292497 -0.032022139776860817 -0.049024057862442745 -0.05648568610251286 -0.056985711694254398 -0.031674475327227357 -0.026913241662427884 1.4898547180398038
0 0 0 0 0 0 0 0 0 0 0 0 0 0 0 0 0 0 0 0 0 0 0 0 0 0 0 0 0 0 0 0 0 0 0 0 0 0 0 0 0 0 0 0 0 0 0 0 0 0 0 0 0 0 0 0 0 0 0 0 0 0 0 0 0 0 0 0 0 0 0 0 0 0 0 0 0 0 0 0 0 0 0 0 0 0 0 0 0 0 0 0 0 0 0 0 0 0 0 0 0 0 0 0 0 0 0 0 0 0 0 0 0 0 0 0 0 0 0 0 0 0 0 0 0 0 0 0 0 0 0 0 0 0 0 0 0 0 0 0 0 0 0 0 0 0 0 0 0 0 0 0 0 0 0 0 0 0 0 0 0 0 0 0 0 0 0 0 0 0 0 0 0 0 0 0 0 0 0 0 0 0 0 0 0 0 0 0 0 0 0 0 0 0 0 0 0 0 0 0 0 0 0 0 0 0 0 0 0 0 0 0 0 0 0 0 0 0 0 0 0 0 0 0 0 0 0 0 0 0 0 0 0 0 0 0 0 0 0 0 0 0 0 0 0 0 0 0 0 0 0 0 0 0 0 0 0 0 0 0 0 0 0 0 0 0 0 0 0 0 0 0 0 0 0 0 0 0 0 0 0 0 0 0 0 0 0 0 0 0 0 0 0 0 0 0 0 0 0 0 0 0 0 0 0 0 0 0 0 0 0 0 0 0 0 0 0 0 0 0 0 0 0 0 0 0 0 0 0 0 0 0 0 0 0 0 0 0 0 0 0 0 0 0 0 0 0 0 0 0 0 0 0 0 0 0 0 0 0 0 0 0 0 0 0 0 0 0 0 0 0 0 0 0 0 0 0 0 0 0 0 0 0 -0.037624624057309895 -0.051313340252444793 -0.073266345466406771 -0.076057129659061973 -0.062576862595353791 -0.048200939769814433 -0.075958116746889973 -0.044169285548157383 -0.080153623655461498 -0.054515026986123129 -0.10981985191063036 -0.056996835682602623 -0.05878919714617635 -0.10256018141518294 -0.059627387290326565 -0.11155424855890046 -0.050147335458940075 -0.1316589318937971 -0.1172641005133605 -0.07977321690983824 -0.1232428443351605 -0.14200082414699192 -0.14325785138736219 -0.079014054864151695 -0.067136845403696493 -0.10258838605701388 2.0915570227950777
0 0 0 0 0 0 0 0 0 0 0 0 0 0 0 0 0 0 0 0 0 0 0 0 0 0 0 0 0 0 0 0 0 0 0 0 0 0 0 0 0 0 0 0 0 0 0 0 0 0 0 0 0 0 0 0 0 0 0 0 0 0 0 0 0 0 0 0 0 0 0 0 0 0 0 0 0 0 0 0 0 0 0 0 0 0 0 0 0 0 0 0 0 0 0 0 0 0 0 0 0 0 0 0 0 0 0 0 0 0 0 0 0 0 0 0 0 0 0 0 0 0 0 0 0 0 0 0 0 0 0 0 0 0 0 0 0 0 0 0 0 0 0 0 0 0 0 0 0 0 0 0 0 0 0 0 0 0 0 0 0 0 0 0 0 0 0 0 0 0 0 0 0 0 0 0 0 0 0 0 0 0 0 0 0 0 0 0 0 0 0 0 0 0 0 0 0 0 0 0 0 0 0 0 0 0 0 0 0 0 0 0 0 0 0 0 0 0 0 0 0 0 0 0 0 0 0 0 0 0 0 0 0 0 0 0 0 0 0 0 0 0 0 0 0 0 0 0 0 0 0 0 0 0 0 0 0 0 0 0 0 0 0 0 0 0 0 0 0 0 0 0 0 0 0 0 0 0 0 0 0 0 0 0 0 0 0 0 0 0 0 0 0 0 0 0 0 0 0 0 0 0 0 0 0 0 0 0 0 0 0 0 0 0 0 0 0 0 0 0 0 0 0 0 0 0 0 0 0 0 0 0 0 0 0 0 0 0 0 0 0 0 0 0 0 0 0 0 0 0 0 0 0 0 0 0 0 0 0 0 0 0 0 0 0 0 0 0 0 0 0 0 0 0 0 0 0 0 0 0 0 0 0 -0.015693532768296676 -0.021403206194855074 -0.030559980922042589 -0.031724039414958306 -0.026101311794677954 -0.020104998965253886 -0.031682740334354059 -0.018423363620761253 -0.033432719950069856 -0.022738655436613867 -0.045806741934319342 -0.023773837769426362 -0.024521446126081276 -0.042778675085497479 -0.024871061964720415 -0.046530172701133278 -0.020916856234069199 -0.054915997533077833 -0.048911797793597757 -0.033274049242327783 -0.051405579842761277 -0.059229683823060292 -0.059753999977218746 -0.032957396658044924 -0.028003317234429344 -0.042790439468048655 -0.078707697670659715 1.5043141681754968
0 0 0 0 0 0 0 0 0 0 0 0 0 0 0 0 0 0 0 0 0 0 0 0 0 0 0 0 0 0 0 0 0 0 0 0 0 0 0 0 0 0 0 0 0 0 0 0 0 0 0 0 0 0 0 0 0 0 0 0 0 0 0 0 0 0 0 0 0 0 0 0 0 0 0 0 0 0 0 0 0 0 0 0 0 0 0 0 0 0 0 0 0 0 0 0 0 0 0 0 0 0 0 0 0 0 0 0 0 0 0 0 0 0 0 0 0 0 0 0 0 0 0 0 0 0 0 0 0 0 0 0 0 0 0 0 0 0 0 0 0 0 0 0 0 0 0 0 0 0 0 0 0 0 0 0 0 0 0 0 0 0 0 0 0 0 0 0 0 0 0 0 0 0 0 0 0 0 0 0 0 0 0 0 0 0 0 0 0 0 0 0 0 0 0 0 0 0 0 0 0 0 0 0 0 0 0 0 0 0 0 0 0 0 0 0 0 0 0 0 0 0 0 0 0 0 0 0 0 0 0 0 0 0 0 0 0 0 0 0 0 0 0 0 0 0 0 0 0 0 0 0 0 0 0 0 0 0 0 0 0 0 0 0 0 0 0 0 0 0 0 0 0 0 0 0 0 0 0 0 0 0 0 0 0 0 0 0 0 0 0 0 0 0 0 0 0 0 0 0 0 0 0 0 0 0 0 0 0 0 0 0 0 0 0 0 0 0 0 0 0 0 0 0 0 0 0 0 0 0 0 0 0 0 0 0 0 0 0 0 0 0 0 0 0 0 0 0 0 0 0 0 0 0 0 0 0 0 0 0 0 0 0 0 0 0 0 0 0 0 0 0 0 0 0 0 0 0 0 0 0 0 0 0 -0.019915763436890915 -0.028232631117693325 -0.029308038661754073 -0.0241135198829764 -0.018698296099076236 -0.029272002134937958 -0.017131375543594375 -0.030890570713843032 -0.021140280649156764 -0.04232706647515258 -0.022096041878770248 -0.022790889118739416 -0.039535183961288134 -0.023110583394200513 -0.043005384532530375 -0.0046680749857827518 -0.050410271306090042 -0.044898701791928071 -0.030828513537233426 -0.047196684606145928 -0.05438018042534086 -0.054861567547857648 -0.030493808290593678 -0.011018004693465217 -0.039322809337962006 -0.071802425432669362 -0.045397574697526491 1.4679502024100759
0 0 0 0 0 0 0 0 0 0 0 0 0 0 0 0 0 0 0 0 0 0 0 0 0 0 0 0 0 0 0 0 0 0 0 0 0 0 0 0 0 0 0 0 0 0 0 0 0 0 0 0 0 0 0 0 0 0 0 0 0 0 0 0 0 0 0 0 0 0 0 0 0 0 0 0 0 0 0 0 0 0 0 0 0 0 0 0 0 0 0 0 0 0 0 0 0 0 0 0 0 0 0 0 0 0 0 0 0 0 0 0 0 0 0 0 0 0 0 0 0 0 0 0 0 0 0 0 0 0 0 0 0 0 0 0 0 0 0 0 0 0 0 0 0 0 0 0 0 0 0 0 0 0 0 0 0 0 0 0 0 0 0 0 0 0 0 0 0 0 0 0 0 0 0 0 0 0 0 0 0 0 0 0 0 0 0 0 0 0 0 0 0 0 0 0 0 0 0 0 0 0 0 0 0 0 0 0 0 0 0 0 0 0 0 0 0 0 0 0 0 0 0 0 0 0 0 0 0 0 0 0 0 0 0 0 0 0 0 0 0 0 0 0 0 0 0 0 0 0 0 0 0 0 0 0 0 0 0 0 0 0 0 0 0 0 0 0 0 0 0 0 0 0 0 0 0 0 0 0 0 0 0 0 0 0 0 0 0 0 0 0 0 0 0 0 0 0 0 0 0 0 0 0 0 0 0 0 0 0 0 0 0 0 0 0 0 0 0 0 0 0 0 0 0 0 0 0 0 0 0 0 0 0 0 0 0 0 0 0 0 0 0 0 0 0 0 0 0 0 0 0 0 0 0 0 0 0 0 0 0 0 0 0 0 0 0 0 0 0 0 0 0 0 0 0 0 0 0 0 0 0 0 0 -0.019032902484603841 -0.026981085442674611 -0.02800882043170377 -0.023044573407771385 -0.017869405177947974 -0.027974381395361788 -0.0017584486583486119 -0.029289071236693377 -0.02018199493378468 -0.040136199686042699 -0.021087458787468601 -0.021750589433981168 -0.037495319711480915 -0.022050190538866817 -0.04078978368521842 -0.004427579731380608 -0.047813176987948534 -0.042585558849138644 -0.02938973762476612 -0.044769779986785899 -0.051583892673834855 -0.052040526349340921 -0.02904914167986427 -0.010452185539469722 -0.037303423856530155 -0.068115080151610038 -0.043066225417558605 -0.042005655615899411 1.4455948283613509
0 0 0 0 0 0 0 0 0 0 0 0 0 0 0 0 0 0 0 0 0 0 0 0 0 0 0 0 0 0 0 0 0 0 0 0 0 0 0 0 0 0 0 0 0 0 0 0 0 0 0 0 0 0 0 0 0 0 0 0 0 0 0 0 0 0 0 0 0 0 0 0 0 0 0 0 0 0 0 0 0 0 0 0 0 0 0 0 0 0 0 0 0 0 0 0 0 0 0 0 0 0 0 0 0 0 0 0 0 0 0 0 0 0 0 0 0 0 0 0 0 0 0 0 0 0 0 0 0 0 0 0 0 0 0 0 0 0 0 0 0 0 0 0 0 0 0 0 0 0 0 0 0 0 0 0 0 0 0 0 0 0 0 0 0 0 0 0 0 0 0 0 0 0 0 0 0 0 0 0 0 0 0 0 0 0 0 0 0 0 0 0 0 0 0 0 0 0 0 0 0 0 0 0 0 0 0 0 0 0 0 0 0 0 0 0 0 0 0 0 0 0 0 0 0 0 0 0 0 0 0 0 0 0 0 0 0 0 0 0 0 0 0 0 0 0 0 0 0 0 0 0 0 0 0 0 0 0 0 0 0 0 0 0 0 0 0 0 0 0 0 0 0 0 0 0 0 0 0 0 0 0 0 0 0 0 0 0 0 0 0 0 0 0 0 0 0 0 0 0 0 0 0 0 0 0 0 0 0 0 0 0 0 0 0 0 0 0 0 0 0 0 0 0 0 0 0 0 0 0 0 0 0 0 0 0 0 0 0 0 0 0 0 0 0 0 0 0 0 0 0 0 0 0 0 0 0 0 0 0 0 0 0 0 0 0 0 0 0 0 0 0 0 0 0 0 0 0 0 0 0 0 0 -0.018818765464861598 -0.025665471473110647 -0.036645739494956156 -0.038041610271090154 -0.031299164582085759 -0.024108737387844654 -0.037992086832150253 -0.022092218761181066 -0.040090559906547696 -0.02726686399842284 -0.054928762433454813 -0.028508194030493636 -0.0294046821910099 -0.051297681995337498 -0.02982392103081077 -0.055796258244100248 -0.025082269081335637 -0.065852048299262042 -0.05865216358434782 -0.039900291285757457 -0.061642560979030508 -0.07102476828390053 -0.071653497511425898 -0.039520580050216129 -0.033579938121863169 -0.051311789153957982 -0.094381661835605576 -0.059673451383288799 -0.057632101258709809 -0.057192596823544876 1.6003213228272788
0 0 0 0 0 0 0 0 0 0 0 0 0 0 0 0 0 0 0 0 0 0 0 0 0 0 0 0 0 0 0 0 0 0 0 0 0 0 0 0 0 0 0 0 0 0 0 0 0 0 0 0 0 0 0 0 0 0 0 0 0 0 0 0 0 0 0 0 0 0 0 0 0 0 0 0 0 0 0 0 0 0 0 0 0 0 0 0 0 0 0 0 0 0 0 0 0 0 0 0 0 0 0 0 0 0 0 0 0 0 0 0 0 0 0 0 0 0 0 0 0 0 0 0 0 0 0 0 0 0 0 0 0 0 0 0 0 0 0 0 0 0 0 0 0 0 0 0 0 0 0 0 0 0 0 0 0 0 0 0 0 0 0 0 0 0 0 0 0 0 0 0 0 0 0 0 0 0 0 0 0 0 0 0 0 0 0 0 0 0 0 0 0 0 0 0 0 0 0 0 0 0 0 0 0 0 0 0 0 0 0 0 0 0 0 0 0 0 0 0 0 0 0 0 0 0 0 0 0 0 0 0 0 0 0 0 0 0 0 0 0 0 0 0 0 0 0 0 0 0 0 0 0 0 0 0 0 0 0 0 0 0 0 0 0 0 0 0 0 0 0 0 0 0 0 0 0 0 0 0 0 0 0 0 0 0 0 0 0 0 0 0 0 0 0 0 0 0 0 0 0 0 0 0 0 0 0 0 0 0 0 0 0 0 0 0 0 0 0 0 0 0 0 0 0 0 0 0 0 0 0 0 0 0 0 0 0 0 0 0 0 0 0 0 0 0 0 0 0 0 0 0 0 0 0 0 0 0 0 0 0 0 0 0 0 0 0 0 0 0 0 0 0 0 0 0 0 0 0 0 0 0 0 -0.029794579427107379 -0.040634542673250604 -0.058018917239089023 -0.060228912511476086 -0.049554018136012866 -0.038169862541232745 -0.060150505134660671 -0.03497723417777493 -0.0634728868715254 -0.043169927732301661 -0.086965288887424844 -0.045135248268594386 -0.046554602144588092 -0.081216425354283195 -0.047218356891662358 -0.088338740981358688 -0.039711194645120358 -0.10425944715415689 -0.092860318055858301 -0.063171646413154092 -0.097594828024692534 -0.11244909257613087 -0.11344452040812948 -0.062570473260332604 -0.053165024847001925 -0.081238760340007765 -0.14942860759247015 -0.094477259427508425 -0.091245316899774012 -0.090549476897595835 -0.11653994405562622 1.8935965311714174
0 0 0 0 0 0 0 0 0 0 0 0 0 0 0 0 0 0 0 0 0 0 0 0 0 0 0 0 0 0 0 0 0 0 0 0 0 0 0 0 0 0 0 0 0 0 0 0 0 0 0 0 0 0 0 0 0 0 0 0 0 0 0 0 0 0 0 0 0 0 0 0 0 0 0 0 0 0 0 0 0 0 0 0 0 0 0 0 0 0 0 0 0 0 0 0 0 0 0 0 0 0 0 0 0 0 0 0 0 0 0 0 0 0 0 0 0 0 0 0 0 0 0 0 0 0 0 0 0 0 0 0 0 0 0 0 0 0 0 0 0 0 0 0 0 0 0 0 0 0 0 0 0 0 0 0 0 0 0 0 0 0 0 0 0 0 0 0 0 0 0 0 0 0 0 0 0 0 0 0 0 0 0 0 0 0 0 0 0 0 0 0 0 0 0 0 0 0 0 0 0 0 0 0 0 0 0 0 0 0 0 0 0 0 0 0 0 0 0 0 0 0 0 0 0 0 0 0 0 0 0 0 0 0 0 0 0 0 0 0 0 0 0 0 0 0 0 0 0 0 0 0 0 0 0 0 0 0 0 0 0 0 0 0 0 0 0 0 0 0 0 0 0 0 0 0 0 0 0 0 0 0 0 0 0 0 0 0 0 0 0 0 0 0 0 0 0 0 0 0 0 0 0 0 0 0 0 0 0 0 0 0 0 0 0 0 0 0 0 0 0 0 0 0 0 0 0 0 0 0 0 0 0 0 0 0 0 0 0 0 0 0 0 0 0 0 0 0 0 0 0 0 0 0 0 0 0 0 0 0 0 0 0 0 0 0 0 0 0 0 0 0 0 0 0 0 0 0 0 0 0 0 0 -0.027732572648615939 -0.037822329712224115 -0.054003576095557268 -0.056060623237119196 -0.046124511049058924 -0.035528223799972052 -0.055987642234683728 -0.032556549094973193 -0.059080090413367842 -0.040182247244013529 -0.080946643260347867 -0.042011552963327745 -0.043332676981084055 -0.075595643895852799 -0.043950494956635978 -0.082225042241195923 -0.036962884243872382 -0.097043916984319412 -0.086433692509667384 -0.058799698038074194 -0.090840539130455936 -0.10466677795428098 -0.10559331476729268 -0.058240130544402816 -0.049485609204250082 -0.075616433134235522 -0.13908703514267728 -0.087938729496932017 -0.084930461460599821 -0.084282778768537556 -0.10847451204656301 -0.15181813899756313 1.8369221628699779
0 0 0 0 0 0 0 0 0 0 0 0 0 0 0 0 0 0 0 0 0 0 0 0 0 0 0 0 0 0 0 0 0 0 0 0 0 0 0 0 0 0 0 0 0 0 0 0 0 0 0 0 0 0 0 0 0 0 0 0 0 0 0 0 0 0 0 0 0 0 0 0 0 0 0 0 0 0 0 0 0 0 0 0 0 0 0 0 0 0 0 0 0 0 0 0 0 0 0 0 0 0 0 0 0 0 0 0 0 0 0 0 0 0 0 0 0 0 0 0 0 0 0 0 0 0 0 0 0 0 0 0 0 0 0 0 0 0 0 0 0 0 0 0 0 0 0 0 0 0 0 0 0 0 0 0 0 0 0 0 0 0 0 0 0 0 0 0 0 0 0 0 0 0 0 0 0 0 0 0 0 0 0 0 0 0 0 0 0 0 0 0 0 0 0 0 0 0 0 0 0 0 0 0 0 0 0 0 0 0 0 0 0 0 0 0 0 0 0 0 0 0 0 0 0 0 0 0 0 0 0 0 0 0 0 0 0 0 0 0 0 0 0 0 0 0 0 0 0 0 0 0 0 0 0 0 0 0 0 0 0 0 0 0 0 0 0 0 0 0 0 0 0 0 0 0 0 0 0 0 0 0 0 0 0 0 0 0 0 0 0 0 0 0 0 0 0 0 0 0 0 0 0 0 0 0 0 0 0 0 0 0 0 0 0 0 0 0 0 0 0 0 0 0 0 0 0 0 0 0 0 0 0 0 0 0 0 0 0 0 0 0 0 0 0 0 0 0 0 0 0 0 0 0 0 0 0 0 0 0 0 0 0 0 0 0 0 0 0 0 0 0 0 0 0 0 0 0 0 0 0 0 0 0 0 -0.018087031856103289 -0.018775983956480877 -0.015448152900380614 -0.00084245008009553005 -0.018563393528442374 -0.0010337278126531146 -0.019433687557332477 -0.0016104351563384334 -0.026327260835765445 -0.0022750898753519187 -0.0023466339070496904 -0.024039560826284858 -0.002846432740143482 -0.025868475114530765 -0.0028079270285594894 -0.030322641291859093 -0.027007337862558125 -0.0058559952832968982 -0.027996758477993662 -0.032257960279688469 -0.03254351590962179 -0.0076182798336310127 -0.0064731176790248195 -0.0098912406660637518 -0.041536198690619801 -0.026261545781304064 -0.012707768512518232 -0.012610858622018073 -0.031489651485614688 -0.044072106857468284 -0.045930112199647502 1.2850297851539099
0 0 0 0 0 0 0 0 0 0 0 0 0 0 0 0 0 0 0 0 0 0 0 0 0 0 0 0 0 0 0 0 0 0 0 0 0 0 0 0 0 0 0 0 0 0 0 0 0 0 0 0 0 0 0 0 0 0 0 0 0 0 0 0 0 0 0 0 0 0 0 0 0 0 0 0 0 0 0 0 0 0 0 0 0 0 0 0 0 0 0 0 0 0 0 0 0 0 0 0 0 0 0 0 0 0 0 0 0 0 0 0 0 0 0 0 0 0 0 0 0 0 0 0 0 0 0 0 0 0 0 0 0 0 0 0 0 0 0 0 0 0 0 0 0 0 0 0 0 0 0 0 0 0 0 0 0 0 0 0 0 0 0 0 0 0 0 0 0 0 0 0 0 0 0 0 0 0 0 0 0 0 0 0 0 0 0 0 0 0 0 0 0 0 0 0 0 0 0 0 0 0 0 0 0 0 0 0 0 0 0 0 0 0 0 0 0 0 0 0 0 0 0 0 0 0 0 0 0 0 0 0 0 0 0 0 0 0 0 0 0 0 0 0 0 0 0 0 0 0 0 0 0 0 0 0 0 0 0 0 0 0 0 0 0 0 0 0 0 0 0 0 0 0 0 0 0 0 0 0 0 0 0 0 0 0 0 0 0 0 0 0 0 0 0 0 0 0 0 0 0 0 0 0 0 0 0 0 0 0 0 0 0 0 0 0 0 0 0 0 0 0 0 0 0 0 0 0 0 0 0 0 0 0 0 0 0 0 0 0 0 0 0 0 0 0 0 0 0 0 0 0 0 0 0 0 0 0 0 0 0 0 0 0 0 0 0 0 0 0 0 0 0 0 0 0 0 0 0 0 0 0 0 0 -0.019323340411094354 -0.027392810901614918 -0.028436228901652594 -0.023396228554579832 -0.018142088390174914 -0.028401264333153393 -0.0017852822000317121 -0.029736016053738636 -0.020489967759566532 -0.040748669309288742 -0.021409248793493266 -0.022082498668542859 -0.038067490084281605 -0.022386671620720083 -0.041412226857252536 -0.0044951436290884845 -0.048542795604685614 -0.043235405157161913 -0.029838218588861869 -0.045452957031343284 -0.052371051586702314 -0.052834653392162638 -0.029492425224381679 -0.010611683603300717 -0.037872665940581543 -0.06915450136747453 -0.043723406592219752 -0.042646652727497396 -0.042470165406342519 -0.053969123479245859 -0.075533798081819079 -0.07871817501221888 -0.021546506888113836 1.4469582464416066
0 0 0 0 0 0 0 0 0 0 0 0 0 0 0 0 0 0 0 0 0 0 0 0 0 0 0 0 0 0 0 0 0 0 0 0 0 0 0 0 0 0 0 0 0 0 0 0 0 0 0 0 0 0 0 0 0 0 0 0 0 0 0 0 0 0 0 0 0 0 0 0 0 0 0 0 0 0 0 0 0 0 0 0 0 0 0 0 0 0 0 0 0 0 0 0 0 0 0 0 0 0 0 0 0 0 0 0 0 0 0 0 0 0 0 0 0 0 0 0 0 0 0 0 0 0 0 0 0 0 0 0 0 0 0 0 0 0 0 0 0 0 0 0 0 0 0 0 0 0 0 0 0 0 0 0 0 0 0 0 0 0 0 0 0 0 0 0 0 0 0 0 0 0 0 0 0 0 0 0 0 0 0 0 0 0 0 0 0 0 0 0 0 0 0 0 0 0 0 0 0 0 0 0 0 0 0 0 0 0 0 0 0 0 0 0 0 0 0 0 0 0 0 0 0 0 0 0 0 0 0 0 0 0 0 0 0 0 0 0 0 0 0 0 0 0 0 0 0 0 0 0 0 0 0 0 0 0 0 0 0 0 0 0 0 0 0 0 0 0 0 0 0 0 0 0 0 0 0 0 0 0 0 0 0 0 0 0 0 0 0 0 0 0 0 0 0 0 0 0 0 0 0 0 0 0 0 0 0 0 0 0 0 0 0 0 0 0 0 0 0 0 0 0 0 0 0 0 0 0 0 0 0 0 0 0 0 0 0 0 0 0 0 0 0 0 0 0 0 0 0 0 0 0 0 0 0 0 0 0 0 0 0 0 0 0 0 0 0 0 0 0 0 0 0 0 0 0 0 0 0 0 0 0 0 -0.018571520943849937 -0.019278927690477315 -0.015861955538957181 -0.00086501640684415095 -0.019060642699430207 -0.0010614178089396879 -0.019954248898248581 -0.0016535731496795704 -0.027032477185615501 -0.0023360316720502415 -0.0024094921211528552 -0.024683497597514873 -0.0029226788380425539 -0.026561402180140449 -0.0028831416914930738 -0.031134880078987702 -0.027730771126102081 -0.0060128571628592512 -0.028746694901105752 -0.033122039575441083 -0.033415244254027698 -0.0078223472271182135 -0.0066465101352408719 -0.02372112356840065 -0.04331415366487943 -0.027385669977198553 -0.013457090895804892 -0.013354466646403556 -0.032852243813000705 -0.045979156056891714 -0.047917559361703409 -0.013115853139231094 -0.0203651193585947 1.2939949616216457
0 0 0 0 0 0 0 0 0 0 0 0 0 0 0 0 0 0 0 0 0 0 0 0 0 0 0 0 0 0 0 0 0 0 0 0 0 0 0 0 0 0 0 0 0 0 0 0 0 0 0 0 0 0 0 0 0 0 0 0 0 0 0 0 0 0 0 0 0 0 0 0 0 0 0 0 0 0 0 0 0 0 0 0 0 0 0 0 0 0 0 0 0 0 0 0 0 0 0 0 0 0 0 0 0 0 0 0 0 0 0 0 0 0 0 0 0 0 0 0 0 0 0 0 0 0 0 0 0 0 0 0 0 0 0 0 0 0 0 0 0 0 0 0 0 0 0 0 0 0 0 0 0 0 0 0 0 0 0 0 0 0 0 0 0 0 0 0 0 0 0 0 0 0 0 0 0 0 0 0 0 0 0 0 0 0 0 0 0 0 0 0 0 0 0 0 0 0 0 0 0 0 0 0 0 0 0 0 0 0 0 0 0 0 0 0 0 0 0 0 0 0 0 0 0 0 0 0 0 0 0 0 0 0 0 0 0 0 0 0 0 0 0 0 0 0 0 0 0 0 0 0 0 0 0 0 0 0 0 0 0 0 0 0 0 0 0 0 0 0 0 0 0 0 0 0 0 0 0 0 0 0 0 0 0 0 0 0 0 0 0 0 0 0 0 0 0 0 0 0 0 0 0 0 0 0 0 0 0 0 0 0 0 0 0 0 0 0 0 0 0 0 0 0 0 0 0 0 0 0 0 0 0 0 0 0 0 0 0 0 0 0 0 0 0 0 0 0 0 0 0 0 0 0 0 0 0 0 0 0 0 0 0 0 0 0 0 0 0 0 0 0 0 0 0 0 0 0 0 0 0 0 0 0 -0.018439282158342805 -0.026139567930760041 -0.027135248724166835 -0.022325832417219162 -0.017312073360564378 -0.027101883812594266 -0.0017036041139010863 -0.028375569576214899 -0.019552535374115176 -0.038884385152144041 -0.020429758566728982 -0.021072206722431142 -0.036325872017499337 -0.021362463519175735 -0.039517584412463003 -0.0042894872188584008 -0.046321923946215211 -0.041257350849413697 -0.028473096263751919 -0.043373447954721277 -0.049975034160340014 -0.050417425813031519 -0.028143123221799012 -0.010126190605428456 -0.036139961233932816 -0.065990627712702074 -0.041723025829166857 -0.040695534313502452 -0.040527121428208204 -0.051499992987800398 -0.07207806650874167 -0.075116755651973441 -0.02056073699392539 -0.052372487531080696 -0.022554870460459078 1.4240701935248432
0 0 0 0 0 0 0 0 0 0 0 0 0 0 0 0 0 0 0 0 0 0 0 0 0 0 0 0 0 0 0 0 0 0 0 0 0 0 0 0 0 0 0 0 0 0 0 0 0 0 0 0 0 0 0 0 0 0 0 0 0 0 0 0 0 0 0 0 0 0 0 0 0 0 0 0 0 0 0 0 0 0 0 0 0 0 0 0 0 0 0 0 0 0 0 0 0 0 0 0 0 0 0 0 0 0 0 0 0 0 0 0 0 0 0 0 0 0 0 0 0 0 0 0 0 0 0 0 0 0 0 0 0 0 0 0 0 0 0 0 0 0 0 0 0 0 0 0 0 0 0 0 0 0 0 0 0 0 0 0 0 0 0 0 0 0 0 0 0 0 0 0 0 0 0 0 0 0 0 0 0 0 0 0 0 0 0 0 0 0 0 0 0 0 0 0 0 0 0 0 0 0 0 0 0 0 0 0 0 0 0 0 0 0 0 0 0 0 0 0 0 0 0 0 0 0 0 0 0 0 0 0 0 0 0 0 0 0 0 0 0 0 0 0 0 0 0 0 0 0 0 0 0 0 0 0 0 0 0 0 0 0 0 0 0 0 0 0 0 0 0 0 0 0 0 0 0 0 0 0 0 0 0 0 0 0 0 0 0 0 0 0 0 0 0 0 0 0 0 0 0 0 0 0 0 0 0 0 0 0 0 0 0 0 0 0 0 0 0 0 0 0 0 0 0 0 0 0 0 0 0 0 0 0 0 0 0 0 0 0 0 0 0 0 0 0 0 0 0 0 0 0 0 0 0 0 0 0 0 0 0 0 0 0 0 0 0 0 0 0 0 0 0 0 0 0 0 0 0 0 0 0 0 0 -0.014431747156709118 -0.020458477283600087 -0.021237759976702918 -0.017473606930115175 -0.0011218259146495613 -0.021000170596247529 -0.0013200549920358861 -0.021987098977572905 -0.00200258457234343 -0.029791079347084828 -0.0027535900808137283 -0.0028401813571227318 -0.027211002500151488 -0.0034010358920815165 -0.02928569122870511 -0.0031788531634374399 -0.034328251131175123 -0.030574997329776241 -0.021100842015092065 -0.032143194560385863 -0.037035498027610414 -0.0373633456310387 -0.0090845175886461443 -0.0074338365888095004 -0.026531059566955392 -0.048445023595172408 -0.030629697592146479 -0.029875395770121962 -0.029751760543657444 -0.037807162348979843 -0.05291393268620511 -0.055144694422298336 -0.015094043250222289 -0.038447677831267027 -0.016557976026536091 -0.025206484971191941 1.3231534960476496
0 0 0 0 0 0 0 0 0 0 0 0 0 0 0 0 0 0 0 0 0 0 0 0 0 0 0 0 0 0 0 0 0 0 0 0 0 0 0 0 0 0 0 0 0 0 0 0 0 0 0 0 0 0 0 0 0 0 0 0 0 0 0 0 0 0 0 0 0 0 0 0 0 0 0 0 0 0 0 0 0 0 0 0 0 0 0 0 0 0 0 0 0 0 0 0 0 0 0 0 0 0 0 0 0 0 0 0 0 0 0 0 0 0 0 0 0 0 0 0 0 0 0 0 0 0 0 0 0 0 0 0 0 0 0 0 0 0 0 0 0 0 0 0 0 0 0 0 0 0 0 0 0 0 0 0 0 0 0 0 0 0 0 0 0 0 0 0 0 0 0 0 0 0 0 0 0 0 0 0 0 0 0 0 0 0 0 0 0 0 0 0 0 0 0 0 0 0 0 0 0 0 0 0 0 0 0 0 0 0 0 0 0 0 0 0 0 0 0 0 0 0 0 0 0 0 0 0 0 0 0 0 0 0 0 0 0 0 0 0 0 0 0 0 0 0 0 0 0 0 0 0 0 0 0 0 0 0 0 0 0 0 0 0 0 0 0 0 0 0 0 0 0 0 0 0 0 0 0 0 0 0 0 0 0 0 0 0 0 0 0 0 0 0 0 0 0 0 0 0 0 0 0 0 0 0 0 0 0 0 0 0 0 0 0 0 0 0 0 0 0 0 0 0 0 0 0 0 0 0 0 0 0 0 0 0 0 0 0 0 0 0 0 0 0 0 0 0 0 0 0 0 0 0 0 0 0 0 0 0 0 0 0 0 0 0 0 0 0 0 0 0 0 0 0 0 0 0 0 0 0 0 0 0 -0.014542772421614862 -0.020615866949267064 -0.021401144763161305 -0.017608033608826307 -0.0011304562639759294 -0.021161727577408494 -0.0013302103428461272 -0.022156248524193393 -0.0020179907099528668 -0.030020265906440361 -0.0027747737992398266 -0.0028620312332417503 -0.027420340200440124 -0.0034272004934130327 -0.029510989773040067 -0.0032033084848018573 -0.034592342729663918 -0.030810214669796259 -0.021263173474271646 -0.032390476240991908 -0.037320416820518156 -0.037650786597222811 -0.0091544059369430952 -0.0074910260384012653 -0.026735166379849705 -0.048817717318228378 -0.030865335748235648 -0.030105230986435912 -0.029980644618462168 -0.03809801765357701 -0.053321006294820728 -0.055568929564441198 -0.015210163643142195 -0.038743460702868181 -0.016685358640345111 -0.02540040166339045 -0.020553021008101132 1.3259427735958784
0 0 0 0 0 0 0 0 0 0 0 0 0 0 0 0 0 0 0 0 0 0 0 0 0 0 0 0 0 0 0 0 0 0 0 0 0 0 0 0 0 0 0 0 0 0 0 0 0 0 0 0 0 0 0 0 0 0 0 0 0 0 0 0 0 0 0 0 0 0 0 0 0 0 0 0 0 0 0 0 0 0 0 0 0 0 0 0 0 0 0 0 0 0 0 0 0 0 0 0 0 0 0 0 0 0 0 0 0 0 0 0 0 0 0 0 0 0 0 0 0 0 0 0 0 0 0 0 0 0 0 0 0 0 0 0 0 0 0 0 0 0 0 0 0 0 0 0 0 0 0 0 0 0 0 0 0 0 0 0 0 0 0 0 0 0 0 0 0 0 0 0 0 0 0 0 0 0 0 0 0 0 0 0 0 0 0 0 0 0 0 0 0 0 0 0 0 0 0 0 0 0 0 0 0 0 0 0 0 0 0 0 0 0 0 0 0 0 0 0 0 0 0 0 0 0 0 0 0 0 0 0 0 0 0 0 0 0 0 0 0 0 0 0 0 0 0 0 0 0 0 0 0 0 0 0 0 0 0 0 0 0 0 0 0 0 0 0 0 0 0 0 0 0 0 0 0 0 0 0 0 0 0 0 0 0 0 0 0 0 0 0 0 0 0 0 0 0 0 0 0 0 0 0 0 0 0 0 0 0 0 0 0 0 0 0 0 0 0 0 0 0 0 0 0 0 0 0 0 0 0 0 0 0 0 0 0 0 0 0 0 0 0 0 0 0 0 0 0 0 0 0 0 0 0 0 0 0 0 0 0 0 0 0 0 0 0 0 0 0 0 0 0 0 0 0 0 0 0 0 0 0 0 -0.021735355907838622 -0.029643185577297452 -0.042325209478593785 -0.043937416622429448 -0.036150005858773364 -0.027845184031430891 -0.0438802178878391 -0.025516139114687607 -0.046303918805957515 -0.03149276686629332 -0.063441791827283087 -0.032926482063845644 -0.03396191073063895 -0.059247955318728486 -0.034446124501753751 -0.064443734820204587 -0.02896959667609102 -0.076058002301859828 -0.067742257198054129 -0.046084161766174123 -0.071196115624670736 -0.082032406419263001 -0.08275857804595195 -0.045645601709610018 -0.038784260731911213 -0.059264248848399703 -0.10900922353278285 -0.068921827337008773 -0.066564102460045196 -0.066056482268956926 -0.085016711436572898 -0.11898720418722038 -0.12400350308451992 -0.055890042055920928 -0.08590082474277784 -0.05982290858228962 -0.087394886784394554 -0.070716556686156493 -0.0722068381187949 1.6655405659398741
0 0 0 0 0 0 0 0 0 0 0 0 0 0 0 0 0 0 0 0 0 0 0 0 0 0 0 0 0 0 0 0 0 0 0 0 0 0 0 0 0 0 0 0 0 0 0 0 0 0 0 0 0 0 0 0 0 0 0 0 0 0 0 0 0 0 0 0 0 0 0 0 0 0 0 0 0 0 0 0 0 0 0 0 0 0 0 0 0 0 0 0 0 0 0 0 0 0 0 0 0 0 0 0 0 0 0 0 0 0 0 0 0 0 0 0 0 0 0 0 0 0 0 0 0 0 0 0 0 0 0 0 0 0 0 0 0 0 0 0 0 0 0 0 0 0 0 0 0 0 0 0 0 0 0 0 0 0 0 0 0 0 0 0 0 0 0 0 0 0 0 0 0 0 0 0 0 0 0 0 0 0 0 0 0 0 0 0 0 0 0 0 0 0 0 0 0 0 0 0 0 0 0 0 0 0 0 0 0 0 0 0 0 0 0 0 0 0 0 0 0 0 0 0 0 0 0 0 0 0 0 0 0 0 0 0 0 0 0 0 0 0 0 0 0 0 0 0 0 0 0 0 0 0 0 0 0 0 0 0 0 0 0 0 0 0 0 0 0 0 0 0 0 0 0 0 0 0 0 0 0 0 0 0 0 0 0 0 0 0 0 0 0 0 0 0 0 0 0 0 0 0 0 0 0 0 0 0 0 0 0 0 0 0 0 0 0 0 0 0 0 0 0 0 0 0 0 0 0 0 0 0 0 0 0 0 0 0 0 0 0 0 0 0 0 0 0 0 0 0 0 0 0 0 0 0 0 0 0 0 0 0 0 0 0 0 0 0 0 0 0 0 0 0 0 0 0 0 0 0 0 0 0 0 -0.017311696724395701 -0.024541100279183981 -0.025475893932307099 -0.020960579517555158 -0.016253418170782002 -0.025444569327291538 -0.0015994265668820994 -0.02664036759495899 -0.018356873097500507 -0.036506555802333522 -0.019180452981995347 -0.019783614620130494 -0.034104498982984517 -0.020056121846512287 -0.037101034126740241 -0.0040271796482299902 -0.043489279688938544 -0.038734411644864249 -0.02673193040215938 -0.040721106734829392 -0.04691899759143707 -0.047334336434839752 -0.011850880012976243 -0.0094197194271161359 -0.033618594414764558 -0.061386677586308204 -0.038812146865020269 -0.037856340069707041 -0.037699676800250874 -0.047907007022311925 -0.067049415700054557 -0.069876105446556119 -0.019126281663479579 -0.048718630476741423 -0.02098129096430194 -0.049360924672101666 -0.026176620231269342 -0.026728266591442833 -0.074371356016360468 1.3929571852437428
0 0 0 0 0 0 0 0 0 0 0 0 0 0 0 0 0 0 0 0 0 0 0 0 0 0 0 0 0 0 0 0 0 0 0 0 0 0 0 0 0 0 0 0 0 0 0 0 0 0 0 0 0 0 0 0 0 0 0 0 0 0 0 0 0 0 0 0 0 0 0 0 0 0 0 0 0 0 0 0 0 0 0 0 0 0 0 0 0 0 0 0 0 0 0 0 0 0 0 0 0 0 0 0 0 0 0 0 0 0 0 0 0 0 0 0 0 0 0 0 0 0 0 0 0 0 0 0 0 0 0 0 0 0 0 0 0 0 0 0 0 0 0 0 0 0 0 0 0 0 0 0 0 0 0 0 0 0 0 0 0 0 0 0 0 0 0 0 0 0 0 0 0 0 0 0 0 0 0 0 0 0 0 0 0 0 0 0 0 0 0 0 0 0 0 0 0 0 0 0 0 0 0 0 0 0 0 0 0 0 0 0 0 0 0 0 0 0 0 0 0 0 0 0 0 0 0 0 0 0 0 0 0 0 0 0 0 0 0 0 0 0 0 0 0 0 0 0 0 0 0 0 0 0 0 0 0 0 0 0 0 0 0 0 0 0 0 0 0 0 0 0 0 0 0 0 0 0 0 0 0 0 0 0 0 0 0 0 0 0 0 0 0 0 0 0 0 0 0 0 0 0 0 0 0 0 0 0 0 0 0 0 0 0 0 0 0 0 0 0 0 0 0 0 0 0 0 0 0 0 0 0 0 0 0 0 0 0 0 0 0 0 0 0 0 0 0 0 0 0 0 0 0 0 0 0 0 0 0 0 0 0 0 0 0 0 0 0 0 0 0 0 0 0 0 0 0 0 0 0 0 0 0 0 -0.017411846440071089 -0.024683072741759314 -0.025623274259869013 -0.021081838346917691 -0.016347445650264223 -0.025591768439208625 -0.0016086793927874387 -0.026794484506928805 -0.018463069252081531 -0.03671774949652138 -0.019291413619953481 -0.019898064602173353 -0.034301796563387658 -0.020172148307260555 -0.037315666931266221 -0.0040504772430969022 -0.043740869066057619 -0.038958493684587536 -0.026886577013167514 -0.040956681983541042 -0.047190428193726604 -0.047608169809528186 -0.011919438415003293 -0.0094742133474629009 -0.033813080993731905 -0.061741805012833377 -0.039036678609952594 -0.03807534238674417 -0.0379177728062461 -0.048184153347627649 -0.067437302573622723 -0.070280344973412706 -0.019236928915509124 -0.049000472116415186 -0.021102669611238075 -0.049646482041208154 -0.026328054323215281 -0.02688289200697791 -0.074801600970278284 -0.054128701780852488 1.3943973782234269
0 0 0 0 0 0 0 0 0 0 0 0 0 0 0 0 0 0 0 0 0 0 0 0 0 0 0 0 0 0 0 0 0 0 0 0 0 0 0 0 0 0 0 0 0 0 0 0 0 0 0 0 0 0 0 0 0 0 0 0 0 0 0 0 0 0 0 0 0 0 0 0 0 0 0 0 0 0 0 0 0 0 0 0 0 0 0 0 0 0 0 0 0 0 0 0 0 0 0 0 0 0 0 0 0 0 0 0 0 0 0 0 0 0 0 0 0 0 0 0 0 0 0 0 0 0 0 0 0 0 0 0 0 0 0 0 0 0 0 0 0 0 0 0 0 0 0 0 0 0 0 0 0 0 0 0 0 0 0 0 0 0 0 0 0 0 0 0 0 0 0 0 0 0 0 0 0 0 0 0 0 0 0 0 0 0 0 0 0 0 0 0 0 0 0 0 0 0 0 0 0 0 0 0 0 0 0 0 0 0 0 0 0 0 0 0 0 0 0 0 0 0 0 0 0 0 0 0 0 0 0 0 0 0 0 0 0 0 0 0 0 0 0 0 0 0 0 0 0 0 0 0 0 0 0 0 0 0 0 0 0 0 0 0 0 0 0 0 0 0 0 0 0 0 0 0 0 0 0 0 0 0 0 0 0 0 0 0 0 0 0 0 0 0 0 0 0 0 0 0 0 0 0 0 0 0 0 0 0 0 0 0 0 0 0 0 0 0 0 0 0 0 0 0 0 0 0 0 0 0 0 0 0 0 0 0 0 0 0 0 0 0 0 0 0 0 0 0 0 0 0 0 0 0 0 0 0 0 0 0 0 0 0 0 0 0 0 0 0 0 0 0 0 0 0 0 0 0 0 0 0 0 0 -0.018782314889164167 -0.02561575932740752 -0.036574759371209728 -0.037967926447492029 -0.03123854038386149 -0.024062040522485801 -0.037918498931839732 -0.022049427745277992 -0.04001290741699589 -0.027214050072234819 -0.054822369428195614 -0.028452975738599517 -0.029347727466956876 -0.051198322127965434 -0.029766154271711885 -0.055688184962748459 -0.02503368655611516 -0.065724497686238184 -0.058538558622717299 -0.039823007332643733 -0.061523163835826018 -0.070887198489666528 -0.071514709914550098 -0.039444031570060413 -0.03351489623169699 -0.051212401962050028 -0.094198851442669526 -0.05955786826170472 -0.057520472083380757 -0.057081818936241764 -0.073466045452104806 -0.102821188955995 -0.10715595604546534 -0.048296626635148734 -0.074230040050823301 -0.051695160242258967 -0.075521113629217054 -0.061108759441929596 -0.062396566058025488 -0.11717144007666368 -0.08309911032311236 -0.086719321220692799 1.5741771306270145
0 0 0 0 0 0 0 0 0 0 0 0 0 0 0 0 0 0 0 0 0 0 0 0 0 0 0 0 0 0 0 0 0 0 0 0 0 0 0 0 0 0 0 0 0 0 0 0 0 0 0 0 0 0 0 0 0 0 0 0 0 0 0 0 0 0 0 0 0 0 0 0 0 0 0 0 0 0 0 0 0 0 0 0 0 0 0 0 0 0 0 0 0 0 0 0 0 0 0 0 0 0 0 0 0 0 0 0 0 0 0 0 0 0 0 0 0 0 0 0 0 0 0 0 0 0 0 0 0 0 0 0 0 0 0 0 0 0 0 0 0 0 0 0 0 0 0 0 0 0 0 0 0 0 0 0 0 0 0 0 0 0 0 0 0 0 0 0 0 0 0 0 0 0 0 0 0 0 0 0 0 0 0 0 0 0 0 0 0 0 0 0 0 0 0 0 0 0 0 0 0 0 0 0 0 0 0 0 0 0 0 0 0 0 0 0 0 0 0 0 0 0 0 0 0 0 0 0 0 0 0 0 0 0 0 0 0 0 0 0 0 0 0 0 0 0 0 0 0 0 0 0 0 0 0 0 0 0 0 0 0 0 0 0 0 0 0 0 0 0 0 0 0 0 0 0 0 0 0 0 0 0 0 0 0 0 0 0 0 0 0 0 0 0 0 0 0 0 0 0 0 0 0 0 0 0 0 0 0 0 0 0 0 0 0 0 0 0 0 0 0 0 0 0 0 0 0 0 0 0 0 0 0 0 0 0 0 0 0 0 0 0 0 0 0 0 0 0 0 0 0 0 0 0 0 0 0 0 0 0 0 0 0 0 0 0 0 0 0 0 0 0 0 0 0 0 0 0 0 0 0 0 0 0 -0.020992374922459915 -0.029758837985205965 -0.030892380188139716 -0.025417054771094995 -0.019709093420736429 -0.030854395589446422 -0.018057467869016498 -0.032560461166784384 -0.022283087402568489 -0.044615193970841627 -0.023290515419675775 -0.024022924891273289 -0.041672387150695739 -0.024359901282477298 -0.04533018072102353 -0.020482052682207846 -0.053502205508798646 -0.047652581668604081 -0.032565895005717931 -0.050086759423126979 -0.057710134452868753 -0.058220999171355009 -0.032234416261009813 -0.027389013573781963 -0.041851753405042047 -0.076704212131329511 -0.048496762872060506 -0.046987871218492107 -0.046629540056720084 -0.059832639425300704 -0.083740224293079021 -0.08727057024624453 -0.02388744330833972 -0.06037161904120715 -0.042043901879656904 -0.061421654878123289 -0.049700023637101486 -0.050747402439166749 -0.094892340899422431 -0.06756331864034068 -0.070506713117938616 -0.10127300004637871 1.4714978255084108
0 0 0 0 0 0 0 0 0 0 0 0 0 0 0 0 0 0 0 0 0 0 0 0 0 0 0 0 0 0 0 0 0 0 0 0 0 0 0 0 0 0 0 0 0 0 0 0 0 0 0 0 0 0 0 0 0 0 0 0 0 0 0 0 0 0 0 0 0 0 0 0 0 0 0 0 0 0 0 0 0 0 0 0 0 0 0 0 0 0 0 0 0 0 0 0 0 0 0 0 0 0 0 0 0 0 0 0 0 0 0 0 0 0 0 0 0 0 0 0 0 0 0 0 0 0 0 0 0 0 0 0 0 0 0 0 0 0 0 0 0 0 0 0 0 0 0 0 0 0 0 0 0 0 0 0 0 0 0 0 0 0 0 0 0 0 0 0 0 0 0 0 0 0 0 0 0 0 0 0 0 0 0 0 0 0 0 0 0 0 0 0 0 0 0 0 0 0 0 0 0 0 0 0 0 0 0 0 0 0 0 0 0 0 0 0 0 0 0 0 0 0 0 0 0 0 0 0 0 0 0 0 0 0 0 0 0 0 0 0 0 0 0 0 0 0 0 0 0 0 0 0 0 0 0 0 0 0 0 0 0 0 0 0 0 0 0 0 0 0 0 0 0 0 0 0 0 0 0 0 0 0 0 0 0 0 0 0 0 0 0 0 0 0 0 0 0 0 0 0 0 0 0 0 0 0 0 0 0 0 0 0 0 0 0 0 0 0 0 0 0 0 0 0 0 0 0 0 0 0 0 0 0 0 0 0 0 0 0 0 0 0 0 0 0 0 0 0 0 0 0 0 0 0 0 0 0 0 0 0 0 0 0 0 0 0 0 0 0 0 0 0 0 0 0 0 0 0 0 0 0 0 0 0 -0.015896358048118557 -0.022534712982981965 -0.023393081451868771 -0.019246922021084929 -0.001235674808689895 -0.023131380230308866 -0.0014540212331015955 -0.024218467382477529 -0.01668803295492878 -0.03318771138551041 -0.0032291563364579053 -0.017790446082356335 -0.030668523521742517 -0.0041554955585734639 -0.033014915901789225 -0.0035836466701579459 -0.038699592756764115 -0.034468401570476821 -0.023787812250863027 -0.036236292219929321 -0.041751579063428385 -0.042121174609979065 -0.01054568467428799 -0.0083822796863913009 -0.029916014296211567 -0.054625862747621656 -0.034537575430895404 -0.033687036309591058 -0.03354762713171483 -0.042630774186643801 -0.059664935835467101 -0.062180308424335876 -0.017019810781462478 -0.043353009583112369 -0.018670518841363858 -0.043924564779433128 -0.023293661103250467 -0.023784551953528119 -0.066180475077713075 -0.047890194230201896 -0.04997652947934339 -0.070715400997080319 -0.066373573090605681 1.3532534035916088
0 0 0 0 0 0 0 0 0 0 0 0 0 0 0 0 0 0 0 0 0 0 0 0 0 0 0 0 0 0 0 0 0 0 0 0 0 0 0 0 0 0 0 0 0 0 0 0 0 0 0 0 0 0 0 0 0 0 0 0 0 0 0 0 0 0 0 0 0 0 0 0 0 0 0 0 0 0 0 0 0 0 0 0 0 0 0 0 0 0 0 0 0 0 0 0 0 0 0 0 0 0 0 0 0 0 0 0 0 0 0 0 0 0 0 0 0 0 0 0 0 0 0 0 0 0 0 0 0 0 0 0 0 0 0 0 0 0 0 0 0 0 0 0 0 0 0 0 0 0 0 0 0 0 0 0 0 0 0 0 0 0 0 0 0 0 0 0 0 0 0 0 0 0 0 0 0 0 0 0 0 0 0 0 0 0 0 0 0 0 0 0 0 0 0 0 0 0 0 0 0 0 0 0 0 0 0 0 0 0 0 0 0 0 0 0 0 0 0 0 0 0 0 0 0 0 0 0 0 0 0 0 0 0 0 0 0 0 0 0 0 0 0 0 0 0 0 0 0 0 0 0 0 0 0 0 0 0 0 0 0 0 0 0 0 0 0 0 0 0 0 0 0 0 0 0 0 0 0 0 0 0 0 0 0 0 0 0 0 0 0 0 0 0 0 0 0 0 0 0 0 0 0 0 0 0 0 0 0 0 0 0 0 0 0 0 0 0 0 0 0 0 0 0 0 0 0 0 0 0 0 0 0 0 0 0 0 0 0 0 0 0 0 0 0 0 0 0 0 0 0 0 0 0 0 0 0 0 0 0 0 0 0 0 0 0 0 0 0 0 0 0 0 0 0 0 0 0 0 0 0 0 0 0 -0.014749633704981231 -0.020909113970618787 -0.0217055618401032 -0.017858496197683753 -0.0011465362538689225 -0.021462739103821966 -0.0013491317019027717 -0.022471406450854263 -0.0020466952881433268 -0.030447284259775654 -0.0028142431144791346 -0.0029027417275532194 -0.02781037633658813 -0.0034759501452584873 -0.02993076401146472 -0.0032488734214572487 -0.035084395840601135 -0.031248469519876754 -0.021565628001222442 -0.032851209262854154 -0.03785127497434447 -0.038186344041805174 -0.0092846212841734971 -0.0075975809108224188 -0.027115456373258125 -0.049512116939063079 -0.031304374659064424 -0.030533457911629397 -0.030407099385278281 -0.038639936663037583 -0.054079462211805707 -0.056359360697635287 -0.015426518123582044 -0.03929456071122308 -0.016922696790300656 -0.039812610336326812 -0.021113048187659935 -0.021557984779243949 -0.05998505572844412 -0.02992354321486021 -0.031227161711128253 -0.062608526687832747 -0.058764449661843306 -0.035775274177417195 1.3255788611879635
0 0 0 0 0 0 0 0 0 0 0 0 0 0 0 0 0 0 0 0 0 0 0 0 0 0 0 0 0 0 0 0 0 0 0 0 0 0 0 0 0 0 0 0 0 0 0 0 0 0 0 0 0 0 0 0 0 0 0 0 0 0 0 0 0 0 0 0 0 0 0 0 0 0 0 0 0 0 0 0 0 0 0 0 0 0 0 0 0 0 0 0 0 0 0 0 0 0 0 0 0 0 0 0 0 0 0 0 0 0 0 0 0 0 0 0 0 0 0 0 0 0 0 0 0 0 0 0 0 0 0 0 0 0 0 0 0 0 0 0 0 0 0 0 0 0 0 0 0 0 0 0 0 0 0 0 0 0 0 0 0 0 0 0 0 0 0 0 0 0 0 0 0 0 0 0 0 0 0 0 0 0 0 0 0 0 0 0 0 0 0 0 0 0 0 0 0 0 0 0 0 0 0 0 0 0 0 0 0 0 0 0 0 0 0 0 0 0 0 0 0 0 0 0 0 0 0 0 0 0 0 0 0 0 0 0 0 0 0 0 0 0 0 0 0 0 0 0 0 0 0 0 0 0 0 0 0 0 0 0 0 0 0 0 0 0 0 0 0 0 0 0 0 0 0 0 0 0 0 0 0 0 0 0 0 0 0 0 0 0 0 0 0 0 0 0 0 0 0 0 0 0 0 0 0 0 0 0 0 0 0 0 0 0 0 0 0 0 0 0 0 0 0 0 0 0 0 0 0 0 0 0 0 0 0 0 0 0 0 0 0 0 0 0 0 0 0 0 0 0 0 0 0 0 0 0 0 0 0 0 0 0 0 0 0 0 0 0 0 0 0 0 0 0 0 0 0 0 0 0 0 0 0 0 0 -0.018787548953925235 -0.01950318441118171 -0.016046465289200638 -0.00087507846765317882 -0.019282360281181465 -0.0010737644539892282 -0.020186361103547965 -0.0016728078756947126 -0.027346924896789908 -0.0023632049054710287 -0.0024375198626501141 -0.024970621462265339 -0.002956676080130637 -0.026870370243399232 -0.0029166790288098171 -0.031497047841538617 -0.028053341545743106 -0.0060828000378498216 -0.029081082769203015 -0.033507322413651112 -0.033803937713447856 -0.0079133384879149036 -0.0067238238007614939 -0.023997052887099014 -0.043817993412448922 -0.027704226104488843 -0.013613626732391153 -0.013509808735183662 -0.033234388327652332 -0.046513995697541673 -0.048474946935283869 -0.013268419623294355 -0.020602010899319258 -0.014347617945832909 -0.020960339035956416 -0.016960294339118387 -0.017317715753991093 -0.050104437104323135 -0.024002403050437892 -0.025048067206810014 -0.052186358481611288 -0.048982188182101621 -0.028889513199852727 -0.026891268590418151 1.2937109543848628
0 0 0 0 0 0 0 0 0 0 0 0 0 0 0 0 0 0 0 0 0 0 0 0 0 0 0 0 0 0 0 0 0 0 0 0 0 0 0 0 0 0 0 0 0 0 0 0 0 0 0 0 0 0 0 0 0 0 0 0 0 0 0 0 0 0 0 0 0 0 0 0 0 0 0 0 0 0 0 0 0 0 0 0 0 0 0 0 0 0 0 0 0 0 0 0 0 0 0 0 0 0 0 0 0 0 0 0 0 0 0 0 0 0 0 0 0 0 0 0 0 0 0 0 0 0 0 0 0 0 0 0 0 0 0 0 0 0 0 0 0 0 0 0 0 0 0 0 0 0 0 0 0 0 0 0 0 0 0 0 0 0 0 0 0 0 0 0 0 0 0 0 0 0 0 0 0 0 0 0 0 0 0 0 0 0 0 0 0 0 0 0 0 0 0 0 0 0 0 0 0 0 0 0 0 0 0 0 0 0 0 0 0 0 0 0 0 0 0 0 0 0 0 0 0 0 0 0 0 0 0 0 0 0 0 0 0 0 0 0 0 0 0 0 0 0 0 0 0 0 0 0 0 0 0 0 0 0 0 0 0 0 0 0 0 0 0 0 0 0 0 0 0 0 0 0 0 0 0 0 0 0 0 0 0 0 0 0 0 0 0 0 0 0 0 0 0 0 0 0 0 0 0 0 0 0 0 0 0 0 0 0 0 0 0 0 0 0 0 0 0 0 0 0 0 0 0 0 0 0 0 0 0 0 0 0 0 0 0 0 0 0 0 0 0 0 0 0 0 0 0 0 0 0 0 0 0 0 0 0 0 0 0 0 0 0 0 0 0 0 0 0 0 0 0 0 0 0 0 0 0 0 0 -0.036108074057242631 -0.04924503397396196 -0.070313171075806202 -0.072991466070931724 -0.060054553247394851 -0.046258086198711502 -0.072896444109785935 -0.042388937393740972 -0.076922841129237432 -0.052317669105455711 -0.10539330146407228 -0.054699442596983082 -0.056419558666860353 -0.098426249262261248 -0.057223963562785266 -0.10705778912845401 -0.048126027778156985 -0.12635210536263067 -0.11253749191335051 -0.076557767582671396 -0.11827524823904778 -0.13627714304012678 -0.13748350280649088 -0.075829205369654762 -0.064430735098210346 -0.098453317048888683 -0.18109264614456053 -0.11449706442339642 -0.11058027075206207 -0.10973698171044065 -0.14123484914033316 -0.19766866477245504 -0.20600204071738693 -0.092847882784834468 -0.14270359107723882 -0.099381396033638825 -0.14518561635778177 -0.11747857622962311 -0.11995432093626497 -0.22525631481787028 -0.15975394126572917 -0.16671361817265018 -0.240333474277589 -0.22481822797495035 -0.18172629123767578 -0.16915655427650897 -0.14785641150381543 1.9184605652197473
0 0 0 0 0 0 0 0 0 0 0 0 0 0 0 0 0 0 0 0 0 0 0 0 0 0 0 0 0 0 0 0 0 0 0 0 0 0 0 0 0 0 0 0 0 0 0 0 0 0 0 0 0 0 0 0 0 0 0 0 0 0 0 0 0 0 0 0 0 0 0 0 0 0 0 0 0 0 0 0 0 0 0 0 0 0 0 0 0 0 0 0 0 0 0 0 0 0 0 0 0 0 0 0 0 0 0 0 0 0 0 0 0 0 0 0 0 0 0 0 0 0 0 0 0 0 0 0 0 0 0 0 0 0 0 0 0 0 0 0 0 0 0 0 0 0 0 0 0 0 0 0 0 0 0 0 0 0 0 0 0 0 0 0 0 0 0 0 0 0 0 0 0 0 0 0 0 0 0 0 0 0 0 0 0 0 0 0 0 0 0 0 0 0 0 0 0 0 0 0 0 0 0 0 0 0 0 0 0 0 0 0 0 0 0 0 0 0 0 0 0 0 0 0 0 0 0 0 0 0 0 0 0 0 0 0 0 0 0 0 0 0 0 0 0 0 0 0 0 0 0 0 0 0 0 0 0 0 0 0 0 0 0 0 0 0 0 0 0 0 0 0 0 0 0 0 0 0 0 0 0 0 0 0 0 0 0 0 0 0 0 0 0 0 0 0 0 0 0 0 0 0 0 0 0 0 0 0 0 0 0 0 0 0 0 0 0 0 0 0 0 0 0 0 0 0 0 0 0 0 0 0 0 0 0 0 0 0 0 0 0 0 0 0 0 0 0 0 0 0 0 0 0 0 0 0 0 0 0 0 0 0 0 0 0 0 0 0 0 0 0 0 0 0 0 0 0 0 0 0 0 0 0 -0.016111418565492794 -0.02197312859635232 -0.031373728991291767 -0.032568783915570589 -0.026796334875090783 -0.020640352836448047 -0.032526385127241098 -0.018913939076738145 -0.034322963022489397 -0.023344138044933547 -0.047026479207805824 -0.024406885107802263 -0.025174400703873695 -0.043917781302371534 -0.025533326077567954 -0.047769173415628467 -0.021473828158189812 -0.056378295139789925 -0.050214216179250371 -0.034160067247251395 -0.052774402403626311 -0.060806845830333224 -0.061345123421811747 -0.033834982870103752 -0.028748986722581478 -0.043929858945707771 -0.080803518253071763 -0.051088577211874382 -0.049340904318174401 -0.048964628843064448 -0.063018973732211728 -0.088199735892373524 -0.091918087297645737 -0.041428714810288057 -0.063674326218546656 -0.044343967683864879 -0.064781805618349717 -0.052418927443013907 -0.053523604451453301 -0.10050934222627744 -0.071282190546604257 -0.074387597596293223 -0.10723676907405287 -0.10031386792645144 -0.081086250622042166 -0.075477635409876731 -0.065973514110810969 -0.21377081716713933 1.4678182161554174
0 0 0 0 0 0 0 0 0 0 0 0 0 0 0 0 0 0 0 0 0 0 0 0 0 0 0 0 0 0 0 0 0 0 0 0 0 0 0 0 0 0 0 0 0 0 0 0 0 0 0 0 0 0 0 0 0 0 0 0 0 0 0 0 0 0 0 0 0 0 0 0 0 0 0 0 0 0 0 0 0 0 0 0 0 0 0 0 0 0 0 0 0 0 0 0 0 0 0 0 0 0 0 0 0 0 0 0 0 0 0 0 0 0 0 0 0 0 0 0 0 0 0 0 0 0 0 0 0 0 0 0 0 0 0 0 0 0 0 0 0 0 0 0 0 0 0 0 0 0 0 0 0 0 0 0 0 0 0 0 0 0 0 0 0 0 0 0 0 0 0 0 0 0 0 0 0 0 0 0 0 0 0 0 0 0 0 0 0 0 0 0 0 0 0 0 0 0 0 0 0 0 0 0 0 0 0 0 0 0 0 0 0 0 0 0 0 0 0 0 0 0 0 0 0 0 0 0 0 0 0 0 0 0 0 0 0 0 0 0 0 0 0 0 0 0 0 0 0 0 0 0 0 0 0 0 0 0 0 0 0 0 0 0 0 0 0 0 0 0 0 0 0 0 0 0 0 0 0 0 0 0 0 0 0 0 0 0 0 0 0 0 0 0 0 0 0 0 0 0 0 0 0 0 0 0 0 0 0 0 0 0 0 0 0 0 0 0 0 0 0 0 0 0 0 0 0 0 0 0 0 0 0 0 0 0 0 0 0 0 0 0 0 0 0 0 0 0 0 0 0 0 0 0 0 0 0 0 0 0 0 0 0 0 0 0 0 0 0 0 0 0 0 0 0 0 0 0 0 0 0 0 0 -0.016340859969923481 -0.022286046137684801 -0.03182051972003714 -0.03303259332451975 -0.027177939305659815 -0.020934290426331815 -0.032989590738486285 -0.01918329094835939 -0.034811753553757707 -0.023676580020572671 -0.047696179482243597 -0.02475446157812735 -0.02553290730152228 -0.044543210862192754 -0.02589694410233866 -0.048449450338013206 -0.021779635202498031 -0.057181173866060954 -0.050929312757229395 -0.034646537993002706 -0.053525958385879993 -0.061672791187635786 -0.062218734346615762 -0.034316824115618989 -0.029158398709663049 -0.044555460502267268 -0.08195423459971754 -0.051816125494370008 -0.050043564132805432 -0.049661930149185851 -0.063916421823461286 -0.08945578117425465 -0.093227085320162689 -0.042018697776170968 -0.064581107131376297 -0.044975466529361886 -0.065704358055445194 -0.053165421135199363 -0.054285829759277121 -0.10194068761309714 -0.072297314437989715 -0.075446945337483917 -0.10876391920071482 -0.10174242957963038 -0.082240993337411833 -0.076552506291120009 -0.066913037571846079 -0.21681511002799622 -0.15802102490511891 1.4655714977228715
0 0 0 0 0 0 0 0 0 0 0 0 0 0 0 0 0 0 0 0 0 0 0 0 0 0 0 0 0 0 0 0 0 0 0 0 0 0 0 0 0 0 0 0 0 0 0 0 0 0 0 0 0 0 0 0 0 0 0 0 0 0 0 0 0 0 0 0 0 0 0 0 0 0 0 0 0 0 0 0 0 0 0 0 0 0 0 0 0 0 0 0 0 0 0 0 0 0 0 0 0 0 0 0 0 0 0 0 0 0 0 0 0 0 0 0 0 0 0 0 0 0 0 0 0 0 0 0 0 0 0 0 0 0 0 0 0 0 0 0 0 0 0 0 0 0 0 0 0 0 0 0 0 0 0 0 0 0 0 0 0 0 0 0 0 0 0 0 0 0 0 0 0 0 0 0 0 0 0 0 0 0 0 0 0 0 0 0 0 0 0 0 0 0 0 0 0 0 0 0 0 0 0 0 0 0 0 0 0 0 0 0 0 0 0 0 0 0 0 0 0 0 0 0 0 0 0 0 0 0 0 0 0 0 0 0 0 0 0 0 0 0 0 0 0 0 0 0 0 0 0 0 0 0 0 0 0 0 0 0 0 0 0 0 0 0 0 0 0 0 0 0 0 0 0 0 0 0 0 0 0 0 0 0 0 0 0 0 0 0 0 0 0 0 0 0 0 0 0 0 0 0 0 0 0 0 0 0 0 0 0 0 0 0 0 0 0 0 0 0 0 0 0 0 0 0 0 0 0 0 0 0 0 0 0 0 0 0 0 0 0 0 0 0 0 0 0 0 0 0 0 0 0 0 0 0 0 0 0 0 0 0 0 0 0 0 0 0 0 0 0 0 0 0 0 0 0 0 0 0 0 0 0 -0.016616244522100927 -0.022661622015987867 -0.03235677543664478 -0.033589275527089194 -0.027635955876303638 -0.021287085824176013 -0.033545548239422789 -0.019506577605048665 -0.035398419076903859 -0.024075589888967505 -0.048499979958562603 -0.025171636459292185 -0.025963200949222557 -0.04529387589441302 -0.026333372684892158 -0.049265945321088397 -0.022146676784022285 -0.058144820331856334 -0.051787599653522344 -0.035230419218792171 -0.054428005285927429 -0.062712132691938607 -0.063267276365005454 -0.034895148834062771 -0.029649790997807554 -0.045306331971704486 -0.083335369389185066 -0.052689357413686168 -0.050886923939048201 -0.050498858463825035 -0.064993574141824342 -0.0909633358735603 -0.094798195970946492 -0.042726818419237686 -0.065669461067412851 -0.045733416155755831 -0.066811641592083124 -0.054061392076605132 -0.055200682401387674 -0.10365864435825246 -0.073515705856604788 -0.076718415951219476 -0.11059686454369512 -0.1034570451787362 -0.083626960732183037 -0.077842608385002621 -0.068040690395532788 -0.22046898944990412 -0.16068407625359235 -0.18054749912655457 1.4616509379755862
0 0 0 0 0 0 0 0 0 0 0 0 0 0 0 0 0 0 0 0 0 0 0 0 0 0 0 0 0 0 0 0 0 0 0 0 0 0 0 0 0 0 0 0 0 0 0 0 0 0 0 0 0 0 0 0 0 0 0 0 0 0 0 0 0 0 0 0 0 0 0 0 0 0 0 0 0 0 0 0 0 0 0 0 0 0 0 0 0 0 0 0 0 0 0 0 0 0 0 0 0 0 0 0 0 0 0 0 0 0 0 0 0 0 0 0 0 0 0 0 0 0 0 0 0 0 0 0 0 0 0 0 0 0 0 0 0 0 0 0 0 0 0 0 0 0 0 0 0 0 0 0 0 0 0 0 0 0 0 0 0 0 0 0 0 0 0 0 0 0 0 0 0 0 0 0 0 0 0 0 0 0 0 0 0 0 0 0 0 0 0 0 0 0 0 0 0 0 0 0 0 0 0 0 0 0 0 0 0 0 0 0 0 0 0 0 0 0 0 0 0 0 0 0 0 0 0 0 0 0 0 0 0 0 0 0 0 0 0 0 0 0 0 0 0 0 0 0 0 0 0 0 0 0 0 0 0 0 0 0 0 0 0 0 0 0 0 0 0 0 0 0 0 0 0 0 0 0 0 0 0 0 0 0 0 0 0 0 0 0 0 0 0 0 0 0 0 0 0 0 0 0 0 0 0 0 0 0 0 0 0 0 0 0 0 0 0 0 0 0 0 0 0 0 0 0 0 0 0 0 0 0 0 0 0 0 0 0 0 0 0 0 0 0 0 0 0 0 0 0 0 0 0 0 0 0 0 0 0 0 0 0 0 0 0 0 0 0 0 0 0 0 0 0 0 0 0 0 0 0 0 0 0 -0.02248494678103214 -0.030665495101711699 -0.043784886093306767 -0.045452693695945567 -0.037396717188116844 -0.028805485574264638 -0.045393522338979232 -0.026396118493934691 -0.0479008098381173 -0.032578863211559568 -0.065629719567430939 -0.034062023186156039 -0.035133160855450728 -0.061291249514166722 -0.03563407378829285 -0.066666216736789477 -0.029968676026830274 -0.078681027413594201 -0.070078495810409619 -0.047673474000356549 -0.07365146803322406 -0.084861471810171188 -0.085612687039829785 -0.047219789249396751 -0.040121820051916876 -0.061308104961534028 -0.11276864295064264 -0.071298745983045919 -0.068859709851886067 -0.068334583277928893 -0.087948697056314057 -0.12309073590134331 -0.12828003274201588 -0.057817531332155898 -0.088863300926739927 -0.061886031287585075 -0.09040888893715851 -0.073155370464975333 -0.074697047483918408 -0.14026990868417963 -0.099480766039345747 -0.10381464340475734 -0.14965864338998239 -0.13999710655873715 -0.11316322163058505 -0.10533589009871597 -0.092072026290492687 -0.29833657587640755 -0.21743619012801416 -0.24431518830318 -0.27927742254783772 1.5659837431030494
0 0 0 0 0 0 0 0 0 0 0 0 0 0 0 0 0 0 0 0 0 0 0 0 0 0 0 0 0 0 0 0 0 0 0 0 0 0 0 0 0 0 0 0 0 0 0 0 0 0 0 0 0 0 0 0 0 0 0 0 0 0 0 0 0 0 0 0 0 0 0 0 0 0 0 0 0 0 0 0 0 0 0 0 0 0 0 0 0 0 0 0 0 0 0 0 0 0 0 0 0 0 0 0 0 0 0 0 0 0 0 0 0 0 0 0 0 0 0 0 0 0 0 0 0 0 0 0 0 0 0 0 0 0 0 0 0 0 0 0 0 0 0 0 0 0 0 0 0 0 0 0 0 0 0 0 0 0 0 0 0 0 0 0 0 0 0 0 0 0 0 0 0 0 0 0 0 0 0 0 0 0 0 0 0 0 0 0 0 0 0 0 0 0 0 0 0 0 0 0 0 0 0 0 0 0 0 0 0 0 0 0 0 0 0 0 0 0 0 0 0 0 0 0 0 0 0 0 0 0 0 0 0 0 0 0 0 0 0 0 0 0 0 0 0 0 0 0 0 0 0 0 0 0 0 0 0 0 0 0 0 0 0 0 0 0 0 0 0 0 0 0 0 0 0 0 0 0 0 0 0 0 0 0 0 0 0 0 0 0 0 0 0 0 0 0 0 0 0 0 0 0 0 0 0 0 0 0 0 0 0 0 0 0 0 0 0 0 0 0 0 0 0 0 0 0 0 0 0 0 0 0 0 0 0 0 0 0 0 0 0 0 0 0 0 0 0 0 0 0 0 0 0 0 0 0 0 0 0 0 0 0 0 0 0 0 0 0 0 0 0 0 0 0 0 0 0 0 0 0 0 0 0 0 -0.016455523201642702 -0.023327386764398543 -0.024215948925150724 -0.019923945530130903 -0.0012791405064312023 -0.023945042185994601 -0.0015051674141056811 -0.025070368364516902 -0.017275045809131948 -0.03435511159603806 -0.018050089584646597 -0.018617705042559763 -0.032094615411857562 -0.019018843624586775 -0.034918185744097358 -0.0037902395523900251 -0.040930577322124954 -0.036455463097964082 -0.025159150763620641 -0.038325270498246605 -0.044158506936168025 -0.044549409217519494 -0.01115363059990458 -0.0088655079394742934 -0.03164063622108431 -0.057774977453440547 -0.036528624747501369 -0.035629053077876352 -0.035481607130049775 -0.045088386591445026 -0.063104546990519247 -0.065764927757051311 -0.018000982221623617 -0.045852257982178381 -0.019746851598252624 -0.046456762642057052 -0.024636512401937913 -0.025155702514100032 -0.069995699164296585 -0.050651005818872386 -0.052857615763622239 -0.0747920580603577 -0.070199929043333581 -0.043409943530993526 -0.039799190447316744 -0.03375788417527055 -0.14579979264141241 -0.10626303979079185 -0.11939905018051947 -0.1364854114091989 -0.19672665922120433 1.3256978888176147
0 0 0 0 0 0 0 0 0 0 0 0 0 0 0 0 0 0 0 0 0 0 0 0 0 0 0 0 0 0 0 0 0 0 0 0 0 0 0 0 0 0 0 0 0 0 0 0 0 0 0 0 0 0 0 0 0 0 0 0 0 0 0 0 0 0 0 0 0 0 0 0 0 0 0 0 0 0 0 0 0 0 0 0 0 0 0 0 0 0 0 0 0 0 0 0 0 0 0 0 0 0 0 0 0 0 0 0 0 0 0 0 0 0 0 0 0 0 0 0 0 0 0 0 0 0 0 0 0 0 0 0 0 0 0 0 0 0 0 0 0 0 0 0 0 0 0 0 0 0 0 0 0 0 0 0 0 0 0 0 0 0 0 0 0 0 0 0 0 0 0 0 0 0 0 0 0 0 0 0 0 0 0 0 0 0 0 0 0 0 0 0 0 0 0 0 0 0 0 0 0 0 0 0 0 0 0 0 0 0 0 0 0 0 0 0 0 0 0 0 0 0 0 0 0 0 0 0 0 0 0 0 0 0 0 0 0 0 0 0 0 0 0 0 0 0 0 0 0 0 0 0 0 0 0 0 0 0 0 0 0 0 0 0 0 0 0 0 0 0 0 0 0 0 0 0 0 0 0 0 0 0 0 0 0 0 0 0 0 0 0 0 0 0 0 0 0 0 0 0 0 0 0 0 0 0 0 0 0 0 0 0 0 0 0 0 0 0 0 0 0 0 0 0 0 0 0 0 0 0 0 0 0 0 0 0 0 0 0 0 0 0 0 0 0 0 0 0 0 0 0 0 0 0 0 0 0 0 0 0 0 0 0 0 0 0 0 0 0 0 0 0 0 0 0 0 0 0 0 0 0 0 0 -0.036576211197049666 -0.049883490329117743 -0.071224773471049885 -0.073937792261097521 -0.060833153810389957 -0.046857817110188313 -0.073841538350857328 -0.042938505223903613 -0.077920137157129338 -0.052995961831276216 -0.10675971382447774 -0.055408614749610799 -0.057151031931860621 -0.099702334570454104 -0.057965865847251163 -0.10844578138517828 -0.048749976343196777 -0.12799024627037667 -0.11399652790352519 -0.077550330472880499 -0.11980867359795525 -0.13804396095079141 -0.13926596103654024 -0.076812322532297986 -0.065266072369225311 -0.099729753287908368 -0.18344049203830393 -0.11598150605189571 -0.11201393158888627 -0.11115970939920168 -0.14306594315584173 -0.20023141689291873 -0.2086728341245063 -0.094051645195844039 -0.14455372716761011 -0.10066986471284761 -0.1470679316281901 -0.11900167282507063 -0.12150951528481019 -0.22817673773423233 -0.16182513323843101 -0.16887504157769279 -0.24344937087927507 -0.22773297114441352 -0.18408235226915035 -0.1713496500747857 -0.14977335333444092 -0.48530342158807283 -0.35370295022060949 -0.39742695471100109 -0.4542999407183389 -0.65481657489356548 -0.47518960618388528 1.5262101853037642
0 0 0 0 0 0 0 0 0 0 0 0 0 0 0 0 0 0 0 0 0 0 0 0 0 0 0 0 0 0 0 0 0 0 0 0 0 0 0 0 0 0 0 0 0 0 0 0 0 0 0 0 0 0 0 0 0 0 0 0 0 0 0 0 0 0 0 0 0 0 0 0 0 0 0 0 0 0 0 0 0 0 0 0 0 0 0 0 0 0 0 0 0 0 0 0 0 0 0 0 0 0 0 0 0 0 0 0 0 0 0 0 0 0 0 0 0 0 0 0 0 0 0 0 0 0 0 0 0 0 0 0 0 0 0 0 0 0 0 0 0 0 0 0 0 0 0 0 0 0 0 0 0 0 0 0 0 0 0 0 0 0 0 0 0 0 0 0 0 0 0 0 0 0 0 0 0 0 0 0 0 0 0 0 0 0 0 0 0 0 0 0 0 0 0 0 0 0 0 0 0 0 0 0 0 0 0 0 0 0 0 0 0 0 0 0 0 0 0 0 0 0 0 0 0 0 0 0 0 0 0 0 0 0 0 0 0 0 0 0 0 0 0 0 0 0 0 0 0 0 0 0 0 0 0 0 0 0 0 0 0 0 0 0 0 0 0 0 0 0 0 0 0 0 0 0 0 0 0 0 0 0 0 0 0 0 0 0 0 0 0 0 0 0 0 0 0 0 0 0 0 0 0 0 0 0 0 0 0 0 0 0 0 0 0 0 0 0 0 0 0 0 0 0 0 0 0 0 0 0 0 0 0 0 0 0 0 0 0 0 0 0 0 0 0 0 0 0 0 0 0 0 0 0 0 0 0 0 0 0 0 0 0 0 0 0 0 0 0 0 0 0 0 0 0 0 0 0 0 0 0 0 0 0 0 0 0 0 0 0 0 0 0 0 0 0 0 0 0 0 0 0 0 0 0 0 0 0 0 0 0 0 0 0 0 0 0 0 0 0 0 0 0 0 0 0 0 0 0 0 0 0 0 0 0 0 0 1.5465042340551896
0 0 0 0 0 0 0 0 0 0 0 0 0 0 0 0 0 0 0 0 0 0 0 0 0 0 0 0 0 0 0 0 0 0 0 0 0 0 0 0 0 0 0 0 0 0 0 0 0 0 0 0 0 0 0 0 0 0 0 0 0 0 0 0 0 0 0 0 0 0 0 0 0 0 0 0 0 0 0 0 0 0 0 0 0 0 0 0 0 0 0 0 0 0 0 0 0 0 0 0 0 0 0 0 0 0 0 0 0 0 0 0 0 0 0 0 0 0 0 0 0 0 0 0 0 0 0 0 0 0 0 0 0 0 0 0 0 0 0 0 0 0 0 0 0 0 0 0 0 0 0 0 0 0 0 0 0 0 0 0 0 0 0 0 0 0 0 0 0 0 0 0 0 0 0 0 0 0 0 0 0 0 0 0 0 0 0 0 0 0 0 0 0 0 0 0 0 0 0 0 0 0 0 0 0 0 0 0 0 0 0 0 0 0 0 0 0 0 0 0 0 0 0 0 0 0 0 0 0 0 0 0 0 0 0 0 0 0 0 0 0 0 0 0 0 0 0 0 0 0 0 0 0 0 0 0 0 0 0 0 0 0 0 0 0 0 0 0 0 0 0 0 0 0 0 0 0 0 0 0 0 0 0 0 0 0 0 0 0 0 0 0 0 0 0 0 0 0 0 0 0 0 0 0 0 0 0 0 0 0 0 0 0 0 0 0 0 0 0 0 0 0 0 0 0 0 0 0 0 0 0 0 0 0 0 0 0 0 0 0 0 0 0 0 0 0 0 0 0 0 0 0 0 0 0 0 0 0 0 0 0 0 0 0 0 0 0 0 0 0 0 0 0 0 0 0 0 0 0 0 0 0 0 0 0 0 0 0 0 0 0 0 0 0 0 0 0 0 0 0 0 0 0 0 0 0 0 0 0 0 0 0 0 0 0 0 0 0 0 0 0 0 0 0 0 0 0 0 0 0 0 0 0 0 0 0 0 -0.070778982289116124 1.6952779134458522
0 0 0 0 0 0 0 0 0 0 0 0 0 0 0 0 0 0 0 0 0 0 0 0 0 0 0 0 0 0 0 0 0 0 0 0 0 0 0 0 0 0 0 0 0 0 0 0 0 0 0 0 0 0 0 0 0 0 0 0 0 0 0 0 0 0 0 0 0 0 0 0 0 0 0 0 0 0 0 0 0 0 0 0 0 0 0 0 0 0 0 0 0 0 0 0 0 0 0 0 0 0 0 0 0 0 0 0 0 0 0 0 0 0 0 0 0 0 0 0 0 0 0 0 0 0 0 0 0 0 0 0 0 0 0 0 0 0 0 0 0 0 0 0 0 0 0 0 0 0 0 0 0 0 0 0 0 0 0 0 0 0 0 0 0 0 0 0 0 0 0 0 0 0 0 0 0 0 0 0 0 0 0 0 0 0 0 0 0 0 0 0 0 0 0 0 0 0 0 0 0 0 0 0 0 0 0 0 0 0 0 0 0 0 0 0 0 0 0 0 0 0 0 0 0 0 0 0 0 0 0 0 0 0 0 0 0 0 0 0 0 0 0 0 0 0 0 0 0 0 0 0 0 0 0 0 0 0 0 0 0 0 0 0 0 0 0 0 0 0 0 0 0 0 0 0 0 0 0 0 0 0 0 0 0 0 0 0 0 0 0 0 0 0 0 0 0 0 0 0 0 0 0 0 0 0 0 0 0 0 0 0 0 0 0 0 0 0 0 0 0 0 0 0 0 0 0 0 0 0 0 0 0 0 0 0 0 0 0 0 0 0 0 0 0 0 0 0 0 0 0 0 0 0 0 0 0 0 0 0 0 0 0 0 0 0 0 0 0 0 0 0 0 0 0 0 0 0 0 0 0 0 0 0 0 0 0 0 0 0 0 0 0 0 0 0 0 0 0 0 0 0 0 0 0 0 0 0 0 0 0 0 0 0 0 0 0 0 0 0 0 0 0 0 0 0 0 0 0 0 0 0 0 0 0 0 0 -0.048088672160527528 -0.058682455689781622 1.4765600704330875
0 0 0 0 0 0 0 0 0 0 0 0 0 0 0 0 0 0 0 0 0 0 0 0 0 0 0 0 0 0 0 0 0 0 0 0 0 0 0 0 0 0 0 0 0 0 0 0 0 0 0 0 0 0 0 0 0 0 0 0 0 0 0 0 0 0 0 0 0 0 0 0 0 0 0 0 0 0 0 0 0 0 0 0 0 0 0 0 0 0 0 0 0 0 0 0 0 0 0 0 0 0 0 0 0 0 0 0 0 0 0 0 0 0 0 0 0 0 0 0 0 0 0 0 0 0 0 0 0 0 0 0 0 0 0 0 0 0 0 0 0 0 0 0 0 0 0 0 0 0 0 0 0 0 0 0 0 0 0 0 0 0 0 0 0 0 0 0 0 0 0 0 0 0 0 0 0 0 0 0 0 0 0 0 0 0 0 0 0 0 0 0 0 0 0 0 0 0 0 0 0 0 0 0 0 0 0 0 0 0 0 0 0 0 0 0 0 0 0 0 0 0 0 0 0 0 0 0 0 0 0 0 0 0 0 0 0 0 0 0 0 0 0 0 0 0 0 0 0 0 0 0 0 0 0 0 0 0 0 0 0 0 0 0 0 0 0 0 0 0 0 0 0 0 0 0 0 0 0 0 0 0 0 0 0 0 0 0 0 0 0 0 0 0 0 0 0 0 0 0 0 0 0 0 0 0 0 0 0 0 0 0 0 0 0 0 0 0 0 0 0 0 0 0 0 0 0 0 0 0 0 0 0 0 0 0 0 0 0 0 0 0 0 0 0 0 0 0 0 0 0 0 0 0 0 0 0 0 0 0 0 0 0 0 0 0 0 0 0 0 0 0 0 0 0 0 0 0 0 0 0 0 0 0 0 0 0 0 0 0 0 0 0 0 0 0 0 0 0 0 0 0 0 0 0 0 0 0 0 0 0 0 0 0 0 0 0 0 0 0 0 0 0 0 0 0 0 0 0 0 0 0 0 0 0 0 0 -0.039212132479375078 -0.047850442179843404 -0.039227942005949659 1.381402159668258
0 0 0 0 0 0 0 0 0 0 0 0 0 0 0 0 0 0 0 0 0 0 0 0 0 0 0 0 0 0 0 0 0 0 0 0 0 0 0 0 0 0 0 0 0 0 0 0 0 0 0 0 0 0 0 0 0 0 0 0 0 0 0 0 0 0 0 0 0 0 0 0 0 0 0 0 0 0 0 0 0 0 0 0 0 0 0 0 0 0 0 0 0 0 0 0 0 0 0 0 0 0 0 0 0 0 0 0 0 0 0 0 0 0 0 0 0 0 0 0 0 0 0 0 0 0 0 0 0 0 0 0 0 0 0 0 0 0 0 0 0 0 0 0 0 0 0 0 0 0 0 0 0 0 0 0 0 0 0 0 0 0 0 0 0 0 0 0 0 0 0 0 0 0 0 0 0 0 0 0 0 0 0 0 0 0 0 0 0 0 0 0 0 0 0 0 0 0 0 0 0 0 0 0 0 0 0 0 0 0 0 0 0 0 0 0 0 0 0 0 0 0 0 0 0 0 0 0 0 0 0 0 0 0 0 0 0 0 0 0 0 0 0 0 0 0 0 0 0 0 0 0 0 0 0 0 0 0 0 0 0 0 0 0 0 0 0 0 0 0 0 0 0 0 0 0 0 0 0 0 0 0 0 0 0 0 0 0 0 0 0 0 0 0 0 0 0 0 0 0 0 0 0 0 0 0 0 0 0 0 0 0 0 0 0 0 0 0 0 0 0 0 0 0 0 0 0 0 0 0 0 0 0 0 0 0 0 0 0 0 0 0 0 0 0 0 0 0 0 0 0 0 0 0 0 0 0 0 0 0 0 0 0 0 0 0 0 0 0 0 0 0 0 0 0 0 0 0 0 0 0 0 0 0 0 0 0 0 0 0 0 0 0 0 0 0 0 0 0 0 0 0 0 0 0 0 0 0 0 0 0 0 0 0 0 0 0 0 0 0 0 0 0 0 0 0 0 0 0 0 0 0 0 0 0 0 0 -0.054334835361219011 -0.066304629037220952 -0.054356742051043086 -0.048919981786148037 1.537902818385031
0 0 0 0 0 0 0 0 0 0 0 0 0 0 0 0 0 0 0 0 0 0 0 0 0 0 0 0 0 0 0 0 0 0 0 0 0 0 0 0 0 0 0 0 0 0 0 0 0 0 0 0 0 0 0 0 0 0 0 0 0 0 0 0 0 0 0 0 0 0 0 0 0 0 0 0 0 0 0 0 0 0 0 0 0 0 0 0 0 0 0 0 0 0 0 0 0 0 0 0 0 0 0 0 0 0 0 0 0 0 0 0 0 0 0 0 0 0 0 0 0 0 0 0 0 0 0 0 0 0 0 0 0 0 0 0 0 0 0 0 0 0 0 0 0 0 0 0 0 0 0 0 0 0 0 0 0 0 0 0 0 0 0 0 0 0 0 0 0 0 0 0 0 0 0 0 0 0 0 0 0 0 0 0 0 0 0 0 0 0 0 0 0 0 0 0 0 0 0 0 0 0 0 0 0 0 0 0 0 0 0 0 0 0 0 0 0 0 0 0 0 0 0 0 0 0 0 0 0 0 0 0 0 0 0 0 0 0 0 0 0 0 0 0 0 0 0 0 0 0 0 0 0 0 0 0 0 0 0 0 0 0 0 0 0 0 0 0 0 0 0 0 0 0 0 0 0 0 0 0 0 0 0 0 0 0 0 0 0 0 0 0 0 0 0 0 0 0 0 0 0 0 0 0 0 0 0 0 0 0 0 0 0 0 0 0 0 0 0 0 0 0 0 0 0 0 0 0 0 0 0 0 0 0 0 0 0 0 0 0 0 0 0 0 0 0 0 0 0 0 0 0 0 0 0 0 0 0 0 0 0 0 0 0 0 0 0 0 0 0 0 0 0 0 0 0 0 0 0 0 0 0 0 0 0 0 0 0 0 0 0 0 0 0 0 0 0 0 0 0 0 0 0 0 0 0 0 0 0 0 0 0 0 0 0 0 0 0 0 0 0 0 0 0 0 0 0 0 0 0 0 0 0 0 0 0 0 -0.075148582643452116 -0.09170357951251594 -0.075178881008759385 -0.067659490817127008 -0.086364968756146313 1.7259426653353653
0 0 0 0 0 0 0 0 0 0 0 0 0 0 0 0 0 0 0 0 0 0 0 0 0 0 0 0 0 0 0 0 0 0 0 0 0 0 0 0 0 0 0 0 0 0 0 0 0 0 0 0 0 0 0 0 0 0 0 0 0 0 0 0 0 0 0 0 0 0 0 0 0 0 0 0 0 0 0 0 0 0 0 0 0 0 0 0 0 0 0 0 0 0 0 0 0 0 0 0 0 0 0 0 0 0 0 0 0 0 0 0 0 0 0 0 0 0 0 0 0 0 0 0 0 0 0 0 0 0 0 0 0 0 0 0 0 0 0 0 0 0 0 0 0 0 0 0 0 0 0 0 0 0 0 0 0 0 0 0 0 0 0 0 0 0 0 0 0 0 0 0 0 0 0 0 0 0 0 0 0 0 0 0 0 0 0 0 0 0 0 0 0 0 0 0 0 0 0 0 0 0 0 0 0 0 0 0 0 0 0 0 0 0 0 0 0 0 0 0 0 0 0 0 0 0 0 0 0 0 0 0 0 0 0 0 0 0 0 0 0 0 0 0 0 0 0 0 0 0 0 0 0 0 0 0 0 0 0 0 0 0 0 0 0 0 0 0 0 0 0 0 0 0 0 0 0 0 0 0 0 0 0 0 0 0 0 0 0 0 0 0 0 0 0 0 0 0 0 0 0 0 0 0 0 0 0 0 0 0 0 0 0 0 0 0 0 0 0 0 0 0 0 0 0 0 0 0 0 0 0 0 0 0 0 0 0 0 0 0 0 0 0 0 0 0 0 0 0 0 0 0 0 0 0 0 0 0 0 0 0 0 0 0 0 0 0 0 0 0 0 0 0 0 0 0 0 0 0 0 0 0 0 0 0 0 0 0 0 0 0 0 0 0 0 0 0 0 0 0 0 0 0 0 0 0 0 0 0 0 0 0 0 0 0 0 0 0 0 0 0 0 0 0 0 0 0 0 0 0 0 0 0 0 0 0 0 -0.04932956188685296 -0.060196709527731151 -0.049349450553198081 -0.044413519484884839 -0.056692301055443414 -0.072703353511414631 1.484977307067727
0 0 0 0 0 0 0 0 0 0 0 0 0 0 0 0 0 0 0 0 0 0 0 0 0 0 0 0 0 0 0 0 0 0 0 0 0 0 0 0 0 0 0 0 0 0 0 0 0 0 0 0 0 0 0 0 0 0 0 0 0 0 0 0 0 0 0 0 0 0 0 0 0 0 0 0 0 0 0 0 0 0 0 0 0 0 0 0 0 0 0 0 0 0 0 0 0 0 0 0 0 0 0 0 0 0 0 0 0 0 0 0 0 0 0 0 0 0 0 0 0 0 0 0 0 0 0 0 0 0 0 0 0 0 0 0 0 0 0 0 0 0 0 0 0 0 0 0 0 0 0 0 0 0 0 0 0 0 0 0 0 0 0 0 0 0 0 0 0 0 0 0 0 0 0 0 0 0 0 0 0 0 0 0 0 0 0 0 0 0 0 0 0 0 0 0 0 0 0 0 0 0 0 0 0 0 0 0 0 0 0 0 0 0 0 0 0 0 0 0 0 0 0 0 0 0 0 0 0 0 0 0 0 0 0 0 0 0 0 0 0 0 0 0 0 0 0 0 0 0 0 0 0 0 0 0 0 0 0 0 0 0 0 0 0 0 0 0 0 0 0 0 0 0 0 0 0 0 0 0 0 0 0 0 0 0 0 0 0 0 0 0 0 0 0 0 0 0 0 0 0 0 0 0 0 0 0 0 0 0 0 0 0 0 0 0 0 0 0 0 0 0 0 0 0 0 0 0 0 0 0 0 0 0 0 0 0 0 0 0 0 0 0 0 0 0 0 0 0 0 0 0 0 0 0 0 0 0 0 0 0 0 0 0 0 0 0 0 0 0 0 0 0 0 0 0 0 0 0 0 0 0 0 0 0 0 0 0 0 0 0 0 0 0 0 0 0 0 0 0 0 0 0 0 0 0 0 0 0 0 0 0 0 0 0 0 0 0 0 0 0 0 0 0 0 0 0 0 0 0 0 0 0 0 0 0 0 -0.1180218148082046 -0.14402165014643359 -0.11806939878029681 -0.10626009984943072 -0.13563729334477928 -0.17394400833603255 -0.14122581015265001 2.0316704669926922
0 0 0 0 0 0 0 0 0 0 0 0 0 0 0 0 0 0 0 0 0 0 0 0 0 0 0 0 0 0 0 0 0 0 0 0 0 0 0 0 0 0 0 0 0 0 0 0 0 0 0 0 0 0 0 0 0 0 0 0 0 0 0 0 0 0 0 0 0 0 0 0 0 0 0 0 0 0 0 0 0 0 0 0 0 0 0 0 0 0 0 0 0 0 0 0 0 0 0 0 0 0 0 0 0 0 0 0 0 0 0 0 0 0 0 0 0 0 0 0 0 0 0 0 0 0 0 0 0 0 0 0 0 0 0 0 0 0 0 0 0 0 0 0 0 0 0 0 0 0 0 0 0 0 0 0 0 0 0 0 0 0 0 0 0 0 0 0 0 0 0 0 0 0 0 0 0 0 0 0 0 0 0 0 0 0 0 0 0 0 0 0 0 0 0 0 0 0 0 0 0 0 0 0 0 0 0 0 0 0 0 0 0 0 0 0 0 0 0 0 0 0 0 0 0 0 0 0 0 0 0 0 0 0 0 0 0 0 0 0 0 0 0 0 0 0 0 0 0 0 0 0 0 0 0 0 0 0 0 0 0 0 0 0 0 0 0 0 0 0 0 0 0 0 0 0 0 0 0 0 0 0 0 0 0 0 0 0 0 0 0 0 0 0 0 0 0 0 0 0 0 0 0 0 0 0 0 0 0 0 0 0 0 0 0 0 0 0 0 0 0 0 0 0 0 0 0 0 0 0 0 0 0 0 0 0 0 0 0 0 0 0 0 0 0 0 0 0 0 0 0 0 0 0 0 0 0 0 0 0 0 0 0 0 0 0 0 0 0 0 0 0 0 0 0 0 0 0 0 0 0 0 0 0 0 0 0 0 0 0 0 0 0 0 0 0 0 0 0 0 0 0 0 0 0 0 0 0 0 0 0 0 0 0 0 0 0 0 0 0 0 0 0 0 0 0 0 0 0 0 0 0 0 0 0 0 0 -0.059986333661866516 -0.073201134673757162 -0.060010518919749026 -0.054008268004264781 -0.068939661271898753 -0.0884096159636613 -0.071780107628843209 -0.13051327683358613 1.5813567730701754
0 0 0 0 0 0 0 0 0 0 0 0 0 0 0 0 0 0 0 0 0 0 0 0 0 0 0 0 0 0 0 0 0 0 0 0 0 0 0 0 0 0 0 0 0 0 0 0 0 0 0 0 0 0 0 0 0 0 0 0 0 0 0 0 0 0 0 0 0 0 0 0 0 0 0 0 0 0 0 0 0 0 0 0 0 0 0 0 0 0 0 0 0 0 0 0 0 0 0 0 0 0 0 0 0 0 0 0 0 0 0 0 0 0 0 0 0 0 0 0 0 0 0 0 0 0 0 0 0 0 0 0 0 0 0 0 0 0 0 0 0 0 0 0 0 0 0 0 0 0 0 0 0 0 0 0 0 0 0 0 0 0 0 0 0 0 0 0 0 0 0 0 0 0 0 0 0 0 0 0 0 0 0 0 0 0 0 0 0 0 0 0 0 0 0 0 0 0 0 0 0 0 0 0 0 0 0 0 0 0 0 0 0 0 0 0 0 0 0 0 0 0 0 0 0 0 0 0 0 0 0 0 0 0 0 0 0 0 0 0 0 0 0 0 0 0 0 0 0 0 0 0 0 0 0 0 0 0 0 0 0 0 0 0 0 0 0 0 0 0 0 0 0 0 0 0 0 0 0 0 0 0 0 0 0 0 0 0 0 0 0 0 0 0 0 0 0 0 0 0 0 0 0 0 0 0 0 0 0 0 0 0 0 0 0 0 0 0 0 0 0 0 0 0 0 0 0 0 0 0 0 0 0 0 0 0 0 0 0 0 0 0 0 0 0 0 0 0 0 0 0 0 0 0 0 0 0 0 0 0 0 0 0 0 0 0 0 0 0 0 0 0 0 0 0 0 0 0 0 0 0 0 0 0 0 0 0 0 0 0 0 0 0 0 0 0 0 0 0 0 0 0 0 0 0 0 0 0 0 0 0 0 0 0 0 0 0 0 0 0 0 0 0 0 0 0 0 0 0 0 0 0 0 0 0 0 0 -0.053551548972042388 -0.065348787115201312 -0.0535731398568794 -0.048214755467946714 -0.061544445565357118 -0.078925841768642452 -0.064080194841913851 -0.11651300736685259 -0.085699144275951197 1.5186932123062897
0 0 0 0 0 0 0 0 0 0 0 0 0 0 0 0 0 0 0 0 0 0 0 0 0 0 0 0 0 0 0 0 0 0 0 0 0 0 0 0 0 0 0 0 0 0 0 0 0 0 0 0 0 0 0 0 0 0 0 0 0 0 0 0 0 0 0 0 0 0 0 0 0 0 0 0 0 0 0 0 0 0 0 0 0 0 0 0 0 0 0 0 0 0 0 0 0 0 0 0 0 0 0 0 0 0 0 0 0 0 0 0 0 0 0 0 0 0 0 0 0 0 0 0 0 0 0 0 0 0 0 0 0 0 0 0 0 0 0 0 0 0 0 0 0 0 0 0 0 0 0 0 0 0 0 0 0 0 0 0 0 0 0 0 0 0 0 0 0 0 0 0 0 0 0 0 0 0 0 0 0 0 0 0 0 0 0 0 0 0 0 0 0 0 0 0 0 0 0 0 0 0 0 0 0 0 0 0 0 0 0 0 0 0 0 0 0 0 0 0 0 0 0 0 0 0 0 0 0 0 0 0 0 0 0 0 0 0 0 0 0 0 0 0 0 0 0 0 0 0 0 0 0 0 0 0 0 0 0 0 0 0 0 0 0 0 0 0 0 0 0 0 0 0 0 0 0 0 0 0 0 0 0 0 0 0 0 0 0 0 0 0 0 0 0 0 0 0 0 0 0 0 0 0 0 0 0 0 0 0 0 0 0 0 0 0 0 0 0 0 0 0 0 0 0 0 0 0 0 0 0 0 0 0 0 0 0 0 0 0 0 0 0 0 0 0 0 0 0 0 0 0 0 0 0 0 0 0 0 0 0 0 0 0 0 0 0 0 0 0 0 0 0 0 0 0 0 0 0 0 0 0 0 0 0 0 0 0 0 0 0 0 0 0 0 0 0 0 0 0 0 0 0 0 0 0 0 0 0 0 0 0 0 0 0 0 0 0 0 0 0 0 0 0 0 0 0 0 0 0 0 0 0 0 0 0 0 -0.032904241932733995 -0.040152943145900198 -0.032917508247375583 -0.029625099723505171 -0.037815401521918694 -0.048495235752301129 -0.03937346864188454 -0.071590313563307389 -0.052657027309449371 -0.051919514550609232 1.3043738408559478
0 0 0 0 0 0 0 0 0 0 0 0 0 0 0 0 0 0 0 0 0 0 0 0 0 0 0 0 0 0 0 0 0 0 0 0 0 0 0 0 0 0 0 0 0 0 0 0 0 0 0 0 0 0 0 0 0 0 0 0 0 0 0 0 0 0 0 0 0 0 0 0 0 0 0 0 0 0 0 0 0 0 0 0 0 0 0 0 0 0 0 0 0 0 0 0 0 0 0 0 0 0 0 0 0 0 0 0 0 0 0 0 0 0 0 0 0 0 0 0 0 0 0 0 0 0 0 0 0 0 0 0 0 0 0 0 0 0 0 0 0 0 0 0 0 0 0 0 0 0 0 0 0 0 0 0 0 0 0 0 0 0 0 0 0 0 0 0 0 0 0 0 0 0 0 0 0 0 0 0 0 0 0 0 0 0 0 0 0 0 0 0 0 0 0 0 0 0 0 0 0 0 0 0 0 0 0 0 0 0 0 0 0 0 0 0 0 0 0 0 0 0 0 0 0 0 0 0 0 0 0 0 0 0 0 0 0 0 0 0 0 0 0 0 0 0 0 0 0 0 0 0 0 0 0 0 0 0 0 0 0 0 0 0 0 0 0 0 0 0 0 0 0 0 0 0 0 0 0 0 0 0 0 0 0 0 0 0 0 0 0 0 0 0 0 0 0 0 0 0 0 0 0 0 0 0 0 0 0 0 0 0 0 0 0 0 0 0 0 0 0 0 0 0 0 0 0 0 0 0 0 0 0 0 0 0 0 0 0 0 0 0 0 0 0 0 0 0 0 0 0 0 0 0 0 0 0 0 0 0 0 0 0 0 0 0 0 0 0 0 0 0 0 0 0 0 0 0 0 0 0 0 0 0 0 0 0 0 0 0 0 0 0 0 0 0 0 0 0 0 0 0 0 0 0 0 0 0 0 0 0 0 0 0 0 0 0 0 0 0 0 0 0 0 0 0 0 0 0 0 0 0 0 0 0 0 0 -0.055892805856239521 -0.068205815541909937 -0.055915340687773603 -0.050322689418058238 -0.064235149375610062 -0.082376454756109455 -0.066881760813285826 -0.12160691941669102 -0.089445883919479247 -0.088193107528805603 -0.066603640792721824 1.5368139937399228
0 0 0 0 0 0 0 0 0 0 0 0 0 0 0 0 0 0 0 0 0 0 0 0 0 0 0 0 0 0 0 0 0 0 0 0 0 0 0 0 0 0 0 0 0 0 0 0 0 0 0 0 0 0 0 0 0 0 0 0 0 0 0 0 0 0 0 0 0 0 0 0 0 0 0 0 0 0 0 0 0 0 0 0 0 0 0 0 0 0 0 0 0 0 0 0 0 0 0 0 0 0 0 0 0 0 0 0 0 0 0 0 0 0 0 0 0 0 0 0 0 0 0 0 0 0 0 0 0 0 0 0 0 0 0 0 0 0 0 0 0 0 0 0 0 0 0 0 0 0 0 0 0 0 0 0 0 0 0 0 0 0 0 0 0 0 0 0 0 0 0 0 0 0 0 0 0 0 0 0 0 0 0 0 0 0 0 0 0 0 0 0 0 0 0 0 0 0 0 0 0 0 0 0 0 0 0 0 0 0 0 0 0 0 0 0 0 0 0 0 0 0 0 0 0 0 0 0 0 0 0 0 0 0 0 0 0 0 0 0 0 0 0 0 0 0 0 0 0 0 0 0 0 0 0 0 0 0 0 0 0 0 0 0 0 0 0 0 0 0 0 0 0 0 0 0 0 0 0 0 0 0 0 0 0 0 0 0 0 0 0 0 0 0 0 0 0 0 0 0 0 0 0 0 0 0 0 0 0 0 0 0 0 0 0 0 0 0 0 0 0 0 0 0 0 0 0 0 0 0 0 0 0 0 0 0 0 0 0 0 0 0 0 0 0 0 0 0 0 0 0 0 0 0 0 0 0 0 0 0 0 0 0 0 0 0 0 0 0 0 0 0 0 0 0 0 0 0 0 0 0 0 0 0 0 0 0 0 0 0 0 0 0 0 0 0 0 0 0 0 0 0 0 0 0 0 0 0 0 0 0 0 0 0 0 0 0 0 0 0 0 0 0 0 0 0 0 0 0 0 0 0 0 0 0 0 0 -0.033098803353072338 -0.040390365836421367 -0.033112148110883394 -0.029800271711714316 -0.038039002425589913 -0.048781986073639733 -0.0396062823319333 -0.072013624123623984 -0.052968386131970635 -0.052226512490719953 -0.039441584215097157 -0.058573577998178326 1.3046175337160637
0 0 0 0 0 0 0 0 0 0 0 0 0 0 0 0 0 0 0 0 0 0 0 0 0 0 0 0 0 0 0 0 0 0 0 0 0 0 0 0 0 0 0 0 0 0 0 0 0 0 0 0 0 0 0 0 0 0 0 0 0 0 0 0 0 0 0 0 0 0 0 0 0 0 0 0 0 0 0 0 0 0 0 0 0 0 0 0 0 0 0 0 0 0 0 0 0 0 0 0 0 0 0 0 0 0 0 0 0 0 0 0 0 0 0 0 0 0 0 0 0 0 0 0 0 0 0 0 0 0 0 0 0 0 0 0 0 0 0 0 0 0 0 0 0 0 0 0 0 0 0 0 0 0 0 0 0 0 0 0 0 0 0 0 0 0 0 0 0 0 0 0 0 0 0 0 0 0 0 0 0 0 0 0 0 0 0 0 0 0 0 0 0 0 0 0 0 0 0 0 0 0 0 0 0 0 0 0 0 0 0 0 0 0 0 0 0 0 0 0 0 0 0 0 0 0 0 0 0 0 0 0 0 0 0 0 0 0 0 0 0 0 0 0 0 0 0 0 0 0 0 0 0 0 0 0 0 0 0 0 0 0 0 0 0 0 0 0 0 0 0 0 0 0 0 0 0 0 0 0 0 0 0 0 0 0 0 0 0 0 0 0 0 0 0 0 0 0 0 0 0 0 0 0 0 0 0 0 0 0 0 0 0 0 0 0 0 0 0 0 0 0 0 0 0 0 0 0 0 0 0 0 0 0 0 0 0 0 0 0 0 0 0 0 0 0 0 0 0 0 0 0 0 0 0 0 0 0 0 0 0 0 0 0 0 0 0 0 0 0 0 0 0 0 0 0 0 0 0 0 0 0 0 0 0 0 0 0 0 0 0 0 0 0 0 0 0 0 0 0 0 0 0 0 0 0 0 0 0 0 0 0 0 0 0 0 0 0 0 0 0 0 0 0 0 0 0 0 0 0 0 0 0 0 0 0 0 -0.03230443330229292 -0.039420998556939736 -0.032317457786412394 -0.029085066297779689 -0.037126067780609562 -0.047611220220231766 -0.038655733027428731 -0.070285299820124172 -0.051697146832697202 -0.050973078131274267 -0.038494987659277759 -0.057167814302361245 -0.042445836287423599 1.2951916500345877
0 0 0 0 0 0 0 0 0 0 0 0 0 0 0 0 0 0 0 0 0 0 0 0 0 0 0 0 0 0 0 0 0 0 0 0 0 0 0 0 0 0 0 0 0 0 0 0 0 0 0 0 0 0 0 0 0 0 0 0 0 0 0 0 0 0 0 0 0 0 0 0 0 0 0 0 0 0 0 0 0 0 0 0 0 0 0 0 0 0 0 0 0 0 0 0 0 0 0 0 0 0 0 0 0 0 0 0 0 0 0 0 0 0 0 0 0 0 0 0 0 0 0 0 0 0 0 0 0 0 0 0 0 0 0 0 0 0 0 0 0 0 0 0 0 0 0 0 0 0 0 0 0 0 0 0 0 0 0 0 0 0 0 0 0 0 0 0 0 0 0 0 0 0 0 0 0 0 0 0 0 0 0 0 0 0 0 0 0 0 0 0 0 0 0 0 0 0 0 0 0 0 0 0 0 0 0 0 0 0 0 0 0 0 0 0 0 0 0 0 0 0 0 0 0 0 0 0 0 0 0 0 0 0 0 0 0 0 0 0 0 0 0 0 0 0 0 0 0 0 0 0 0 0 0 0 0 0 0 0 0 0 0 0 0 0 0 0 0 0 0 0 0 0 0 0 0 0 0 0 0 0 0 0 0 0 0 0 0 0 0 0 0 0 0 0 0 0 0 0 0 0 0 0 0 0 0 0 0 0 0 0 0 0 0 0 0 0 0 0 0 0 0 0 0 0 0 0 0 0 0 0 0 0 0 0 0 0 0 0 0 0 0 0 0 0 0 0 0 0 0 0 0 0 0 0 0 0 0 0 0 0 0 0 0 0 0 0 0 0 0 0 0 0 0 0 0 0 0 0 0 0 0 0 0 0 0 0 0 0 0 0 0 0 0 0 0 0 0 0 0 0 0 0 0 0 0 0 0 0 0 0 0 0 0 0 0 0 0 0 0 0 0 0 0 0 0 0 0 0 0 0 0 0 0 0 0 -0.084974755889154319 -0.10369442788042631 -0.085009015965728518 -0.076506415870117611 -0.097657758526833102 -0.12523828472520485 -0.10168144560792906 -0.1848810080933114 -0.13598605464354035 -0.13408143800548802 -0.10125861514713359 -0.15037629725932458 -0.11165107102432331 -0.11342351282782841 1.7630414077443017
0 0 0 0 0 0 0 0 0 0 0 0 0 0 0 0 0 0 0 0 0 0 0 0 0 0 0 0 0 0 0 0 0 0 0 0 0 0 0 0 0 0 0 0 0 0 0 0 0 0 0 0 0 0 0 0 0 0 0 0 0 0 0 0 0 0 0 0 0 0 0 0 0 0 0 0 0 0 0 0 0 0 0 0 0 0 0 0 0 0 0 0 0 0 0 0 0 0 0 0 0 0 0 0 0 0 0 0 0 0 0 0 0 0 0 0 0 0 0 0 0 0 0 0 0 0 0 0 0 0 0 0 0 0 0 0 0 0 0 0 0 0 0 0 0 0 0 0 0 0 0 0 0 0 0 0 0 0 0 0 0 0 0 0 0 0 0 0 0 0 0 0 0 0 0 0 0 0 0 0 0 0 0 0 0 0 0 0 0 0 0 0 0 0 0 0 0 0 0 0 0 0 0 0 0 0 0 0 0 0 0 0 0 0 0 0 0 0 0 0 0 0 0 0 0 0 0 0 0 0 0 0 0 0 0 0 0 0 0 0 0 0 0 0 0 0 0 0 0 0 0 0 0 0 0 0 0 0 0 0 0 0 0 0 0 0 0 0 0 0 0 0 0 0 0 0 0 0 0 0 0 0 0 0 0 0 0 0 0 0 0 0 0 0 0 0 0 0 0 0 0 0 0 0 0 0 0 0 0 0 0 0 0 0 0 0 0 0 0 0 0 0 0 0 0 0 0 0 0 0 0 0 0 0 0 0 0 0 0 0 0 0 0 0 0 0 0 0 0 0 0 0 0 0 0 0 0 0 0 0 0 0 0 0 0 0 0 0 0 0 0 0 0 0 0 0 0 0 0 0 0 0 0 0 0 0 0 0 0 0 0 0 0 0 0 0 0 0 0 0 0 0 0 0 0 0 0 0 0 0 0 0 0 0 0 0 0 0 0 0 0 0 0 0 0 0 0 0 0 0 0 0 0 0 0 0 0 -0.093945249993128754 -0.11464109367761631 -0.093983126788712817 -0.084582936306074025 -0.10796715380435612 -0.13845926174318982 -0.1124156077572081 -0.20439826325555499 -0.15034163694134522 -0.14823595644446641 -0.11194814053204848 -0.1662510082111516 -0.12343769240200232 -0.12539724481949596 -0.25038622233007424 1.8072090734793818
0 0 0 0 0 0 0 0 0 0 0 0 0 0 0 0 0 0 0 0 0 0 0 0 0 0 0 0 0 0 0 0 0 0 0 0 0 0 0 0 0 0 0 0 0 0 0 0 0 0 0 0 0 0 0 0 0 0 0 0 0 0 0 0 0 0 0 0 0 0 0 0 0 0 0 0 0 0 0 0 0 0 0 0 0 0 0 0 0 0 0 0 0 0 0 0 0 0 0 0 0 0 0 0 0 0 0 0 0 0 0 0 0 0 0 0 0 0 0 0 0 0 0 0 0 0 0 0 0 0 0 0 0 0 0 0 0 0 0 0 0 0 0 0 0 0 0 0 0 0 0 0 0 0 0 0 0 0 0 0 0 0 0 0 0 0 0 0 0 0 0 0 0 0 0 0 0 0 0 0 0 0 0 0 0 0 0 0 0 0 0 0 0 0 0 0 0 0 0 0 0 0 0 0 0 0 0 0 0 0 0 0 0 0 0 0 0 0 0 0 0 0 0 0 0 0 0 0 0 0 0 0 0 0 0 0 0 0 0 0 0 0 0 0 0 0 0 0 0 0 0 0 0 0 0 0 0 0 0 0 0 0 0 0 0 0 0 0 0 0 0 0 0 0 0 0 0 0 0 0 0 0 0 0 0 0 0 0 0 0 0 0 0 0 0 0 0 0 0 0 0 0 0 0 0 0 0 0 0 0 0 0 0 0 0 0 0 0 0 0 0 0 0 0 0 0 0 0 0 0 0 0 0 0 0 0 0 0 0 0 0 0 0 0 0 0 0 0 0 0 0 0 0 0 0 0 0 0 0 0 0 0 0 0 0 0 0 0 0 0 0 0 0 0 0 0 0 0 0 0 0 0 0 0 0 0 0 0 0 0 0 0 0 0 0 0 0 0 0 0 0 0 0 0 0 0 0 0 0 0 0 0 0 0 0 0 0 0 0 0 0 0 0 0 0 0 0 0 0 0 0 0 0 0 0 0 0 -0.052221079065592556 -0.063725218864632782 -0.052242133532285184 -0.047016876369614061 -0.060015394878576926 -0.076964956241890925 -0.062488144332205328 -0.11361828157484043 -0.083569978366535735 -0.082399499734327655 -0.062228294654574919 -0.09241347535041923 -0.068614959192409355 -0.069704210024511923 -0.13918147766055444 -0.16939713825066421 1.4802265248085478
0 0 0 0 0 0 0 0 0 0 0 0 0 0 0 0 0 0 0 0 0 0 0 0 0 0 0 0 0 0 0 0 0 0 0 0 0 0 0 0 0 0 0 0 0 0 0 0 0 0 0 0 0 0 0 0 0 0 0 0 0 0 0 0 0 0 0 0 0 0 0 0 0 0 0 0 0 0 0 0 0 0 0 0 0 0 0 0 0 0 0 0 0 0 0 0 0 0 0 0 0 0 0 0 0 0 0 0 0 0 0 0 0 0 0 0 0 0 0 0 0 0 0 0 0 0 0 0 0 0 0 0 0 0 0 0 0 0 0 0 0 0 0 0 0 0 0 0 0 0 0 0 0 0 0 0 0 0 0 0 0 0 0 0 0 0 0 0 0 0 0 0 0 0 0 0 0 0 0 0 0 0 0 0 0 0 0 0 0 0 0 0 0 0 0 0 0 0 0 0 0 0 0 0 0 0 0 0 0 0 0 0 0 0 0 0 0 0 0 0 0 0 0 0 0 0 0 0 0 0 0 0 0 0 0 0 0 0 0 0 0 0 0 0 0 0 0 0 0 0 0 0 0 0 0 0 0 0 0 0 0 0 0 0 0 0 0 0 0 0 0 0 0 0 0 0 0 0 0 0 0 0 0 0 0 0 0 0 0 0 0 0 0 0 0 0 0 0 0 0 0 0 0 0 0 0 0 0 0 0 0 0 0 0 0 0 0 0 0 0 0 0 0 0 0 0 0 0 0 0 0 0 0 0 0 0 0 0 0 0 0 0 0 0 0 0 0 0 0 0 0 0 0 0 0 0 0 0 0 0 0 0 0 0 0 0 0 0 0 0 0 0 0 0 0 0 0 0 0 0 0 0 0 0 0 0 0 0 0 0 0 0 0 0 0 0 0 0 0 0 0 0 0 0 0 0 0 0 0 0 0 0 0 0 0 0 0 0 0 0 0 0 0 0 0 0 0 0 0 0 0 0 0 0 0 0 0 -0.039482988235022658 -0.048180966608258255 -0.039498906965075263 -0.035548227071625298 -0.04537606599309725 -0.058191184789397186 -0.04724564700009147 -0.085903802735830911 -0.06318506878233128 -0.062300100587652937 -0.04704918147413259 -0.069871404905959569 -0.051877971022728883 -0.052701525008177673 -0.10523146482864355 -0.12807673330910238 -0.10157745402139336 1.3571753188724349
0 0 0 0 0 0 0 0 0 0 0 0 0 0 0 0 0 0 0 0 0 0 0 0 0 0 0 0 0 0 0 0 0 0 0 0 0 0 0 0 0 0 0 0 0 0 0 0 0 0 0 0 0 0 0 0 0 0 0 0 0 0 0 0 0 0 0 0 0 0 0 0 0 0 0 0 0 0 0 0 0 0 0 0 0 0 0 0 0 0 0 0 0 0 0 0 0 0 0 0 0 0 0 0 0 0 0 0 0 0 0 0 0 0 0 0 0 0 0 0 0 0 0 0 0 0 0 0 0 0 0 0 0 0 0 0 0 0 0 0 0 0 0 0 0 0 0 0 0 0 0 0 0 0 0 0 0 0 0 0 0 0 0 0 0 0 0 0 0 0 0 0 0 0 0 0 0 0 0 0 0 0 0 0 0 0 0 0 0 0 0 0 0 0 0 0 0 0 0 0 0 0 0 0 0 0 0 0 0 0 0 0 0 0 0 0 0 0 0 0 0 0 0 0 0 0 0 0 0 0 0 0 0 0 0 0 0 0 0 0 0 0 0 0 0 0 0 0 0 0 0 0 0 0 0 0 0 0 0 0 0 0 0 0 0 0 0 0 0 0 0 0 0 0 0 0 0 0 0 0 0 0 0 0 0 0 0 0 0 0 0 0 0 0 0 0 0 0 0 0 0 0 0 0 0 0 0 0 0 0 0 0 0 0 0 0 0 0 0 0 0 0 0 0 0 0 0 0 0 0 0 0 0 0 0 0 0 0 0 0 0 0 0 0 0 0 0 0 0 0 0 0 0 0 0 0 0 0 0 0 0 0 0 0 0 0 0 0 0 0 0 0 0 0 0 0 0 0 0 0 0 0 0 0 0 0 0 0 0 0 0 0 0 0 0 0 0 0 0 0 0 0 0 0 0 0 0 0 0 0 0 0 0 0 0 0 0 0 0 0 0 0 0 0 0 0 0 0 0 0 0 0 0 0 0 0 0 -0.038660144345909635 -0.047176852793235795 -0.038675731322203866 -0.034807385440273328 -0.044430407615059689 -0.056978453358858573 -0.046261025681922856 -0.084113527422524467 -0.061868262480304657 -0.061001737435539931 -0.046068654589153574 -0.068415252240705868 -0.050796809911479418 -0.051603200647777618 -0.10303839202317988 -0.12540755445380342 -0.099460532505331531 -0.089461722829118642 1.3461325894156808
0 0 0 0 0 0 0 0 0 0 0 0 0 0 0 0 0 0 0 0 0 0 0 0 0 0 0 0 0 0 0 0 0 0 0 0 0 0 0 0 0 0 0 0 0 0 0 0 0 0 0 0 0 0 0 0 0 0 0 0 0 0 0 0 0 0 0 0 0 0 0 0 0 0 0 0 0 0 0 0 0 0 0 0 0 0 0 0 0 0 0 0 0 0 0 0 0 0 0 0 0 0 0 0 0 0 0 0 0 0 0 0 0 0 0 0 0 0 0 0 0 0 0 0 0 0 0 0 0 0 0 0 0 0 0 0 0 0 0 0 0 0 0 0 0 0 0 0 0 0 0 0 0 0 0 0 0 0 0 0 0 0 0 0 0 0 0 0 0 0 0 0 0 0 0 0 0 0 0 0 0 0 0 0 0 0 0 0 0 0 0 0 0 0 0 0 0 0 0 0 0 0 0 0 0 0 0 0 0 0 0 0 0 0 0 0 0 0 0 0 0 0 0 0 0 0 0 0 0 0 0 0 0 0 0 0 0 0 0 0 0 0 0 0 0 0 0 0 0 0 0 0 0 0 0 0 0 0 0 0 0 0 0 0 0 0 0 0 0 0 0 0 0 0 0 0 0 0 0 0 0 0 0 0 0 0 0 0 0 0 0 0 0 0 0 0 0 0 0 0 0 0 0 0 0 0 0 0 0 0 0 0 0 0 0 0 0 0 0 0 0 0 0 0 0 0 0 0 0 0 0 0 0 0 0 0 0 0 0 0 0 0 0 0 0 0 0 0 0 0 0 0 0 0 0 0 0 0 0 0 0 0 0 0 0 0 0 0 0 0 0 0 0 0 0 0 0 0 0 0 0 0 0 0 0 0 0 0 0 0 0 0 0 0 0 0 0 0 0 0 0 0 0 0 0 0 0 0 0 0 0 0 0 0 0 0 0 0 0 0 0 0 0 0 0 0 0 0 0 0 0 0 0 0 0 0 0 -0.072221029435538653 -0.088131095522328284 -0.072250147471510956 -0.065023689150350714 -0.083000460305827167 -0.10644146903339138 -0.086420238569177577 -0.1571325105658031 -0.11557612319645809 -0.11395736745140386 -0.086060870062192332 -0.12780655710196773 -0.094893538705490388 -0.096399957527459876 -0.19248605687329717 -0.23427389718490058 -0.18580225623244184 -0.16712347631157656 -0.17608968461593874 1.6111850498070952
0 0 0 0 0 0 0 0 0 0 0 0 0 0 0 0 0 0 0 0 0 0 0 0 0 0 0 0 0 0 0 0 0 0 0 0 0 0 0 0 0 0 0 0 0 0 0 0 0 0 0 0 0 0 0 0 0 0 0 0 0 0 0 0 0 0 0 0 0 0 0 0 0 0 0 0 0 0 0 0 0 0 0 0 0 0 0 0 0 0 0 0 0 0 0 0 0 0 0 0 0 0 0 0 0 0 0 0 0 0 0 0 0 0 0 0 0 0 0 0 0 0 0 0 0 0 0 0 0 0 0 0 0 0 0 0 0 0 0 0 0 0 0 0 0 0 0 0 0 0 0 0 0 0 0 0 0 0 0 0 0 0 0 0 0 0 0 0 0 0 0 0 0 0 0 0 0 0 0 0 0 0 0 0 0 0 0 0 0 0 0 0 0 0 0 0 0 0 0 0 0 0 0 0 0 0 0 0 0 0 0 0 0 0 0 0 0 0 0 0 0 0 0 0 0 0 0 0 0 0 0 0 0 0 0 0 0 0 0 0 0 0 0 0 0 0 0 0 0 0 0 0 0 0 0 0 0 0 0 0 0 0 0 0 0 0 0 0 0 0 0 0 0 0 0 0 0 0 0 0 0 0 0 0 0 0 0 0 0 0 0 0 0 0 0 0 0 0 0 0 0 0 0 0 0 0 0 0 0 0 0 0 0 0 0 0 0 0 0 0 0 0 0 0 0 0 0 0 0 0 0 0 0 0 0 0 0 0 0 0 0 0 0 0 0 0 0 0 0 0 0 0 0 0 0 0 0 0 0 0 0 0 0 0 0 0 0 0 0 0 0 0 0 0 0 0 0 0 0 0 0 0 0 0 0 0 0 0 0 0 0 0 0 0 0 0 0 0 0 0 0 0 0 0 0 0 0 0 0 0 0 0 0 0 0 0 0 0 0 0 0 0 0 0 0 0 0 0 0 0 0 0 0 0 0 0 0 -0.030460052427466397 -0.037170306364799628 -0.03047233329509242 -0.027424491121589376 -0.035006401766619746 -0.044892917652295791 -0.036448732705490573 -0.066272449275536924 -0.048745563438273104 -0.048062834526112867 -0.036297164891391058 -0.053903890048737919 -0.040022444800194394 -0.04065779431893618 -0.081183215328578681 -0.098807719114669165 -0.078364245292753876 -0.070486254351369099 -0.074267856152963399 -0.12403291672727144 1.2550480252720262
0 0 0 0 0 0 0 0 0 0 0 0 0 0 0 0 0 0 0 0 0 0 0 0 0 0 0 0 0 0 0 0 0 0 0 0 0 0 0 0 0 0 0 0 0 0 0 0 0 0 0 0 0 0 0 0 0 0 0 0 0 0 0 0 0 0 0 0 0 0 0 0 0 0 0 0 0 0 0 0 0 0 0 0 0 0 0 0 0 0 0 0 0 0 0 0 0 0 0 0 0 0 0 0 0 0 0 0 0 0 0 0 0 0 0 0 0 0 0 0 0 0 0 0 0 0 0 0 0 0 0 0 0 0 0 0 0 0 0 0 0 0 0 0 0 0 0 0 0 0 0 0 0 0 0 0 0 0 0 0 0 0 0 0 0 0 0 0 0 0 0 0 0 0 0 0 0 0 0 0 0 0 0 0 0 0 0 0 0 0 0 0 0 0 0 0 0 0 0 0 0 0 0 0 0 0 0 0 0 0 0 0 0 0 0 0 0 0 0 0 0 0 0 0 0 0 0 0 0 0 0 0 0 0 0 0 0 0 0 0 0 0 0 0 0 0 0 0 0 0 0 0 0 0 0 0 0 0 0 0 0 0 0 0 0 0 0 0 0 0 0 0 0 0 0 0 0 0 0 0 0 0 0 0 0 0 0 0 0 0 0 0 0 0 0 0 0 0 0 0 0 0 0 0 0 0 0 0 0 0 0 0 0 0 0 0 0 0 0 0 0 0 0 0 0 0 0 0 0 0 0 0 0 0 0 0 0 0 0 0 0 0 0 0 0 0 0 0 0 0 0 0 0 0 0 0 0 0 0 0 0 0 0 0 0 0 0 0 0 0 0 0 0 0 0 0 0 0 0 0 0 0 0 0 0 0 0 0 0 0 0 0 0 0 0 0 0 0 0 0 0 0 0 0 0 0 0 0 0 0 0 0 0 0 0 0 0 0 0 0 0 0 0 0 0 0 0 0 0 0 0 0 0 0 0 0 0 -0.062721281700715725 -0.07653858318071266 -0.062746569633483865 -0.056470658979724385 -0.072082817052302281 -0.092440462508779631 -0.075052767459905731 -0.13646374936174407 -0.10037357037885934 -0.098967741136548798 -0.074740669258908418 -0.11099524797477572 -0.082411513921125015 -0.083719782718045838 -0.16716699126237158 -0.20345817852920431 -0.16136235864908707 -0.14514053203710411 -0.15292735093515128 -0.25540020092669791 -0.16352492419008965 1.5152911970801912
0 0 0 0 0 0 0 0 0 0 0 0 0 0 0 0 0 0 0 0 0 0 0 0 0 0 0 0 0 0 0 0 0 0 0 0 0 0 0 0 0 0 0 0 0 0 0 0 0 0 0 0 0 0 0 0 0 0 0 0 0 0 0 0 0 0 0 0 0 0 0 0 0 0 0 0 0 0 0 0 0 0 0 0 0 0 0 0 0 0 0 0 0 0 0 0 0 0 0 0 0 0 0 0 0 0 0 0 0 0 0 0 0 0 0 0 0 0 0 0 0 0 0 0 0 0 0 0 0 0 0 0 0 0 0 0 0 0 0 0 0 0 0 0 0 0 0 0 0 0 0 0 0 0 0 0 0 0 0 0 0 0 0 0 0 0 0 0 0 0 0 0 0 0 0 0 0 0 0 0 0 0 0 0 0 0 0 0 0 0 0 0 0 0 0 0 0 0 0 0 0 0 0 0 0 0 0 0 0 0 0 0 0 0 0 0 0 0 0 0 0 0 0 0 0 0 0 0 0 0 0 0 0 0 0 0 0 0 0 0 0 0 0 0 0 0 0 0 0 0 0 0 0 0 0 0 0 0 0 0 0 0 0 0 0 0 0 0 0 0 0 0 0 0 0 0 0 0 0 0 0 0 0 0 0 0 0 0 0 0 0 0 0 0 0 0 0 0 0 0 0 0 0 0 0 0 0 0 0 0 0 0 0 0 0 0 0 0 0 0 0 0 0 0 0 0 0 0 0 0 0 0 0 0 0 0 0 0 0 0 0 0 0 0 0 0 0 0 0 0 0 0 0 0 0 0 0 0 0 0 0 0 0 0 0 0 0 0 0 0 0 0 0 0 0 0 0 0 0 0 0 0 0 0 0 0 0 0 0 0 0 0 0 0 0 0 0 0 0 0 0 0 0 0 0 0 0 0 0 0 0 0 0 0 0 0 0 0 0 0 0 0 0 0 0 0 0 0 0 0 0 0 0 0 0 0 0 -0.049094886789957923 -0.059910336243622457 -0.049114680840122965 -0.044202231433868186 -0.056422599263363314 -0.072357482478360699 -0.05874731864216718 -0.1068165723687933 -0.078567097814866649 -0.077466689378914308 -0.05850302475291895 -0.086881182682889996 -0.06450735438495471 -0.065531397687866436 -0.13084943879503552 -0.15925625195360568 -0.12630588079878199 -0.11360829682972698 -0.11970340493159455 -0.19991370728773777 -0.12799862220221911 -0.23211320448384445 1.3984868220112647
0 0 0 0 0 0 0 0 0 0 0 0 0 0 0 0 0 0 0 0 0 0 0 0 0 0 0 0 0 0 0 0 0 0 0 0 0 0 0 0 0 0 0 0 0 0 0 0 0 0 0 0 0 0 0 0 0 0 0 0 0 0 0 0 0 0 0 0 0 0 0 0 0 0 0 0 0 0 0 0 0 0 0 0 0 0 0 0 0 0 0 0 0 0 0 0 0 0 0 0 0 0 0 0 0 0 0 0 0 0 0 0 0 0 0 0 0 0 0 0 0 0 0 0 0 0 0 0 0 0 0 0 0 0 0 0 0 0 0 0 0 0 0 0 0 0 0 0 0 0 0 0 0 0 0 0 0 0 0 0 0 0 0 0 0 0 0 0 0 0 0 0 0 0 0 0 0 0 0 0 0 0 0 0 0 0 0 0 0 0 0 0 0 0 0 0 0 0 0 0 0 0 0 0 0 0 0 0 0 0 0 0 0 0 0 0 0 0 0 0 0 0 0 0 0 0 0 0 0 0 0 0 0 0 0 0 0 0 0 0 0 0 0 0 0 0 0 0 0 0 0 0 0 0 0 0 0 0 0 0 0 0 0 0 0 0 0 0 0 0 0 0 0 0 0 0 0 0 0 0 0 0 0 0 0 0 0 0 0 0 0 0 0 0 0 0 0 0 0 0 0 0 0 0 0 0 0 0 0 0 0 0 0 0 0 0 0 0 0 0 0 0 0 0 0 0 0 0 0 0 0 0 0 0 0 0 0 0 0 0 0 0 0 0 0 0 0 0 0 0 0 0 0 0 0 0 0 0 0 0 0 0 0 0 0 0 0 0 0 0 0 0 0 0 0 0 0 0 0 0 0 0 0 0 0 0 0 0 0 0 0 0 0 0 0 0 0 0 0 0 0 0 0 0 0 0 0 0 0 0 0 0 0 0 0 0 0 0 0 0 0 0 0 0 0 0 0 0 0 0 0 0 0 0 0 0 0 -0.1069642329568746 -0.13052811772239978 -0.10700735873903773 -0.096304484834316306 -0.12292929969385896 -0.15764702025082367 -0.12799422277347744 -0.23272388384135281 -0.17117606135582275 -0.16877857453006564 -0.12746197369036472 -0.18929016180076744 -0.14054375380035192 -0.14277486203936729 -0.28508487886790262 -0.34697549882707263 -0.27518571771811462 -0.24752118036076923 -0.26080074174757434 -0.43555689310545614 -0.27887373489570161 -0.50571072671981676 -0.51284021970773153 1.5623593504641275
0 0 0 0 0 0 0 0 0 0 0 0 0 0 0 0 0 0 0 0 0 0 0 0 0 0 0 0 0 0 0 0 0 0 0 0 0 0 0 0 0 0 0 0 0 0 0 0 0 0 0 0 0 0 0 0 0 0 0 0 0 0 0 0 0 0 0 0 0 0 0 0 0 0 0 0 0 0 0 0 0 0 0 0 0 0 0 0 0 0 0 0 0 0 0 0 0 0 0 0 0 0 0 0 0 0 0 0 0 0 0 0 0 0 0 0 0 0 0 0 0 0 0 0 0 0 0 0 0 0 0 0 0 0 0 0 0 0 0 0 0 0 0 0 0 0 0 0 0 0 0 0 0 0 0 0 0 0 0 0 0 0 0 0 0 0 0 0 0 0 0 0 0 0 0 0 0 0 0 0 0 0 0 0 0 0 0 0 0 0 0 0 0 0 0 0 0 0 0 0 0 0 0 0 0 0 0 0 0 0 0 0 0 0 0 0 0 0 0 0 0 0 0 0 0 0 0 0 0 0 0 0 0 0 0 0 0 0 0 0 0 0 0 0 0 0 0 0 0 0 0 0 0 0 0 0 0 0 0 0 0 0 0 0 0 0 0 0 0 0 0 0 0 0 0 0 0 0 0 0 0 0 0 0 0 0 0 0 0 0 0 0 0 0 0 0 0 0 0 0 0 0 0 0 0 0 0 0 0 0 0 0 0 0 0 0 0 0 0 0 0 0 0 0 0 0 0 0 0 0 0 0 0 0 0 0 0 0 0 0 0 0 0 0 0 0 0 0 0 0 0 0 0 0 0 0 0 0 0 0 0 0 0 0 0 0 0 0 0 0 0 0 0 0 0 0 0 0 0 0 0 0 0 0 0 0 0 0 0 0 0 0 0 0 0 0 0 0 0 0 0 0 0 0 0 0 0 0 0 0 0 0 0 0 0 0 0 0 0 0 0 0 0 0 0 0 0 0 0 0 0 0 0 0 0 0 0 -0.076472672819284507 -0.093319362597838185 -0.076503505030559943 -0.068851625970465222 -0.087886687498449967 -0.11270766561227009 -0.091507787700035551 -0.16638288271003879 -0.12238007577575304 -0.12066602407317553 -0.091127263211932111 -0.13533051386565509 -0.10047991000413807 -0.10207501152237504 -0.20381768806943357 -0.24806557355306585 -0.19674041288251837 -0.17696201541690834 -0.18645606333408712 -0.31139567741365221 -0.1993771123022878 -0.36155123891964003 -0.36664837624826729 -0.83539000876061964 1.2587488543365335
0 0 0 0 0 0 0 0 0 0 0 0 0 0 0 0 0 0 0 0 0 0 0 0 0 0 0 0 0 0 0 0 0 0 0 0 0 0 0 0 0 0 0 0 0 0 0 0 0 0 0 0 0 0 0 0 0 0 0 0 0 0 0 0 0 0 0 0 0 0 0 0 0 0 0 0 0 0 0 0 0 0 0 0 0 0 0 0 0 0 0 0 0 0 0 0 0 0 0 0 0 0 0 0 0 0 0 0 0 0 0 0 0 0 0 0 0 0 0 0 0 0 0 0 0 0 0 0 0 0 0 0 0 0 0 0 0 0 0 0 0 0 0 0 0 0 0 0 0 0 0 0 0 0 0 0 0 0 0 0 0 0 0 0 0 0 0 0 0 0 0 0 0 0 0 0 0 0 0 0 0 0 0 0 0 0 0 0 0 0 0 0 0 0 0 0 0 0 0 0 0 0 0 0 0 0 0 0 0 0 0 0 0 0 0 0 0 0 0 0 0 0 0 0 0 0 0 0 0 0 0 0 0 0 0 0 0 0 0 0 0 0 0 0 0 0 0 0 0 0 0 0 0 0 0 0 0 0 0 0 0 0 0 0 0 0 0 0 0 0 0 0 0 0 0 0 0 0 0 0 0 0 0 0 0 0 0 0 0 0 0 0 0 0 0 0 0 0 0 0 0 0 0 0 0 0 0 0 0 0 0 0 0 0 0 0 0 0 0 0 0 0 0 0 0 0 0 0 0 0 0 0 0 0 0 0 0 0 0 0 0 0 0 0 0 0 0 0 0 0 0 0 0 0 0 0 0 0 0 0 0 0 0 0 0 0 0 0 0 0 0 0 0 0 0 0 0 0 0 0 0 0 0 0 0 0 0 0 0 0 0 0 0 0 0 0 0 0 0 0 0 0 0 0 0 0 0 0 0 0 0 0 0 0 0 0 0 0 0 0 0 0 0 0 0 0 0 0 0 0 0 0 0 0 0 0 0 -0.045119606178955482 -0.055059313792204613 -0.045137797477612651 -0.040623115866622685 -0.051853983679553073 -0.066498597450521293 -0.053990467327982176 -0.098167487365541289 -0.072205411679559281 -0.071194104830465538 -0.053765954251458165 -0.079846293643266217 -0.059284105042295705 -0.060225230148363382 -0.12025437949226415 -0.14636105385934023 -0.11607871964566405 -0.10440927654135358 -0.11001085534427472 -0.18372641902990916 -0.11763439744593418 -0.21331867858362474 -0.21632603821195889 -0.49288807114386751 -0.7644924318745997 0.99999999994999922
0 0 0 0 0 0 0 0 0 0 0 0 0 0 0 0 0 0 0 0 0 0 0 0 0 0 0 0 0 0 0 0 0 0 0 0 0 0 0 0 0 0 0 0 0 0 0 0 0 0 0 0 0 0 0 0 0 0 0 0 0 0 0 0 0 0 0 0 0 0 0 0 0 0 0 0 0 0 0 0 0 0 0 0 0 0 0 0 0 0 0 0 0 0 0 0 0 0 0 0 0 0 0 0 0 0 0 0 0 0 0 0 0 0 0 0 0 0 0 0 0 0 0 0 0 0 0 0 0 0 0 0 0 0 0 0 0 0 0 0 0 0 0 0 0 0 0 0 0 0 0 0 0 0 0 0 0 0 0 0 0 0 0 0 0 0 0 0 0 0 0 0 0 0 0 0 0 0 0 0 0 0 0 0 0 0 0 0 0 0 0 0 0 0 0 0 0 0 0 0 0 0 0 0 0 0 0 0 0 0 0 0 0 0 0 0 0 0 0 0 0 0 0 0 0 0 0 0 0 0 0 0 0 0 0 0 0 0 0 0 0 0 0 0 0 0 0 0 0 0 0 0 0 0 0 0 0 0 0 0 0 0 0 0 0 0 0 0 0 0 0 0 0 0 0 0 0 0 0 0 0 0 0 0 0 0 0 0 0 0 0 0 0 0 0 0 0 0 0 0 0 0 0 0 0 0 0 0 0 0 0 0 0 0 0 0 0 0 0 0 0 0 0 0 0 0 0 0 0 0 0 0 0 0 0 0 0 0 0 0 0 0 0 0 0 0 0 0 0 0 0 0 0 0 0 0 0 0 0 0 0 0 0 0 0 0 0 0 0 0 0 0 0 0 0 0 0 0 0 0 0 0 0 0 0 0 0 0 0 0 0 0 0 0 0 0 0 0 0 0 0 0 0 0 0 0 0 0 0 0 0 0 0 0 0 0 0 0 0 0 0 0 0 0 0 0 0 0 0 0 0 0 0 0 0 0 0 0 0 0 0 0 0 0 0 0 0 0 0 0 0 0 0 0 0 0 0 0 0 0 0 0 0 1.6234495611517001
0 0 0 0 0 0 0 0 0 0 0 0 0 0 0 0 0 0 0 0 0 0 0 0 0 0 0 0 0 0 0 0 0 0 0 0 0 0 0 0 0 0 0 0 0 0 0 0 0 0 0 0 0 0 0 0 0 0 0 0 0 0 0 0 0 0 0 0 0 0 0 0 0 0 0 0 0 0 0 0 0 0 0 0 0 0 0 0 0 0 0 0 0 0 0 0 0 0 0 0 0 0 0 0 0 0 0 0 0 0 0 0 0 0 0 0 0 0 0 0 0 0 0 0 0 0 0 0 0 0 0 0 0 0 0 0 0 0 0 0 0 0 0 0 0 0 0 0 0 0 0 0 0 0 0 0 0 0 0 0 0 0 0 0 0 0 0 0 0 0 0 0 0 0 0 0 0 0 0 0 0 0 0 0 0 0 0 0 0 0 0 0 0 0 0 0 0 0 0 0 0 0 0 0 0 0 0 0 0 0 0 0 0 0 0 0 0 0 0 0 0 0 0 0 0 0 0 0 0 0 0 0 0 0 0 0 0 0 0 0 0 0 0 0 0 0 0 0 0 0 0 0 0 0 0 0 0 0 0 0 0 0 0 0 0 0 0 0 0 0 0 0 0 0 0 0 0 0 0 0 0 0 0 0 0 0 0 0 0 0 0 0 0 0 0 0 0 0 0 0 0 0 0 0 0 0 0 0 0 0 0 0 0 0 0 0 0 0 0 0 0 0 0 0 0 0 0 0 0 0 0 0 0 0 0 0 0 0 0 0 0 0 0 0 0 0 0 0 0 0 0 0 0 0 0 0 0 0 0 0 0 0 0 0 0 0 0 0 0 0 0 0 0 0 0 0 0 0 0 0 0 0 0 0 0 0 0 0 0 0 0 0 0 0 0 0 0 0 0 0 0 0 0 0 0 0 0 0 0 0 0 0 0 0 0 0 0 0 0 0 0 0 0 0 0 0 0 0 0 0 0 0 0 0 0 0 0 0 0 0 0 0 0 0 0 0 0 0 0 0 0 0 0 0 0 0 0 0 0 0 0 0 0 -0.059717144426332212 1.3180489944794758
0 0 0 0 0 0 0 0 0 0 0 0 0 0 0 0 0 0 0 0 0 0 0 0 0 0 0 0 0 0 0 0 0 0 0 0 0 0 0 0 0 0 0 0 0 0 0 0 0 0 0 0 0 0 0 0 0 0 0 0 0 0 0 0 0 0 0 0 0 0 0 0 0 0 0 0 0 0 0 0 0 0 0 0 0 0 0 0 0 0 0 0 0 0 0 0 0 0 0 0 0 0 0 0 0 0 0 0 0 0 0 0 0 0 0 0 0 0 0 0 0 0 0 0 0 0 0 0 0 0 0 0 0 0 0 0 0 0 0 0 0 0 0 0 0 0 0 0 0 0 0 0 0 0 0 0 0 0 0 0 0 0 0 0 0 0 0 0 0 0 0 0 0 0 0 0 0 0 0 0 0 0 0 0 0 0 0 0 0 0 0 0 0 0 0 0 0 0 0 0 0 0 0 0 0 0 0 0 0 0 0 0 0 0 0 0 0 0 0 0 0 0 0 0 0 0 0 0 0 0 0 0 0 0 0 0 0 0 0 0 0 0 0 0 0 0 0 0 0 0 0 0 0 0 0 0 0 0 0 0 0 0 0 0 0 0 0 0 0 0 0 0 0 0 0 0 0 0 0 0 0 0 0 0 0 0 0 0 0 0 0 0 0 0 0 0 0 0 0 0 0 0 0 0 0 0 0 0 0 0 0 0 0 0 0 0 0 0 0 0 0 0 0 0 0 0 0 0 0 0 0 0 0 0 0 0 0 0 0 0 0 0 0 0 0 0 0 0 0 0 0 0 0 0 0 0 0 0 0 0 0 0 0 0 0 0 0 0 0 0 0 0 0 0 0 0 0 0 0 0 0 0 0 0 0 0 0 0 0 0 0 0 0 0 0 0 0 0 0 0 0 0 0 0 0 0 0 0 0 0 0 0 0 0 0 0 0 0 0 0 0 0 0 0 0 0 0 0 0 0 0 0 0 0 0 0 0 0 0 0 0 0 0 0 0 0 0 0 0 0 0 0 0 0 0 0 0 0 0 0 0 0 0 -0.056257562692257429 -0.03898065935947808 1.2955827679858862
0 0 0 0 0 0 0 0 0 0 0 0 0 0 0 0 0 0 0 0 0 0 0 0 0 0 0 0 0 0 0 0 0 0 0 0 0 0 0 0 0 0 0 0 0 0 0 0 0 0 0 0 0 0 0 0 0 0 0 0 0 0 0 0 0 0 0 0 0 0 0 0 0 0 0 0 0 0 0 0 0 0 0 0 0 0 0 0 0 0 0 0 0 0 0 0 0 0 0 0 0 0 0 0 0 0 0 0 0 0 0 0 0 0 0 0 0 0 0 0 0 0 0 0 0 0 0 0 0 0 0 0 0 0 0 0 0 0 0 0 0 0 0 0 0 0 0 0 0 0 0 0 0 0 0 0 0 0 0 0 0 0 0 0 0 0 0 0 0 0 0 0 0 0 0 0 0 0 0 0 0 0 0 0 0 0 0 0 0 0 0 0 0 0 0 0 0 0 0 0 0 0 0 0 0 0 0 0 0 0 0 0 0 0 0 0 0 0 0 0 0 0 0 0 0 0 0 0 0 0 0 0 0 0 0 0 0 0 0 0 0 0 0 0 0 0 0 0 0 0 0 0 0 0 0 0 0 0 0 0 0 0 0 0 0 0 0 0 0 0 0 0 0 0 0 0 0 0 0 0 0 0 0 0 0 0 0 0 0 0 0 0 0 0 0 0 0 0 0 0 0 0 0 0 0 0 0 0 0 0 0 0 0 0 0 0 0 0 0 0 0 0 0 0 0 0 0 0 0 0 0 0 0 0 0 0 0 0 0 0 0 0 0 0 0 0 0 0 0 0 0 0 0 0 0 0 0 0 0 0 0 0 0 0 0 0 0 0 0 0 0 0 0 0 0 0 0 0 0 0 0 0 0 0 0 0 0 0 0 0 0 0 0 0 0 0 0 0 0 0 0 0 0 0 0 0 0 0 0 0 0 0 0 0 0 0 0 0 0 0 0 0 0 0 0 0 0 0 0 0 0 0 0 0 0 0 0 0 0 0 0 0 0 0 0 0 0 0 0 0 0 0 0 0 0 0 0 0 0 0 0 0 0 -0.13467563921291487 -0.093316257671808234 -0.092242242791192045 1.7139845449409217
0 0 0 0 0 0 0 0 0 0 0 0 0 0 0 0 0 0 0 0 0 0 0 0 0 0 0 0 0 0 0 0 0 0 0 0 0 0 0 0 0 0 0 0 0 0 0 0 0 0 0 0 0 0 0 0 0 0 0 0 0 0 0 0 0 0 0 0 0 0 0 0 0 0 0 0 0 0 0 0 0 0 0 0 0 0 0 0 0 0 0 0 0 0 0 0 0 0 0 0 0 0 0 0 0 0 0 0 0 0 0 0 0 0 0 0 0 0 0 0 0 0 0 0 0 0 0 0 0 0 0 0 0 0 0 0 0 0 0 0 0 0 0 0 0 0 0 0 0 0 0 0 0 0 0 0 0 0 0 0 0 0 0 0 0 0 0 0 0 0 0 0 0 0 0 0 0 0 0 0 0 0 0 0 0 0 0 0 0 0 0 0 0 0 0 0 0 0 0 0 0 0 0 0 0 0 0 0 0 0 0 0 0 0 0 0 0 0 0 0 0 0 0 0 0 0 0 0 0 0 0 0 0 0 0 0 0 0 0 0 0 0 0 0 0 0 0 0 0 0 0 0 0 0 0 0 0 0 0 0 0 0 0 0 0 0 0 0 0 0 0 0 0 0 0 0 0 0 0 0 0 0 0 0 0 0 0 0 0 0 0 0 0 0 0 0 0 0 0 0 0 0 0 0 0 0 0 0 0 0 0 0 0 0 0 0 0 0 0 0 0 0 0 0 0 0 0 0 0 0 0 0 0 0 0 0 0 0 0 0 0 0 0 0 0 0 0 0 0 0 0 0 0 0 0 0 0 0 0 0 0 0 0 0 0 0 0 0 0 0 0 0 0 0 0 0 0 0 0 0 0 0 0 0 0 0 0 0 0 0 0 0 0 0 0 0 0 0 0 0 0 0 0 0 0 0 0 0 0 0 0 0 0 0 0 0 0 0 0 0 0 0 0 0 0 0 0 0 0 0 0 0 0 0 0 0 0 0 0 0 0 0 0 0 0 0 0 0 0 0 0 0 0 0 0 0 0 0 0 0 0 0 0 -0.10671798022403661 -0.073944498047321866 -0.073093440651494146 -0.13619865948410992 1.5757452358113324
0 0 0 0 0 0 0 0 0 0 0 0 0 0 0 0 0 0 0 0 0 0 0 0 0 0 0 0 0 0 0 0 0 0 0 0 0 0 0 0 0 0 0 0 0 0 0 0 0 0 0 0 0 0 0 0 0 0 0 0 0 0 0 0 0 0 0 0 0 0 0 0 0 0 0 0 0 0 0 0 0 0 0 0 0 0 0 0 0 0 0 0 0 0 0 0 0 0 0 0 0 0 0 0 0 0 0 0 0 0 0 0 0 0 0 0 0 0 0 0 0 0 0 0 0 0 0 0 0 0 0 0 0 0 0 0 0 0 0 0 0 0 0 0 0 0 0 0 0 0 0 0 0 0 0 0 0 0 0 0 0 0 0 0 0 0 0 0 0 0 0 0 0 0 0 0 0 0 0 0 0 0 0 0 0 0 0 0 0 0 0 0 0 0 0 0 0 0 0 0 0 0 0 0 0 0 0 0 0 0 0 0 0 0 0 0 0 0 0 0 0 0 0 0 0 0 0 0 0 0 0 0 0 0 0 0 0 0 0 0 0 0 0 0 0 0 0 0 0 0 0 0 0 0 0 0 0 0 0 0 0 0 0 0 0 0 0 0 0 0 0 0 0 0 0 0 0 0 0 0 0 0 0 0 0 0 0 0 0 0 0 0 0 0 0 0 0 0 0 0 0 0 0 0 0 0 0 0 0 0 0 0 0 0 0 0 0 0 0 0 0 0 0 0 0 0 0 0 0 0 0 0 0 0 0 0 0 0 0 0 0 0 0 0 0 0 0 0 0 0 0 0 0 0 0 0 0 0 0 0 0 0 0 0 0 0 0 0 0 0 0 0 0 0 0 0 0 0 0 0 0 0 0 0 0 0 0 0 0 0 0 0 0 0 0 0 0 0 0 0 0 0 0 0 0 0 0 0 0 0 0 0 0 0 0 0 0 0 0 0 0 0 0 0 0 0 0 0 0 0 0 0 0 0 0 0 0 0 0 0 0 0 0 0 0 0 0 0 0 0 0 0 0 0 0 0 0 0 0 0 0 0 0 -0.074886295608988435 -0.051888440240389508 -0.051291235012270009 -0.095573520546987908 -0.090638045419501531 1.4023874095127362
0 0 0 0 0 0 0 0 0 0 0 0 0 0 0 0 0 0 0 0 0 0 0 0 0 0 0 0 0 0 0 0 0 0 0 0 0 0 0 0 0 0 0 0 0 0 0 0 0 0 0 0 0 0 0 0 0 0 0 0 0 0 0 0 0 0 0 0 0 0 0 0 0 0 0 0 0 0 0 0 0 0 0 0 0 0 0 0 0 0 0 0 0 0 0 0 0 0 0 0 0 0 0 0 0 0 0 0 0 0 0 0 0 0 0 0 0 0 0 0 0 0 0 0 0 0 0 0 0 0 0 0 0 0 0 0 0 0 0 0 0 0 0 0 0 0 0 0 0 0 0 0 0 0 0 0 0 0 0 0 0 0 0 0 0 0 0 0 0 0 0 0 0 0 0 0 0 0 0 0 0 0 0 0 0 0 0 0 0 0 0 0 0 0 0 0 0 0 0 0 0 0 0 0 0 0 0 0 0 0 0 0 0 0 0 0 0 0 0 0 0 0 0 0 0 0 0 0 0 0 0 0 0 0 0 0 0 0 0 0 0 0 0 0 0 0 0 0 0 0 0 0 0 0 0 0 0 0 0 0 0 0 0 0 0 0 0 0 0 0 0 0 0 0 0 0 0 0 0 0 0 0 0 0 0 0 0 0 0 0 0 0 0 0 0 0 0 0 0 0 0 0 0 0 0 0 0 0 0 0 0 0 0 0 0 0 0 0 0 0 0 0 0 0 0 0 0 0 0 0 0 0 0 0 0 0 0 0 0 0 0 0 0 0 0 0 0 0 0 0 0 0 0 0 0 0 0 0 0 0 0 0 0 0 0 0 0 0 0 0 0 0 0 0 0 0 0 0 0 0 0 0 0 0 0 0 0 0 0 0 0 0 0 0 0 0 0 0 0 0 0 0 0 0 0 0 0 0 0 0 0 0 0 0 0 0 0 0 0 0 0 0 0 0 0 0 0 0 0 0 0 0 0 0 0 0 0 0 0 0 0 0 0 0 0 0 0 0 0 0 0 0 0 0 0 0 0 0 0 0 0 0 0 -0.12067802448252458 -0.083617361638304397 -0.082654975309083098 -0.15401514467576502 -0.14606170829032075 -0.12460478245816267 1.6313402264362333
0 0 0 0 0 0 0 0 0 0 0 0 0 0 0 0 0 0 0 0 0 0 0 0 0 0 0 0 0 0 0 0 0 0 0 0 0 0 0 0 0 0 0 0 0 0 0 0 0 0 0 0 0 0 0 0 0 0 0 0 0 0 0 0 0 0 0 0 0 0 0 0 0 0 0 0 0 0 0 0 0 0 0 0 0 0 0 0 0 0 0 0 0 0 0 0 0 0 0 0 0 0 0 0 0 0 0 0 0 0 0 0 0 0 0 0 0 0 0 0 0 0 0 0 0 0 0 0 0 0 0 0 0 0 0 0 0 0 0 0 0 0 0 0 0 0 0 0 0 0 0 0 0 0 0 0 0 0 0 0 0 0 0 0 0 0 0 0 0 0 0 0 0 0 0 0 0 0 0 0 0 0 0 0 0 0 0 0 0 0 0 0 0 0 0 0 0 0 0 0 0 0 0 0 0 0 0 0 0 0 0 0 0 0 0 0 0 0 0 0 0 0 0 0 0 0 0 0 0 0 0 0 0 0 0 0 0 0 0 0 0 0 0 0 0 0 0 0 0 0 0 0 0 0 0 0 0 0 0 0 0 0 0 0 0 0 0 0 0 0 0 0 0 0 0 0 0 0 0 0 0 0 0 0 0 0 0 0 0 0 0 0 0 0 0 0 0 0 0 0 0 0 0 0 0 0 0 0 0 0 0 0 0 0 0 0 0 0 0 0 0 0 0 0 0 0 0 0 0 0 0 0 0 0 0 0 0 0 0 0 0 0 0 0 0 0 0 0 0 0 0 0 0 0 0 0 0 0 0 0 0 0 0 0 0 0 0 0 0 0 0 0 0 0 0 0 0 0 0 0 0 0 0 0 0 0 0 0 0 0 0 0 0 0 0 0 0 0 0 0 0 0 0 0 0 0 0 0 0 0 0 0 0 0 0 0 0 0 0 0 0 0 0 0 0 0 0 0 0 0 0 0 0 0 0 0 0 0 0 0 0 0 0 0 0 0 0 0 0 0 0 0 0 0 0 0 0 0 0 0 0 0 0 -0.16982469824708535 -0.11767091207644656 -0.11631658954210032 -0.21673851210441858 -0.20554600261499612 -0.17535064624931332 -0.25630991556671306 1.8082791527906148
0 0 0 0 0 0 0 0 0 0 0 0 0 0 0 0 0 0 0 0 0 0 0 0 0 0 0 0 0 0 0 0 0 0 0 0 0 0 0 0 0 0 0 0 0 0 0 0 0 0 0 0 0 0 0 0 0 0 0 0 0 0 0 0 0 0 0 0 0 0 0 0 0 0 0 0 0 0 0 0 0 0 0 0 0 0 0 0 0 0 0 0 0 0 0 0 0 0 0 0 0 0 0 0 0 0 0 0 0 0 0 0 0 0 0 0 0 0 0 0 0 0 0 0 0 0 0 0 0 0 0 0 0 0 0 0 0 0 0 0 0 0 0 0 0 0 0 0 0 0 0 0 0 0 0 0 0 0 0 0 0 0 0 0 0 0 0 0 0 0 0 0 0 0 0 0 0 0 0 0 0 0 0 0 0 0 0 0 0 0 0 0 0 0 0 0 0 0 0 0 0 0 0 0 0 0 0 0 0 0 0 0 0 0 0 0 0 0 0 0 0 0 0 0 0 0 0 0 0 0 0 0 0 0 0 0 0 0 0 0 0 0 0 0 0 0 0 0 0 0 0 0 0 0 0 0 0 0 0 0 0 0 0 0 0 0 0 0 0 0 0 0 0 0 0 0 0 0 0 0 0 0 0 0 0 0 0 0 0 0 0 0 0 0 0 0 0 0 0 0 0 0 0 0 0 0 0 0 0 0 0 0 0 0 0 0 0 0 0 0 0 0 0 0 0 0 0 0 0 0 0 0 0 0 0 0 0 0 0 0 0 0 0 0 0 0 0 0 0 0 0 0 0 0 0 0 0 0 0 0 0 0 0 0 0 0 0 0 0 0 0 0 0 0 0 0 0 0 0 0 0 0 0 0 0 0 0 0 0 0 0 0 0 0 0 0 0 0 0 0 0 0 0 0 0 0 0 0 0 0 0 0 0 0 0 0 0 0 0 0 0 0 0 0 0 0 0 0 0 0 0 0 0 0 0 0 0 0 0 0 0 0 0 0 0 0 0 0 0 0 0 0 0 0 0 0 0 0 0 0 0 0 0 -0.064676042986805973 -0.044813793554810813 -0.044298013321702717 -0.082542701211614361 -0.078280145574300991 -0.066780545183624113 -0.097613075649447351 -0.13776114434074543 1.3302897596126704
0 0 0 0 0 0 0 0 0 0 0 0 0 0 0 0 0 0 0 0 0 0 0 0 0 0 0 0 0 0 0 0 0 0 0 0 0 0 0 0 0 0 0 0 0 0 0 0 0 0 0 0 0 0 0 0 0 0 0 0 0 0 0 0 0 0 0 0 0 0 0 0 0 0 0 0 0 0 0 0 0 0 0 0 0 0 0 0 0 0 0 0 0 0 0 0 0 0 0 0 0 0 0 0 0 0 0 0 0 0 0 0 0 0 0 0 0 0 0 0 0 0 0 0 0 0 0 0 0 0 0 0 0 0 0 0 0 0 0 0 0 0 0 0 0 0 0 0 0 0 0 0 0 0 0 0 0 0 0 0 0 0 0 0 0 0 0 0 0 0 0 0 0 0 0 0 0 0 0 0 0 0 0 0 0 0 0 0 0 0 0 0 0 0 0 0 0 0 0 0 0 0 0 0 0 0 0 0 0 0 0 0 0 0 0 0 0 0 0 0 0 0 0 0 0 0 0 0 0 0 0 0 0 0 0 0 0 0 0 0 0 0 0 0 0 0 0 0 0 0 0 0 0 0 0 0 0 0 0 0 0 0 0 0 0 0 0 0 0 0 0 0 0 0 0 0 0 0 0 0 0 0 0 0 0 0 0 0 0 0 0 0 0 0 0 0 0 0 0 0 0 0 0 0 0 0 0 0 0 0 0 0 0 0 0 0 0 0 0 0 0 0 0 0 0 0 0 0 0 0 0 0 0 0 0 0 0 0 0 0 0 0 0 0 0 0 0 0 0 0 0 0 0 0 0 0 0 0 0 0 0 0 0 0 0 0 0 0 0 0 0 0 0 0 0 0 0 0 0 0 0 0 0 0 0 0 0 0 0 0 0 0 0 0 0 0 0 0 0 0 0 0 0 0 0 0 0 0 0 0 0 0 0 0 0 0 0 0 0 0 0 0 0 0 0 0 0 0 0 0 0 0 0 0 0 0 0 0 0 0 0 0 0 0 0 0 0 0 0 0 0 0 0 0 0 0 0 0 0 0 0 0 0 -0.091121501749373598 -0.063137755175186258 -0.062411076991998139 -0.1162936776201126 -0.1102882008929499 -0.09408651617748344 -0.1375261941329253 -0.19409045104385569 -0.12057631685706217 1.4644044103576264
0 0 0 0 0 0 0 0 0 0 0 0 0 0 0 0 0 0 0 0 0 0 0 0 0 0 0 0 0 0 0 0 0 0 0 0 0 0 0 0 0 0 0 0 0 0 0 0 0 0 0 0 0 0 0 0 0 0 0 0 0 0 0 0 0 0 0 0 0 0 0 0 0 0 0 0 0 0 0 0 0 0 0 0 0 0 0 0 0 0 0 0 0 0 0 0 0 0 0 0 0 0 0 0 0 0 0 0 0 0 0 0 0 0 0 0 0 0 0 0 0 0 0 0 0 0 0 0 0 0 0 0 0 0 0 0 0 0 0 0 0 0 0 0 0 0 0 0 0 0 0 0 0 0 0 0 0 0 0 0 0 0 0 0 0 0 0 0 0 0 0 0 0 0 0 0 0 0 0 0 0 0 0 0 0 0 0 0 0 0 0 0 0 0 0 0 0 0 0 0 0 0 0 0 0 0 0 0 0 0 0 0 0 0 0 0 0 0 0 0 0 0 0 0 0 0 0 0 0 0 0 0 0 0 0 0 0 0 0 0 0 0 0 0 0 0 0 0 0 0 0 0 0 0 0 0 0 0 0 0 0 0 0 0 0 0 0 0 0 0 0 0 0 0 0 0 0 0 0 0 0 0 0 0 0 0 0 0 0 0 0 0 0 0 0 0 0 0 0 0 0 0 0 0 0 0 0 0 0 0 0 0 0 0 0 0 0 0 0 0 0 0 0 0 0 0 0 0 0 0 0 0 0 0 0 0 0 0 0 0 0 0 0 0 0 0 0 0 0 0 0 0 0 0 0 0 0 0 0 0 0 0 0 0 0 0 0 0 0 0 0 0 0 0 0 0 0 0 0 0 0 0 0 0 0 0 0 0 0 0 0 0 0 0 0 0 0 0 0 0 0 0 0 0 0 0 0 0 0 0 0 0 0 0 0 0 0 0 0 0 0 0 0 0 0 0 0 0 0 0 0 0 0 0 0 0 0 0 0 0 0 0 0 0 0 0 0 0 0 0 0 0 0 0 0 0 0 0 0 0 0 0 0 -0.058657448429473277 -0.040643531406314187 -0.04017574842165246 -0.074861479087974109 -0.070995586464882229 -0.060566110793136278 -0.08852944129741816 -0.12494142879769211 -0.077618333237221365 -0.10573158965325684 1.2889835060176789
0 0 0 0 0 0 0 0 0 0 0 0 0 0 0 0 0 0 0 0 0 0 0 0 0 0 0 0 0 0 0 0 0 0 0 0 0 0 0 0 0 0 0 0 0 0 0 0 0 0 0 0 0 0 0 0 0 0 0 0 0 0 0 0 0 0 0 0 0 0 0 0 0 0 0 0 0 0 0 0 0 0 0 0 0 0 0 0 0 0 0 0 0 0 0 0 0 0 0 0 0 0 0 0 0 0 0 0 0 0 0 0 0 0 0 0 0 0 0 0 0 0 0 0 0 0 0 0 0 0 0 0 0 0 0 0 0 0 0 0 0 0 0 0 0 0 0 0 0 0 0 0 0 0 0 0 0 0 0 0 0 0 0 0 0 0 0 0 0 0 0 0 0 0 0 0 0 0 0 0 0 0 0 0 0 0 0 0 0 0 0 0 0 0 0 0 0 0 0 0 0 0 0 0 0 0 0 0 0 0 0 0 0 0 0 0 0 0 0 0 0 0 0 0 0 0 0 0 0 0 0 0 0 0 0 0 0 0 0 0 0 0 0 0 0 0 0 0 0 0 0 0 0 0 0 0 0 0 0 0 0 0 0 0 0 0 0 0 0 0 0 0 0 0 0 0 0 0 0 0 0 0 0 0 0 0 0 0 0 0 0 0 0 0 0 0 0 0 0 0 0 0 0 0 0 0 0 0 0 0 0 0 0 0 0 0 0 0 0 0 0 0 0 0 0 0 0 0 0 0 0 0 0 0 0 0 0 0 0 0 0 0 0 0 0 0 0 0 0 0 0 0 0 0 0 0 0 0 0 0 0 0 0 0 0 0 0 0 0 0 0 0 0 0 0 0 0 0 0 0 0 0 0 0 0 0 0 0 0 0 0 0 0 0 0 0 0 0 0 0 0 0 0 0 0 0 0 0 0 0 0 0 0 0 0 0 0 0 0 0 0 0 0 0 0 0 0 0 0 0 0 0 0 0 0 0 0 0 0 0 0 0 0 0 0 0 0 0 0 0 0 0 0 0 0 0 0 0 0 0 0 0 0 -0.071705407746835939 -0.049684414678643506 -0.049112576479910186 -0.091513917264720385 -0.086788082536713315 -0.074038639360244046 -0.10822222677250451 -0.15273381874396696 -0.094884015285741793 -0.12925087863178295 -0.10512768196720361 1.3558742171859075
0 0 0 0 0 0 0 0 0 0 0 0 0 0 0 0 0 0 0 0 0 0 0 0 0 0 0 0 0 0 0 0 0 0 0 0 0 0 0 0 0 0 0 0 0 0 0 0 0 0 0 0 0 0 0 0 0 0 0 0 0 0 0 0 0 0 0 0 0 0 0 0 0 0 0 0 0 0 0 0 0 0 0 0 0 0 0 0 0 0 0 0 0 0 0 0 0 0 0 0 0 0 0 0 0 0 0 0 0 0 0 0 0 0 0 0 0 0 0 0 0 0 0 0 0 0 0 0 0 0 0 0 0 0 0 0 0 0 0 0 0 0 0 0 0 0 0 0 0 0 0 0 0 0 0 0 0 0 0 0 0 0 0 0 0 0 0 0 0 0 0 0 0 0 0 0 0 0 0 0 0 0 0 0 0 0 0 0 0 0 0 0 0 0 0 0 0 0 0 0 0 0 0 0 0 0 0 0 0 0 0 0 0 0 0 0 0 0 0 0 0 0 0 0 0 0 0 0 0 0 0 0 0 0 0 0 0 0 0 0 0 0 0 0 0 0 0 0 0 0 0 0 0 0 0 0 0 0 0 0 0 0 0 0 0 0 0 0 0 0 0 0 0 0 0 0 0 0 0 0 0 0 0 0 0 0 0 0 0 0 0 0 0 0 0 0 0 0 0 0 0 0 0 0 0 0 0 0 0 0 0 0 0 0 0 0 0 0 0 0 0 0 0 0 0 0 0 0 0 0 0 0 0 0 0 0 0 0 0 0 0 0 0 0 0 0 0 0 0 0 0 0 0 0 0 0 0 0 0 0 0 0 0 0 0 0 0 0 0 0 0 0 0 0 0 0 0 0 0 0 0 0 0 0 0 0 0 0 0 0 0 0 0 0 0 0 0 0 0 0 0 0 0 0 0 0 0 0 0 0 0 0 0 0 0 0 0 0 0 0 0 0 0 0 0 0 0 0 0 0 0 0 0 0 0 0 0 0 0 0 0 0 0 0 0 0 0 0 0 0 0 0 0 0 0 0 0 0 0 0 0 0 0 -0.06991976295914562 -0.048447147938405447 -0.047889549947364295 -0.089234990828072569 -0.084626841256802018 -0.072194891243950204 -0.10552722145532067 -0.14893036296686468 -0.092521164942176368 -0.12603220705615925 -0.10250973858963475 -0.12707827833552954 1.3406576937125405
0 0 0 0 0 0 0 0 0 0 0 0 0 0 0 0 0 0 0 0 0 0 0 0 0 0 0 0 0 0 0 0 0 0 0 0 0 0 0 0 0 0 0 0 0 0 0 0 0 0 0 0 0 0 0 0 0 0 0 0 0 0 0 0 0 0 0 0 0 0 0 0 0 0 0 0 0 0 0 0 0 0 0 0 0 0 0 0 0 0 0 0 0 0 0 0 0 0 0 0 0 0 0 0 0 0 0 0 0 0 0 0 0 0 0 0 0 0 0 0 0 0 0 0 0 0 0 0 0 0 0 0 0 0 0 0 0 0 0 0 0 0 0 0 0 0 0 0 0 0 0 0 0 0 0 0 0 0 0 0 0 0 0 0 0 0 0 0 0 0 0 0 0 0 0 0 0 0 0 0 0 0 0 0 0 0 0 0 0 0 0 0 0 0 0 0 0 0 0 0 0 0 0 0 0 0 0 0 0 0 0 0 0 0 0 0 0 0 0 0 0 0 0 0 0 0 0 0 0 0 0 0 0 0 0 0 0 0 0 0 0 0 0 0 0 0 0 0 0 0 0 0 0 0 0 0 0 0 0 0 0 0 0 0 0 0 0 0 0 0 0 0 0 0 0 0 0 0 0 0 0 0 0 0 0 0 0 0 0 0 0 0 0 0 0 0 0 0 0 0 0 0 0 0 0 0 0 0 0 0 0 0 0 0 0 0 0 0 0 0 0 0 0 0 0 0 0 0 0 0 0 0 0 0 0 0 0 0 0 0 0 0 0 0 0 0 0 0 0 0 0 0 0 0 0 0 0 0 0 0 0 0 0 0 0 0 0 0 0 0 0 0 0 0 0 0 0 0 0 0 0 0 0 0 0 0 0 0 0 0 0 0 0 0 0 0 0 0 0 0 0 0 0 0 0 0 0 0 0 0 0 0 0 0 0 0 0 0 0 0 0 0 0 0 0 0 0 0 0 0 0 0 0 0 0 0 0 0 0 0 0 0 0 0 0 0 0 0 0 0 0 0 0 0 0 0 0 0 0 0 0 0 0 -0.098241427959144201 -0.068071125996206128 -0.067287667635527557 -0.12538047258531654 -0.1189057482016621 -0.10143811859466645 -0.14827202618505902 -0.20925602297718707 -0.12999774277944706 -0.17708275122835121 -0.14403228318506553 -0.17855254362871165 -0.19300688976154368 1.4565245072505824
0 0 0 0 0 0 0 0 0 0 0 0 0 0 0 0 0 0 0 0 0 0 0 0 0 0 0 0 0 0 0 0 0 0 0 0 0 0 0 0 0 0 0 0 0 0 0 0 0 0 0 0 0 0 0 0 0 0 0 0 0 0 0 0 0 0 0 0 0 0 0 0 0 0 0 0 0 0 0 0 0 0 0 0 0 0 0 0 0 0 0 0 0 0 0 0 0 0 0 0 0 0 0 0 0 0 0 0 0 0 0 0 0 0 0 0 0 0 0 0 0 0 0 0 0 0 0 0 0 0 0 0 0 0 0 0 0 0 0 0 0 0 0 0 0 0 0 0 0 0 0 0 0 0 0 0 0 0 0 0 0 0 0 0 0 0 0 0 0 0 0 0 0 0 0 0 0 0 0 0 0 0 0 0 0 0 0 0 0 0 0 0 0 0 0 0 0 0 0 0 0 0 0 0 0 0 0 0 0 0 0 0 0 0 0 0 0 0 0 0 0 0 0 0 0 0 0 0 0 0 0 0 0 0 0 0 0 0 0 0 0 0 0 0 0 0 0 0 0 0 0 0 0 0 0 0 0 0 0 0 0 0 0 0 0 0 0 0 0 0 0 0 0 0 0 0 0 0 0 0 0 0 0 0 0 0 0 0 0 0 0 0 0 0 0 0 0 0 0 0 0 0 0 0 0 0 0 0 0 0 0 0 0 0 0 0 0 0 0 0 0 0 0 0 0 0 0 0 0 0 0 0 0 0 0 0 0 0 0 0 0 0 0 0 0 0 0 0 0 0 0 0 0 0 0 0 0 0 0 0 0 0 0 0 0 0 0 0 0 0 0 0 0 0 0 0 0 0 0 0 0 0 0 0 0 0 0 0 0 0 0 0 0 0 0 0 0 0 0 0 0 0 0 0 0 0 0 0 0 0 0 0 0 0 0 0 0 0 0 0 0 0 0 0 0 0 0 0 0 0 0 0 0 0 0 0 0 0 0 0 0 0 0 0 0 0 0 0 0 0 0 0 0 0 0 0 0 0 0 0 0 0 0 -0.15144311273483949 -0.10493437872786293 -0.10372664615206362 -0.1932790416318271 -0.18329799356350493 -0.15637093992903664 -0.22856729226600081 -0.32257657626228248 -0.20039674935516855 -0.27298018376548328 -0.22203155789758608 -0.27524592786966362 -0.29752788382630163 -0.42421486680234632 1.558621760101585
0 0 0 0 0 0 0 0 0 0 0 0 0 0 0 0 0 0 0 0 0 0 0 0 0 0 0 0 0 0 0 0 0 0 0 0 0 0 0 0 0 0 0 0 0 0 0 0 0 0 0 0 0 0 0 0 0 0 0 0 0 0 0 0 0 0 0 0 0 0 0 0 0 0 0 0 0 0 0 0 0 0 0 0 0 0 0 0 0 0 0 0 0 0 0 0 0 0 0 0 0 0 0 0 0 0 0 0 0 0 0 0 0 0 0 0 0 0 0 0 0 0 0 0 0 0 0 0 0 0 0 0 0 0 0 0 0 0 0 0 0 0 0 0 0 0 0 0 0 0 0 0 0 0 0 0 0 0 0 0 0 0 0 0 0 0 0 0 0 0 0 0 0 0 0 0 0 0 0 0 0 0 0 0 0 0 0 0 0 0 0 0 0 0 0 0 0 0 0 0 0 0 0 0 0 0 0 0 0 0 0 0 0 0 0 0 0 0 0 0 0 0 0 0 0 0 0 0 0 0 0 0 0 0 0 0 0 0 0 0 0 0 0 0 0 0 0 0 0 0 0 0 0 0 0 0 0 0 0 0 0 0 0 0 0 0 0 0 0 0 0 0 0 0 0 0 0 0 0 0 0 0 0 0 0 0 0 0 0 0 0 0 0 0 0 0 0 0 0 0 0 0 0 0 0 0 0 0 0 0 0 0 0 0 0 0 0 0 0 0 0 0 0 0 0 0 0 0 0 0 0 0 0 0 0 0 0 0 0 0 0 0 0 0 0 0 0 0 0 0 0 0 0 0 0 0 0 0 0 0 0 0 0 0 0 0 0 0 0 0 0 0 0 0 0 0 0 0 0 0 0 0 0 0 0 0 0 0 0 0 0 0 0 0 0 0 0 0 0 0 0 0 0 0 0 0 0 0 0 0 0 0 0 0 0 0 0 0 0 0 0 0 0 0 0 0 0 0 0 0 0 0 0 0 0 0 0 0 0 0 0 0 0 0 0 0 0 0 0 0 0 0 0 0 0 0 0 0 0 0 0 0 0 -0.056348321959550356 -0.039043546123723766 -0.038594178022439841 -0.071914459952843027 -0.068200753202557876 -0.058181847355887301 -0.085044365117993903 -0.12002294754507474 -0.074562786965977471 -0.10156932861203689 -0.0826125763242814 -0.10241235723152797 -0.11070293450149929 -0.1578400989185908 -0.2703382557244095 1.2248473609436652
0 0 0 0 0 0 0 0 0 0 0 0 0 0 0 0 0 0 0 0 0 0 0 0 0 0 0 0 0 0 0 0 0 0 0 0 0 0 0 0 0 0 0 0 0 0 0 0 0 0 0 0 0 0 0 0 0 0 0 0 0 0 0 0 0 0 0 0 0 0 0 0 0 0 0 0 0 0 0 0 0 0 0 0 0 0 0 0 0 0 0 0 0 0 0 0 0 0 0 0 0 0 0 0 0 0 0 0 0 0 0 0 0 0 0 0 0 0 0 0 0 0 0 0 0 0 0 0 0 0 0 0 0 0 0 0 0 0 0 0 0 0 0 0 0 0 0 0 0 0 0 0 0 0 0 0 0 0 0 0 0 0 0 0 0 0 0 0 0 0 0 0 0 0 0 0 0 0 0 0 0 0 0 0 0 0 0 0 0 0 0 0 0 0 0 0 0 0 0 0 0 0 0 0 0 0 0 0 0 0 0 0 0 0 0 0 0 0 0 0 0 0 0 0 0 0 0 0 0 0 0 0 0 0 0 0 0 0 0 0 0 0 0 0 0 0 0 0 0 0 0 0 0 0 0 0 0 0 0 0 0 0 0 0 0 0 0 0 0 0 0 0 0 0 0 0 0 0 0 0 0 0 0 0 0 0 0 0 0 0 0 0 0 0 0 0 0 0 0 0 0 0 0 0 0 0 0 0 0 0 0 0 0 0 0 0 0 0 0 0 0 0 0 0 0 0 0 0 0 0 0 0 0 0 0 0 0 0 0 0 0 0 0 0 0 0 0 0 0 0 0 0 0 0 0 0 0 0 0 0 0 0 0 0 0 0 0 0 0 0 0 0 0 0 0 0 0 0 0 0 0 0 0 0 0 0 0 0 0 0 0 0 0 0 0 0 0 0 0 0 0 0 0 0 0 0 0 0 0 0 0 0 0 0 0 0 0 0 0 0 0 0 0 0 0 0 0 0 0 0 0 0 0 0 0 0 0 0 0 0 0 0 0 0 0 0 0 0 0 0 0 0 0 0 0 0 0 0 0 0 0 0 0 -0.073271378468875131 -0.050769470062514928 -0.050185143518688857 -0.093512485010149193 -0.088683443019903427 -0.075655565407817593 -0.1105856864323109 -0.15606936477785538 -0.096956182429000684 -0.13207358194099236 -0.10742356002172507 -0.13316979682176852 -0.14395027801000315 -0.20524411771713058 -0.35152877603024241 -0.24402401634326062 1.2634913412758177
0 0 0 0 0 0 0 0 0 0 0 0 0 0 0 0 0 0 0 0 0 0 0 0 0 0 0 0 0 0 0 0 0 0 0 0 0 0 0 0 0 0 0 0 0 0 0 0 0 0 0 0 0 0 0 0 0 0 0 0 0 0 0 0 0 0 0 0 0 0 0 0 0 0 0 0 0 0 0 0 0 0 0 0 0 0 0 0 0 0 0 0 0 0 0 0 0 0 0 0 0 0 0 0 0 0 0 0 0 0 0 0 0 0 0 0 0 0 0 0 0 0 0 0 0 0 0 0 0 0 0 0 0 0 0 0 0 0 0 0 0 0 0 0 0 0 0 0 0 0 0 0 0 0 0 0 0 0 0 0 0 0 0 0 0 0 0 0 0 0 0 0 0 0 0 0 0 0 0 0 0 0 0 0 0 0 0 0 0 0 0 0 0 0 0 0 0 0 0 0 0 0 0 0 0 0 0 0 0 0 0 0 0 0 0 0 0 0 0 0 0 0 0 0 0 0 0 0 0 0 0 0 0 0 0 0 0 0 0 0 0 0 0 0 0 0 0 0 0 0 0 0 0 0 0 0 0 0 0 0 0 0 0 0 0 0 0 0 0 0 0 0 0 0 0 0 0 0 0 0 0 0 0 0 0 0 0 0 0 0 0 0 0 0 0 0 0 0 0 0 0 0 0 0 0 0 0 0 0 0 0 0 0 0 0 0 0 0 0 0 0 0 0 0 0 0 0 0 0 0 0 0 0 0 0 0 0 0 0 0 0 0 0 0 0 0 0 0 0 0 0 0 0 0 0 0 0 0 0 0 0 0 0 0 0 0 0 0 0 0 0 0 0 0 0 0 0 0 0 0 0 0 0 0 0 0 0 0 0 0 0 0 0 0 0 0 0 0 0 0 0 0 0 0 0 0 0 0 0 0 0 0 0 0 0 0 0 0 0 0 0 0 0 0 0 0 0 0 0 0 0 0 0 0 0 0 0 0 0 0 0 0 0 0 0 0 0 0 0 0 0 0 0 0 0 0 0 0 0 0 0 0 0 -0.058317724982269309 -0.040408138272695474 -0.039943064523644073 -0.074427907556659872 -0.070584404832951808 -0.06021533304038227 -0.088016709704383578 -0.1242178116948999 -0.07716879496988166 -0.10511922922713746 -0.085499928633449324 -0.10599172213329645 -0.11457205937069451 -0.16335669208599141 -0.27978671770988756 -0.19422216111602503 -0.28233947376241653 1.1842531856045948
0 0 0 0 0 0 0 0 0 0 0 0 0 0 0 0 0 0 0 0 0 0 0 0 0 0 0 0 0 0 0 0 0 0 0 0 0 0 0 0 0 0 0 0 0 0 0 0 0 0 0 0 0 0 0 0 0 0 0 0 0 0 0 0 0 0 0 0 0 0 0 0 0 0 0 0 0 0 0 0 0 0 0 0 0 0 0 0 0 0 0 0 0 0 0 0 0 0 0 0 0 0 0 0 0 0 0 0 0 0 0 0 0 0 0 0 0 0 0 0 0 0 0 0 0 0 0 0 0 0 0 0 0 0 0 0 0 0 0 0 0 0 0 0 0 0 0 0 0 0 0 0 0 0 0 0 0 0 0 0 0 0 0 0 0 0 0 0 0 0 0 0 0 0 0 0 0 0 0 0 0 0 0 0 0 0 0 0 0 0 0 0 0 0 0 0 0 0 0 0 0 0 0 0 0 0 0 0 0 0 0 0 0 0 0 0 0 0 0 0 0 0 0 0 0 0 0 0 0 0 0 0 0 0 0 0 0 0 0 0 0 0 0 0 0 0 0 0 0 0 0 0 0 0 0 0 0 0 0 0 0 0 0 0 0 0 0 0 0 0 0 0 0 0 0 0 0 0 0 0 0 0 0 0 0 0 0 0 0 0 0 0 0 0 0 0 0 0 0 0 0 0 0 0 0 0 0 0 0 0 0 0 0 0 0 0 0 0 0 0 0 0 0 0 0 0 0 0 0 0 0 0 0 0 0 0 0 0 0 0 0 0 0 0 0 0 0 0 0 0 0 0 0 0 0 0 0 0 0 0 0 0 0 0 0 0 0 0 0 0 0 0 0 0 0 0 0 0 0 0 0 0 0 0 0 0 0 0 0 0 0 0 0 0 0 0 0 0 0 0 0 0 0 0 0 0 0 0 0 0 0 0 0 0 0 0 0 0 0 0 0 0 0 0 0 0 0 0 0 0 0 0 0 0 0 0 0 0 0 0 0 0 0 0 0 0 0 0 0 0 0 0 0 0 0 0 0 0 0 0 0 0 0 -0.057229867098545398 -0.039654365525217478 -0.039197967254240247 -0.073039530591865978 -0.069267724504821299 -0.059092077207118086 -0.086374847447574746 -0.12190065467630398 -0.075729289536311042 -0.10315833685212664 -0.083905014369389991 -0.10401455428994817 -0.11243483405748544 -0.16030943903558842 -0.27456758087431166 -0.19059914411342083 -0.2770727178573763 -0.30133874596941318 1.1424473187250428
0 0 0 0 0 0 0 0 0 0 0 0 0 0 0 0 0 0 0 0 0 0 0 0 0 0 0 0 0 0 0 0 0 0 0 0 0 0 0 0 0 0 0 0 0 0 0 0 0 0 0 0 0 0 0 0 0 0 0 0 0 0 0 0 0 0 0 0 0 0 0 0 0 0 0 0 0 0 0 0 0 0 0 0 0 0 0 0 0 0 0 0 0 0 0 0 0 0 0 0 0 0 0 0 0 0 0 0 0 0 0 0 0 0 0 0 0 0 0 0 0 0 0 0 0 0 0 0 0 0 0 0 0 0 0 0 0 0 0 0 0 0 0 0 0 0 0 0 0 0 0 0 0 0 0 0 0 0 0 0 0 0 0 0 0 0 0 0 0 0 0 0 0 0 0 0 0 0 0 0 0 0 0 0 0 0 0 0 0 0 0 0 0 0 0 0 0 0 0 0 0 0 0 0 0 0 0 0 0 0 0 0 0 0 0 0 0 0 0 0 0 0 0 0 0 0 0 0 0 0 0 0 0 0 0 0 0 0 0 0 0 0 0 0 0 0 0 0 0 0 0 0 0 0 0 0 0 0 0 0 0 0 0 0 0 0 0 0 0 0 0 0 0 0 0 0 0 0 0 0 0 0 0 0 0 0 0 0 0 0 0 0 0 0 0 0 0 0 0 0 0 0 0 0 0 0 0 0 0 0 0 0 0 0 0 0 0 0 0 0 0 0 0 0 0 0 0 0 0 0 0 0 0 0 0 0 0 0 0 0 0 0 0 0 0 0 0 0 0 0 0 0 0 0 0 0 0 0 0 0 0 0 0 0 0 0 0 0 0 0 0 0 0 0 0 0 0 0 0 0 0 0 0 0 0 0 0 0 0 0 0 0 0 0 0 0 0 0 0 0 0 0 0 0 0 0 0 0 0 0 0 0 0 0 0 0 0 0 0 0 0 0 0 0 0 0 0 0 0 0 0 0 0 0 0 0 0 0 0 0 0 0 0 0 0 0 0 0 0 0 0 0 0 0 0 0 0 0 0 0 0 0 0 -0.08190174735136789 -0.056749421085195949 -0.056096268845355617 -0.1045269801325389 -0.099129142869216924 -0.084566758988820323 -0.12361117178523054 -0.17445220699313388 -0.10837629813156016 -0.14763004826661411 -0.12007659001831446 -0.14885538230678494 -0.16090565712152771 -0.22941907503164546 -0.39293407061250613 -0.27276671671601932 -0.39651917584984986 -0.43124632452959494 -0.55243630959780332 0.99999999994999988
0 0 0 0 0 0 0 0 0 0 0 0 0 0 0 0 0 0 0 0 0 0 0 0 0 0 0 0 0 0 0 0 0 0 0 0 0 0 0 0 0 0 0 0 0 0 0 0 0 0 0 0 0 0 0 0 0 0 0 0 0 0 0 0 0 0 0 0 0 0 0 0 0 0 0 0 0 0 0 0 0 0 0 0 0 0 0 0 0 0 0 0 0 0 0 0 0 0 0 0 0 0 0 0 0 0 0 0 0 0 0 0 0 0 0 0 0 0 0 0 0 0 0 0 0 0 0 0 0 0 0 0 0 0 0 0 0 0 0 0 0 0 0 0 0 0 0 0 0 0 0 0 0 0 0 0 0 0 0 0 0 0 0 0 0 0 0 0 0 0 0 0 0 0 0 0 0 0 0 0 0 0 0 0 0 0 0 0 0 0 0 0 0 0 0 0 0 0 0 0 0 0 0 0 0 0 0 0 0 0 0 0 0 0 0 0 0 0 0 0 0 0 0 0 0 0 0 0 0 0 0 0 0 0 0 0 0 0 0 0 0 0 0 0 0 0 0 0 0 0 0 0 0 0 0 0 0 0 0 0 0 0 0 0 0 0 0 0 0 0 0 0 0 0 0 0 0 0 0 0 0 0 0 0 0 0 0 0 0 0 0 0 0 0 0 0 0 0 0 0 0 0 0 0 0 0 0 0 0 0 0 0 0 0 0 0 0 0 0 0 0 0 0 0 0 0 0 0 0 0 0 0 0 0 0 0 0 0 0 0 0 0 0 0 0 0 0 0 0 0 0 0 0 0 0 0 0 0 0 0 0 0 0 0 0 0 0 0 0 0 0 0 0 0 0 0 0 0 0 0 0 0 0 0 0 0 0 0 0 0 0 0 0 0 0 0 0 0 0 0 0 0 0 0 0 0 0 0 0 0 0 0 0 0 0 0 0 0 0 0 0 0 0 0 0 0 0 0 0 0 0 0 0 0 0 0 0 0 0 0 0 0 0 0 0 0 0 0 0 0 0 0 0 0 0 0 0 0 0 0 0 0 0 0 0 0 0 0 0 0 0 0 0 0 0 0 0 0 0 0 0 0 0 1.3619498756509765
0 0 0 0 0 0 0 0 0 0 0 0 0 0 0 0 0 0 0 0 0 0 0 0 0 0 0 0 0 0 0 0 0 0 0 0 0 0 0 0 0 0 0 0 0 0 0 0 0 0 0 0 0 0 0 0 0 0 0 0 0 0 0 0 0 0 0 0 0 0 0 0 0 0 0 0 0 0 0 0 0 0 0 0 0 0 0 0 0 0 0 0 0 0 0 0 0 0 0 0 0 0 0 0 0 0 0 0 0 0 0 0 0 0 0 0 0 0 0 0 0 0 0 0 0 0 0 0 0 0 0 0 0 0 0 0 0 0 0 0 0 0 0 0 0 0 0 0 0 0 0 0 0 0 0 0 0 0 0 0 0 0 0 0 0 0 0 0 0 0 0 0 0 0 0 0 0 0 0 0 0 0 0 0 0 0 0 0 0 0 0 0 0 0 0 0 0 0 0 0 0 0 0 0 0 0 0 0 0 0 0 0 0 0 0 0 0 0 0 0 0 0 0 0 0 0 0 0 0 0 0 0 0 0 0 0 0 0 0 0 0 0 0 0 0 0 0 0 0 0 0 0 0 0 0 0 0 0 0 0 0 0 0 0 0 0 0 0 0 0 0 0 0 0 0 0 0 0 0 0 0 0 0 0 0 0 0 0 0 0 0 0 0 0 0 0 0 0 0 0 0 0 0 0 0 0 0 0 0 0 0 0 0 0 0 0 0 0 0 0 0 0 0 0 0 0 0 0 0 0 0 0 0 0 0 0 0 0 0 0 0 0 0 0 0 0 0 0 0 0 0 0 0 0 0 0 0 0 0 0 0 0 0 0 0 0 0 0 0 0 0 0 0 0 0 0 0 0 0 0 0 0 0 0 0 0 0 0 0 0 0 0 0 0 0 0 0 0 0 0 0 0 0 0 0 0 0 0 0 0 0 0 0 0 0 0 0 0 0 0 0 0 0 0 0 0 0 0 0 0 0 0 0 0 0 0 0 0 0 0 0 0 0 0 0 0 0 0 0 0 0 0 0 0 0 0 0 0 0 0 0 0 0 0 0 0 0 0 0 0 0 0 0 0 0 0 0 0 0 0 0 0 0 -0.17611418372079118 1.7869398252723074
0 0 0 0 0 0 0 0 0 0 0 0 0 0 0 0 0 0 0 0 0 0 0 0 0 0 0 0 0 0 0 0 0 0 0 0 0 0 0 0 0 0 0 0 0 0 0 0 0 0 0 0 0 0 0 0 0 0 0 0 0 0 0 0 0 0 0 0 0 0 0 0 0 0 0 0 0 0 0 0 0 0 0 0 0 0 0 0 0 0 0 0 0 0 0 0 0 0 0 0 0 0 0 0 0 0 0 0 0 0 0 0 0 0 0 0 0 0 0 0 0 0 0 0 0 0 0 0 0 0 0 0 0 0 0 0 0 0 0 0 0 0 0 0 0 0 0 0 0 0 0 0 0 0 0 0 0 0 0 0 0 0 0 0 0 0 0 0 0 0 0 0 0 0 0 0 0 0 0 0 0 0 0 0 0 0 0 0 0 0 0 0 0 0 0 0 0 0 0 0 0 0 0 0 0 0 0 0 0 0 0 0 0 0 0 0 0 0 0 0 0 0 0 0 0 0 0 0 0 0 0 0 0 0 0 0 0 0 0 0 0 0 0 0 0 0 0 0 0 0 0 0 0 0 0 0 0 0 0 0 0 0 0 0 0 0 0 0 0 0 0 0 0 0 0 0 0 0 0 0 0 0 0 0 0 0 0 0 0 0 0 0 0 0 0 0 0 0 0 0 0 0 0 0 0 0 0 0 0 0 0 0 0 0 0 0 0 0 0 0 0 0 0 0 0 0 0 0 0 0 0 0 0 0 0 0 0 0 0 0 0 0 0 0 0 0 0 0 0 0 0 0 0 0 0 0 0 0 0 0 0 0 0 0 0 0 0 0 0 0 0 0 0 0 0 0 0 0 0 0 0 0 0 0 0 0 0 0 0 0 0 0 0 0 0 0 0 0 0 0 0 0 0 0 0 0 0 0 0 0 0 0 0 0 0 0 0 0 0 0 0 0 0 0 0 0 0 0 0 0 0 0 0 0 0 0 0 0 0 0 0 0 0 0 0 0 0 0 0 0 0 0 0 0 0 0 0 0 0 0 0 0 0 0 0 0 0 0 0 0 0 0 0 0 0 0 0 0 0 0 0 0 0 -0.096889098123436226 -0.18552876590252393 1.4641747878356641
0 0 0 0 0 0 0 0 0 0 0 0 0 0 0 0 0 0 0 0 0 0 0 0 0 0 0 0 0 0 0 0 0 0 0 0 0 0 0 0 0 0 0 0 0 0 0 0 0 0 0 0 0 0 0 0 0 0 0 0 0 0 0 0 0 0 0 0 0 0 0 0 0 0 0 0 0 0 0 0 0 0 0 0 0 0 0 0 0 0 0 0 0 0 0 0 0 0 0 0 0 0 0 0 0 0 0 0 0 0 0 0 0 0 0 0 0 0 0 0 0 0 0 0 0 0 0 0 0 0 0 0 0 0 0 0 0 0 0 0 0 0 0 0 0 0 0 0 0 0 0 0 0 0 0 0 0 0 0 0 0 0 0 0 0 0 0 0 0 0 0 0 0 0 0 0 0 0 0 0 0 0 0 0 0 0 0 0 0 0 0 0 0 0 0 0 0 0 0 0 0 0 0 0 0 0 0 0 0 0 0 0 0 0 0 0 0 0 0 0 0 0 0 0 0 0 0 0 0 0 0 0 0 0 0 0 0 0 0 0 0 0 0 0 0 0 0 0 0 0 0 0 0 0 0 0 0 0 0 0 0 0 0 0 0 0 0 0 0 0 0 0 0 0 0 0 0 0 0 0 0 0 0 0 0 0 0 0 0 0 0 0 0 0 0 0 0 0 0 0 0 0 0 0 0 0 0 0 0 0 0 0 0 0 0 0 0 0 0 0 0 0 0 0 0 0 0 0 0 0 0 0 0 0 0 0 0 0 0 0 0 0 0 0 0 0 0 0 0 0 0 0 0 0 0 0 0 0 0 0 0 0 0 0 0 0 0 0 0 0 0 0 0 0 0 0 0 0 0 0 0 0 0 0 0 0 0 0 0 0 0 0 0 0 0 0 0 0 0 0 0 0 0 0 0 0 0 0 0 0 0 0 0 0 0 0 0 0 0 0 0 0 0 0 0 0 0 0 0 0 0 0 0 0 0 0 0 0 0 0 0 0 0 0 0 0 0 0 0 0 0 0 0 0 0 0 0 0 0 0 0 0 0 0 0 0 0 0 0 0 0 0 0 0 0 0 0 0 0 0 0 0 0 -0.077519853457275398 -0.14843943254121308 -0.11847504595482768 1.365924492111938
0 0 0 0 0 0 0 0 0 0 0 0 0 0 0 0 0 0 0 0 0 0 0 0 0 0 0 0 0 0 0 0 0 0 0 0 0 0 0 0 0 0 0 0 0 0 0 0 0 0 0 0 0 0 0 0 0 0 0 0 0 0 0 0 0 0 0 0 0 0 0 0 0 0 0 0 0 0 0 0 0 0 0 0 0 0 0 0 0 0 0 0 0 0 0 0 0 0 0 0 0 0 0 0 0 0 0 0 0 0 0 0 0 0 0 0 0 0 0 0 0 0 0 0 0 0 0 0 0 0 0 0 0 0 0 0 0 0 0 0 0 0 0 0 0 0 0 0 0 0 0 0 0 0 0 0 0 0 0 0 0 0 0 0 0 0 0 0 0 0 0 0 0 0 0 0 0 0 0 0 0 0 0 0 0 0 0 0 0 0 0 0 0 0 0 0 0 0 0 0 0 0 0 0 0 0 0 0 0 0 0 0 0 0 0 0 0 0 0 0 0 0 0 0 0 0 0 0 0 0 0 0 0 0 0 0 0 0 0 0 0 0 0 0 0 0 0 0 0 0 0 0 0 0 0 0 0 0 0 0 0 0 0 0 0 0 0 0 0 0 0 0 0 0 0 0 0 0 0 0 0 0 0 0 0 0 0 0 0 0 0 0 0 0 0 0 0 0 0 0 0 0 0 0 0 0 0 0 0 0 0 0 0 0 0 0 0 0 0 0 0 0 0 0 0 0 0 0 0 0 0 0 0 0 0 0 0 0 0 0 0 0 0 0 0 0 0 0 0 0 0 0 0 0 0 0 0 0 0 0 0 0 0 0 0 0 0 0 0 0 0 0 0 0 0 0 0 0 0 0 0 0 0 0 0 0 0 0 0 0 0 0 0 0 0 0 0 0 0 0 0 0 0 0 0 0 0 0 0 0 0 0 0 0 0 0 0 0 0 0 0 0 0 0 0 0 0 0 0 0 0 0 0 0 0 0 0 0 0 0 0 0 0 0 0 0 0 0 0 0 0 0 0 0 0 0 0 0 0 0 0 0 0 0 0 0 0 0 0 0 0 0 0 0 0 0 0 0 0 0 0 0 0 -0.10003542568246077 -0.19155353319272206 -0.15288601727520368 -0.14438167856818787 1.4633520008280989
0 0 0 0 0 0 0 0 0 0 0 0 0 0 0 0 0 0 0 0 0 0 0 0 0 0 0 0 0 0 0 0 0 0 0 0 0 0 0 0 0 0 0 0 0 0 0 0 0 0 0 0 0 0 0 0 0 0 0 0 0 0 0 0 0 0 0 0 0 0 0 0 0 0 0 0 0 0 0 0 0 0 0 0 0 0 0 0 0 0 0 0 0 0 0 0 0 0 0 0 0 0 0 0 0 0 0 0 0 0 0 0 0 0 0 0 0 0 0 0 0 0 0 0 0 0 0 0 0 0 0 0 0 0 0 0 0 0 0 0 0 0 0 0 0 0 0 0 0 0 0 0 0 0 0 0 0 0 0 0 0 0 0 0 0 0 0 0 0 0 0 0 0 0 0 0 0 0 0 0 0 0 0 0 0 0 0 0 0 0 0 0 0 0 0 0 0 0 0 0 0 0 0 0 0 0 0 0 0 0 0 0 0 0 0 0 0 0 0 0 0 0 0 0 0 0 0 0 0 0 0 0 0 0 0 0 0 0 0 0 0 0 0 0 0 0 0 0 0 0 0 0 0 0 0 0 0 0 0 0 0 0 0 0 0 0 0 0 0 0 0 0 0 0 0 0 0 0 0 0 0 0 0 0 0 0 0 0 0 0 0 0 0 0 0 0 0 0 0 0 0 0 0 0 0 0 0 0 0 0 0 0 0 0 0 0 0 0 0 0 0 0 0 0 0 0 0 0 0 0 0 0 0 0 0 0 0 0 0 0 0 0 0 0 0 0 0 0 0 0 0 0 0 0 0 0 0 0 0 0 0 0 0 0 0 0 0 0 0 0 0 0 0 0 0 0 0 0 0 0 0 0 0 0 0 0 0 0 0 0 0 0 0 0 0 0 0 0 0 0 0 0 0 0 0 0 0 0 0 0 0 0 0 0 0 0 0 0 0 0 0 0 0 0 0 0 0 0 0 0 0 0 0 0 0 0 0 0 0 0 0 0 0 0 0 0 0 0 0 0 0 0 0 0 0 0 0 0 0 0 0 0 0 0 0 0 0 0 0 0 0 0 0 0 0 0 0 0 0 0 0 0 0 -0.07848955906384443 -0.1502962800912471 -0.11995706522056632 -0.11328441110139378 -0.14763204268224239 1.3580212976532013
0 0 0 0 0 0 0 0 0 0 0 0 0 0 0 0 0 0 0 0 0 0 0 0 0 0 0 0 0 0 0 0 0 0 0 0 0 0 0 0 0 0 0 0 0 0 0 0 0 0 0 0 0 0 0 0 0 0 0 0 0 0 0 0 0 0 0 0 0 0 0 0 0 0 0 0 0 0 0 0 0 0 0 0 0 0 0 0 0 0 0 0 0 0 0 0 0 0 0 0 0 0 0 0 0 0 0 0 0 0 0 0 0 0 0 0 0 0 0 0 0 0 0 0 0 0 0 0 0 0 0 0 0 0 0 0 0 0 0 0 0 0 0 0 0 0 0 0 0 0 0 0 0 0 0 0 0 0 0 0 0 0 0 0 0 0 0 0 0 0 0 0 0 0 0 0 0 0 0 0 0 0 0 0 0 0 0 0 0 0 0 0 0 0 0 0 0 0 0 0 0 0 0 0 0 0 0 0 0 0 0 0 0 0 0 0 0 0 0 0 0 0 0 0 0 0 0 0 0 0 0 0 0 0 0 0 0 0 0 0 0 0 0 0 0 0 0 0 0 0 0 0 0 0 0 0 0 0 0 0 0 0 0 0 0 0 0 0 0 0 0 0 0 0 0 0 0 0 0 0 0 0 0 0 0 0 0 0 0 0 0 0 0 0 0 0 0 0 0 0 0 0 0 0 0 0 0 0 0 0 0 0 0 0 0 0 0 0 0 0 0 0 0 0 0 0 0 0 0 0 0 0 0 0 0 0 0 0 0 0 0 0 0 0 0 0 0 0 0 0 0 0 0 0 0 0 0 0 0 0 0 0 0 0 0 0 0 0 0 0 0 0 0 0 0 0 0 0 0 0 0 0 0 0 0 0 0 0 0 0 0 0 0 0 0 0 0 0 0 0 0 0 0 0 0 0 0 0 0 0 0 0 0 0 0 0 0 0 0 0 0 0 0 0 0 0 0 0 0 0 0 0 0 0 0 0 0 0 0 0 0 0 0 0 0 0 0 0 0 0 0 0 0 0 0 0 0 0 0 0 0 0 0 0 0 0 0 0 0 0 0 0 0 0 0 0 0 0 0 0 0 0 0 -0.15664945010149428 -0.29996129306119779 -0.23941029261364305 -0.22609301053239672 -0.29464400844349525 -0.28114495309918236 1.6122533437290856
0 0 0 0 0 0 0 0 0 0 0 0 0 0 0 0 0 0 0 0 0 0 0 0 0 0 0 0 0 0 0 0 0 0 0 0 0 0 0 0 0 0 0 0 0 0 0 0 0 0 0 0 0 0 0 0 0 0 0 0 0 0 0 0 0 0 0 0 0 0 0 0 0 0 0 0 0 0 0 0 0 0 0 0 0 0 0 0 0 0 0 0 0 0 0 0 0 0 0 0 0 0 0 0 0 0 0 0 0 0 0 0 0 0 0 0 0 0 0 0 0 0 0 0 0 0 0 0 0 0 0 0 0 0 0 0 0 0 0 0 0 0 0 0 0 0 0 0 0 0 0 0 0 0 0 0 0 0 0 0 0 0 0 0 0 0 0 0 0 0 0 0 0 0 0 0 0 0 0 0 0 0 0 0 0 0 0 0 0 0 0 0 0 0 0 0 0 0 0 0 0 0 0 0 0 0 0 0 0 0 0 0 0 0 0 0 0 0 0 0 0 0 0 0 0 0 0 0 0 0 0 0 0 0 0 0 0 0 0 0 0 0 0 0 0 0 0 0 0 0 0 0 0 0 0 0 0 0 0 0 0 0 0 0 0 0 0 0 0 0 0 0 0 0 0 0 0 0 0 0 0 0 0 0 0 0 0 0 0 0 0 0 0 0 0 0 0 0 0 0 0 0 0 0 0 0 0 0 0 0 0 0 0 0 0 0 0 0 0 0 0 0 0 0 0 0 0 0 0 0 0 0 0 0 0 0 0 0 0 0 0 0 0 0 0 0 0 0 0 0 0 0 0 0 0 0 0 0 0 0 0 0 0 0 0 0 0 0 0 0 0 0 0 0 0 0 0 0 0 0 0 0 0 0 0 0 0 0 0 0 0 0 0 0 0 0 0 0 0 0 0 0 0 0 0 0 0 0 0 0 0 0 0 0 0 0 0 0 0 0 0 0 0 0 0 0 0 0 0 0 0 0 0 0 0 0 0 0 0 0 0 0 0 0 0 0 0 0 0 0 0 0 0 0 0 0 0 0 0 0 0 0 0 0 0 0 0 0 0 0 0 0 0 0 0 0 0 0 0 0 0 0 0 -0.059003247771626507 -0.11298278088381539 -0.090175770199052999 -0.085159711133570751 -0.1109799838004726 -0.10589545840541149 -0.19648557965505814 1.2419946948366383
0 0 0 0 0 0 0 0 0 0 0 0 0 0 0 0 0 0 0 0 0 0 0 0 0 0 0 0 0 0 0 0 0 0 0 0 0 0 0 0 0 0 0 0 0 0 0 0 0 0 0 0 0 0 0 0 0 0 0 0 0 0 0 0 0 0 0 0 0 0 0 0 0 0 0 0 0 0 0 0 0 0 0 0 0 0 0 0 0 0 0 0 0 0 0 0 0 0 0 0 0 0 0 0 0 0 0 0 0 0 0 0 0 0 0 0 0 0 0 0 0 0 0 0 0 0 0 0 0 0 0 0 0 0 0 0 0 0 0 0 0 0 0 0 0 0 0 0 0 0 0 0 0 0 0 0 0 0 0 0 0 0 0 0 0 0 0 0 0 0 0 0 0 0 0 0 0 0 0 0 0 0 0 0 0 0 0 0 0 0 0 0 0 0 0 0 0 0 0 0 0 0 0 0 0 0 0 0 0 0 0 0 0 0 0 0 0 0 0 0 0 0 0 0 0 0 0 0 0 0 0 0 0 0 0 0 0 0 0 0 0 0 0 0 0 0 0 0 0 0 0 0 0 0 0 0 0 0 0 0 0 0 0 0 0 0 0 0 0 0 0 0 0 0 0 0 0 0 0 0 0 0 0 0 0 0 0 0 0 0 0 0 0 0 0 0 0 0 0 0 0 0 0 0 0 0 0 0 0 0 0 0 0 0 0 0 0 0 0 0 0 0 0 0 0 0 0 0 0 0 0 0 0 0 0 0 0 0 0 0 0 0 0 0 0 0 0 0 0 0 0 0 0 0 0 0 0 0 0 0 0 0 0 0 0 0 0 0 0 0 0 0 0 0 0 0 0 0 0 0 0 0 0 0 0 0 0 0 0 0 0 0 0 0 0 0 0 0 0 0 0 0 0 0 0 0 0 0 0 0 0 0 0 0 0 0 0 0 0 0 0 0 0 0 0 0 0 0 0 0 0 0 0 0 0 0 0 0 0 0 0 0 0 0 0 0 0 0 0 0 0 0 0 0 0 0 0 0 0 0 0 0 0 0 0 0 0 0 0 0 0 0 0 0 0 0 0 0 0 0 0 0 0 -0.11628462408983901 -0.22266842419506547 -0.17771997196146017 -0.16783423575419801 -0.21872127696571056 -0.20870060612859989 -0.38723718832728027 -0.25059949218526129 1.4255130288604294
0 0 0 0 0 0 0 0 0 0 0 0 0 0 0 0 0 0 0 0 0 0 0 0 0 0 0 0 0 0 0 0 0 0 0 0 0 0 0 0 0 0 0 0 0 0 0 0 0 0 0 0 0 0 0 0 0 0 0 0 0 0 0 0 0 0 0 0 0 0 0 0 0 0 0 0 0 0 0 0 0 0 0 0 0 0 0 0 0 0 0 0 0 0 0 0 0 0 0 0 0 0 0 0 0 0 0 0 0 0 0 0 0 0 0 0 0 0 0 0 0 0 0 0 0 0 0 0 0 0 0 0 0 0 0 0 0 0 0 0 0 0 0 0 0 0 0 0 0 0 0 0 0 0 0 0 0 0 0 0 0 0 0 0 0 0 0 0 0 0 0 0 0 0 0 0 0 0 0 0 0 0 0 0 0 0 0 0 0 0 0 0 0 0 0 0 0 0 0 0 0 0 0 0 0 0 0 0 0 0 0 0 0 0 0 0 0 0 0 0 0 0 0 0 0 0 0 0 0 0 0 0 0 0 0 0 0 0 0 0 0 0 0 0 0 0 0 0 0 0 0 0 0 0 0 0 0 0 0 0 0 0 0 0 0 0 0 0 0 0 0 0 0 0 0 0 0 0 0 0 0 0 0 0 0 0 0 0 0 0 0 0 0 0 0 0 0 0 0 0 0 0 0 0 0 0 0 0 0 0 0 0 0 0 0 0 0 0 0 0 0 0 0 0 0 0 0 0 0 0 0 0 0 0 0 0 0 0 0 0 0 0 0 0 0 0 0 0 0 0 0 0 0 0 0 0 0 0 0 0 0 0 0 0 0 0 0 0 0 0 0 0 0 0 0 0 0 0 0 0 0 0 0 0 0 0 0 0 0 0 0 0 0 0 0 0 0 0 0 0 0 0 0 0 0 0 0 0 0 0 0 0 0 0 0 0 0 0 0 0 0 0 0 0 0 0 0 0 0 0 0 0 0 0 0 0 0 0 0 0 0 0 0 0 0 0 0 0 0 0 0 0 0 0 0 0 0 0 0 0 0 0 0 0 0 0 0 0 0 0 0 0 0 0 0 0 0 0 0 0 0 0 0 -0.058174895058144327 -0.11139660390786142 -0.088909783210949528 -0.083964145118800154 -0.10942192430044068 -0.10440878108461238 -0.19372709822879258 -0.12536996420299532 -0.23731197556385372 1.2087210459308004
0 0 0 0 0 0 0 0 0 0 0 0 0 0 0 0 0 0 0 0 0 0 0 0 0 0 0 0 0 0 0 0 0 0 0 0 0 0 0 0 0 0 0 0 0 0 0 0 0 0 0 0 0 0 0 0 0 0 0 0 0 0 0 0 0 0 0 0 0 0 0 0 0 0 0 0 0 0 0 0 0 0 0 0 0 0 0 0 0 0 0 0 0 0 0 0 0 0 0 0 0 0 0 0 0 0 0 0 0 0 0 0 0 0 0 0 0 0 0 0 0 0 0 0 0 0 0 0 0 0 0 0 0 0 0 0 0 0 0 0 0 0 0 0 0 0 0 0 0 0 0 0 0 0 0 0 0 0 0 0 0 0 0 0 0 0 0 0 0 0 0 0 0 0 0 0 0 0 0 0 0 0 0 0 0 0 0 0 0 0 0 0 0 0 0 0 0 0 0 0 0 0 0 0 0 0 0 0 0 0 0 0 0 0 0 0 0 0 0 0 0 0 0 0 0 0 0 0 0 0 0 0 0 0 0 0 0 0 0 0 0 0 0 0 0 0 0 0 0 0 0 0 0 0 0 0 0 0 0 0 0 0 0 0 0 0 0 0 0 0 0 0 0 0 0 0 0 0 0 0 0 0 0 0 0 0 0 0 0 0 0 0 0 0 0 0 0 0 0 0 0 0 0 0 0 0 0 0 0 0 0 0 0 0 0 0 0 0 0 0 0 0 0 0 0 0 0 0 0 0 0 0 0 0 0 0 0 0 0 0 0 0 0 0 0 0 0 0 0 0 0 0 0 0 0 0 0 0 0 0 0 0 0 0 0 0 0 0 0 0 0 0 0 0 0 0 0 0 0 0 0 0 0 0 0 0 0 0 0 0 0 0 0 0 0 0 0 0 0 0 0 0 0 0 0 0 0 0 0 0 0 0 0 0 0 0 0 0 0 0 0 0 0 0 0 0 0 0 0 0 0 0 0 0 0 0 0 0 0 0 0 0 0 0 0 0 0 0 0 0 0 0 0 0 0 0 0 0 0 0 0 0 0 0 0 0 0 0 0 0 0 0 0 0 0 0 0 0 0 0 0 0 0 -0.089178973482479246 -0.17076497991115175 -0.13629389776083825 -0.12871250156179201 -0.16773790267842867 -0.16005302476912825 -0.29697318299441372 -0.19218538687493614 -0.36378644696705559 -0.2860605005223284 1.2695676456109142
0 0 0 0 0 0 0 0 0 0 0 0 0 0 0 0 0 0 0 0 0 0 0 0 0 0 0 0 0 0 0 0 0 0 0 0 0 0 0 0 0 0 0 0 0 0 0 0 0 0 0 0 0 0 0 0 0 0 0 0 0 0 0 0 0 0 0 0 0 0 0 0 0 0 0 0 0 0 0 0 0 0 0 0 0 0 0 0 0 0 0 0 0 0 0 0 0 0 0 0 0 0 0 0 0 0 0 0 0 0 0 0 0 0 0 0 0 0 0 0 0 0 0 0 0 0 0 0 0 0 0 0 0 0 0 0 0 0 0 0 0 0 0 0 0 0 0 0 0 0 0 0 0 0 0 0 0 0 0 0 0 0 0 0 0 0 0 0 0 0 0 0 0 0 0 0 0 0 0 0 0 0 0 0 0 0 0 0 0 0 0 0 0 0 0 0 0 0 0 0 0 0 0 0 0 0 0 0 0 0 0 0 0 0 0 0 0 0 0 0 0 0 0 0 0 0 0 0 0 0 0 0 0 0 0 0 0 0 0 0 0 0 0 0 0 0 0 0 0 0 0 0 0 0 0 0 0 0 0 0 0 0 0 0 0 0 0 0 0 0 0 0 0 0 0 0 0 0 0 0 0 0 0 0 0 0 0 0 0 0 0 0 0 0 0 0 0 0 0 0 0 0 0 0 0 0 0 0 0 0 0 0 0 0 0 0 0 0 0 0 0 0 0 0 0 0 0 0 0 0 0 0 0 0 0 0 0 0 0 0 0 0 0 0 0 0 0 0 0 0 0 0 0 0 0 0 0 0 0 0 0 0 0 0 0 0 0 0 0 0 0 0 0 0 0 0 0 0 0 0 0 0 0 0 0 0 0 0 0 0 0 0 0 0 0 0 0 0 0 0 0 0 0 0 0 0 0 0 0 0 0 0 0 0 0 0 0 0 0 0 0 0 0 0 0 0 0 0 0 0 0 0 0 0 0 0 0 0 0 0 0 0 0 0 0 0 0 0 0 0 0 0 0 0 0 0 0 0 0 0 0 0 0 0 0 0 0 0 0 0 0 0 0 0 0 0 0 0 0 0 0 0 0 -0.10144159620803238 -0.19424614863977119 -0.15503509406272967 -0.14641121220039957 -0.19080283084476676 -0.1820612379407347 -0.33780870689044334 -0.21861198499085688 -0.41380917965418268 -0.32539546769682087 -0.54822552540500125 1.1617211366742322
0 0 0 0 0 0 0 0 0 0 0 0 0 0 0 0 0 0 0 0 0 0 0 0 0 0 0 0 0 0 0 0 0 0 0 0 0 0 0 0 0 0 0 0 0 0 0 0 0 0 0 0 0 0 0 0 0 0 0 0 0 0 0 0 0 0 0 0 0 0 0 0 0 0 0 0 0 0 0 0 0 0 0 0 0 0 0 0 0 0 0 0 0 0 0 0 0 0 0 0 0 0 0 0 0 0 0 0 0 0 0 0 0 0 0 0 0 0 0 0 0 0 0 0 0 0 0 0 0 0 0 0 0 0 0 0 0 0 0 0 0 0 0 0 0 0 0 0 0 0 0 0 0 0 0 0 0 0 0 0 0 0 0 0 0 0 0 0 0 0 0 0 0 0 0 0 0 0 0 0 0 0 0 0 0 0 0 0 0 0 0 0 0 0 0 0 0 0 0 0 0 0 0 0 0 0 0 0 0 0 0 0 0 0 0 0 0 0 0 0 0 0 0 0 0 0 0 0 0 0 0 0 0 0 0 0 0 0 0 0 0 0 0 0 0 0 0 0 0 0 0 0 0 0 0 0 0 0 0 0 0 0 0 0 0 0 0 0 0 0 0 0 0 0 0 0 0 0 0 0 0 0 0 0 0 0 0 0 0 0 0 0 0 0 0 0 0 0 0 0 0 0 0 0 0 0 0 0 0 0 0 0 0 0 0 0 0 0 0 0 0 0 0 0 0 0 0 0 0 0 0 0 0 0 0 0 0 0 0 0 0 0 0 0 0 0 0 0 0 0 0 0 0 0 0 0 0 0 0 0 0 0 0 0 0 0 0 0 0 0 0 0 0 0 0 0 0 0 0 0 0 0 0 0 0 0 0 0 0 0 0 0 0 0 0 0 0 0 0 0 0 0 0 0 0 0 0 0 0 0 0 0 0 0 0 0 0 0 0 0 0 0 0 0 0 0 0 0 0 0 0 0 0 0 0 0 0 0 0 0 0 0 0 0 0 0 0 0 0 0 0 0 0 0 0 0 0 0 0 0 0 0 0 0 0 0 0 0 0 0 0 0 0 0 0 0 0 0 0 0 0 0 0 -0.063792968240701367 -0.12215441055997778 -0.097495989825076734 -0.092072740957551233 -0.11998903194853638 -0.11449175884415376 -0.21243573559214232 -0.13747720793902626 -0.26022969710821353 -0.20462949630526206 -0.34475929833736035 -0.59126643697716386 0.99999999994999988
0 0 0 0 0 0 0 0 0 0 0 0 0 0 0 0 0 0 0 0 0 0 0 0 0 0 0 0 0 0 0 0 0 0 0 0 0 0 0 0 0 0 0 0 0 0 0 0 0 0 0 0 0 0 0 0 0 0 0 0 0 0 0 0 0 0 0 0 0 0 0 0 0 0 0 0 0 0 0 0 0 0 0 0 0 0 0 0 0 0 0 0 0 0 0 0 0 0 0 0 0 0 0 0 0 0 0 0 0 0 0 0 0 0 0 0 0 0 0 0 0 0 0 0 0 0 0 0 0 0 0 0 0 0 0 0 0 0 0 0 0 0 0 0 0 0 0 0 0 0 0 0 0 0 0 0 0 0 0 0 0 0 0 0 0 0 0 0 0 0 0 0 0 0 0 0 0 0 0 0 0 0 0 0 0 0 0 0 0 0 0 0 0 0 0 0 0 0 0 0 0 0 0 0 0 0 0 0 0 0 0 0 0 0 0 0 0 0 0 0 0 0 0 0 0 0 0 0 0 0 0 0 0 0 0 0 0 0 0 0 0 0 0 0 0 0 0 0 0 0 0 0 0 0 0 0 0 0 0 0 0 0 0 0 0 0 0 0 0 0 0 0 0 0 0 0 0 0 0 0 0 0 0 0 0 0 0 0 0 0 0 0 0 0 0 0 0 0 0 0 0 0 0 0 0 0 0 0 0 0 0 0 0 0 0 0 0 0 0 0 0 0 0 0 0 0 0 0 0 0 0 0 0 0 0 0 0 0 0 0 0 0 0 0 0 0 0 0 0 0 0 0 0 0 0 0 0 0 0 0 0 0 0 0 0 0 0 0 0 0 0 0 0 0 0 0 0 0 0 0 0 0 0 0 0 0 0 0 0 0 0 0 0 0 0 0 0 0 0 0 0 0 0 0 0 0 0 0 0 0 0 0 0 0 0 0 0 0 0 0 0 0 0 0 0 0 0 0 0 0 0 0 0 0 0 0 0 0 0 0 0 0 0 0 0 0 0 0 0 0 0 0 0 0 0 0 0 0 0 0 0 0 0 0 0 0 0 0 0 0 0 0 0 0 0 0 0 0 0 0 0 0 0 0 0 0 0 0 0 0 0 0 0 0 0 0 1.7039523845526914
0 0 0 0 0 0 0 0 0 0 0 0 0 0 0 0 0 0 0 0 0 0 0 0 0 0 0 0 0 0 0 0 0 0 0 0 0 0 0 0 0 0 0 0 0 0 0 0 0 0 0 0 0 0 0 0 0 0 0 0 0 0 0 0 0 0 0 0 0 0 0 0 0 0 0 0 0 0 0 0 0 0 0 0 0 0 0 0 0 0 0 0 0 0 0 0 0 0 0 0 0 0 0 0 0 0 0 0 0 0 0 0 0 0 0 0 0 0 0 0 0 0 0 0 0 0 0 0 0 0 0 0 0 0 0 0 0 0 0 0 0 0 0 0 0 0 0 0 0 0 0 0 0 0 0 0 0 0 0 0 0 0 0 0 0 0 0 0 0 0 0 0 0 0 0 0 0 0 0 0 0 0 0 0 0 0 0 0 0 0 0 0 0 0 0 0 0 0 0 0 0 0 0 0 0 0 0 0 0 0 0 0 0 0 0 0 0 0 0 0 0 0 0 0 0 0 0 0 0 0 0 0 0 0 0 0 0 0 0 0 0 0 0 0 0 0 0 0 0 0 0 0 0 0 0 0 0 0 0 0 0 0 0 0 0 0 0 0 0 0 0 0 0 0 0 0 0 0 0 0 0 0 0 0 0 0 0 0 0 0 0 0 0 0 0 0 0 0 0 0 0 0 0 0 0 0 0 0 0 0 0 0 0 0 0 0 0 0 0 0 0 0 0 0 0 0 0 0 0 0 0 0 0 0 0 0 0 0 0 0 0 0 0 0 0 0 0 0 0 0 0 0 0 0 0 0 0 0 0 0 0 0 0 0 0 0 0 0 0 0 0 0 0 0 0 0 0 0 0 0 0 0 0 0 0 0 0 0 0 0 0 0 0 0 0 0 0 0 0 0 0 0 0 0 0 0 0 0 0 0 0 0 0 0 0 0 0 0 0 0 0 0 0 0 0 0 0 0 0 0 0 0 0 0 0 0 0 0 0 0 0 0 0 0 0 0 0 0 0 0 0 0 0 0 0 0 0 0 0 0 0 0 0 0 0 0 0 0 0 0 0 0 0 0 0 0 0 0 0 0 0 0 0 0 0 0 0 0 0 0 0 0 0 0 0 0 -0.17644647860797594 1.4379443826259879
0 0 0 0 0 0 0 0 0 0 0 0 0 0 0 0 0 0 0 0 0 0 0 0 0 0 0 0 0 0 0 0 0 0 0 0 0 0 0 0 0 0 0 0 0 0 0 0 0 0 0 0 0 0 0 0 0 0 0 0 0 0 0 0 0 0 0 0 0 0 0 0 0 0 0 0 0 0 0 0 0 0 0 0 0 0 0 0 0 0 0 0 0 0 0 0 0 0 0 0 0 0 0 0 0 0 0 0 0 0 0 0 0 0 0 0 0 0 0 0 0 0 0 0 0 0 0 0 0 0 0 0 0 0 0 0 0 0 0 0 0 0 0 0 0 0 0 0 0 0 0 0 0 0 0 0 0 0 0 0 0 0 0 0 0 0 0 0 0 0 0 0 0 0 0 0 0 0 0 0 0 0 0 0 0 0 0 0 0 0 0 0 0 0 0 0 0 0 0 0 0 0 0 0 0 0 0 0 0 0 0 0 0 0 0 0 0 0 0 0 0 0 0 0 0 0 0 0 0 0 0 0 0 0 0 0 0 0 0 0 0 0 0 0 0 0 0 0 0 0 0 0 0 0 0 0 0 0 0 0 0 0 0 0 0 0 0 0 0 0 0 0 0 0 0 0 0 0 0 0 0 0 0 0 0 0 0 0 0 0 0 0 0 0 0 0 0 0 0 0 0 0 0 0 0 0 0 0 0 0 0 0 0 0 0 0 0 0 0 0 0 0 0 0 0 0 0 0 0 0 0 0 0 0 0 0 0 0 0 0 0 0 0 0 0 0 0 0 0 0 0 0 0 0 0 0 0 0 0 0 0 0 0 0 0 0 0 0 0 0 0 0 0 0 0 0 0 0 0 0 0 0 0 0 0 0 0 0 0 0 0 0 0 0 0 0 0 0 0 0 0 0 0 0 0 0 0 0 0 0 0 0 0 0 0 0 0 0 0 0 0 0 0 0 0 0 0 0 0 0 0 0 0 0 0 0 0 0 0 0 0 0 0 0 0 0 0 0 0 0 0 0 0 0 0 0 0 0 0 0 0 0 0 0 0 0 0 0 0 0 0 0 0 0 0 0 0 0 0 0 0 0 0 0 0 0 0 0 0 0 0 0 0 0 0 0 -0.28843292285546701 -0.23892489505911821 1.647630618927868
0 0 0 0 0 0 0 0 0 0 0 0 0 0 0 0 0 0 0 0 0 0 0 0 0 0 0 0 0 0 0 0 0 0 0 0 0 0 0 0 0 0 0 0 0 0 0 0 0 0 0 0 0 0 0 0 0 0 0 0 0 0 0 0 0 0 0 0 0 0 0 0 0 0 0 0 0 0 0 0 0 0 0 0 0 0 0 0 0 0 0 0 0 0 0 0 0 0 0 0 0 0 0 0 0 0 0 0 0 0 0 0 0 0 0 0 0 0 0 0 0 0 0 0 0 0 0 0 0 0 0 0 0 0 0 0 0 0 0 0 0 0 0 0 0 0 0 0 0 0 0 0 0 0 0 0 0 0 0 0 0 0 0 0 0 0 0 0 0 0 0 0 0 0 0 0 0 0 0 0 0 0 0 0 0 0 0 0 0 0 0 0 0 0 0 0 0 0 0 0 0 0 0 0 0 0 0 0 0 0 0 0 0 0 0 0 0 0 0 0 0 0 0 0 0 0 0 0 0 0 0 0 0 0 0 0 0 0 0 0 0 0 0 0 0 0 0 0 0 0 0 0 0 0 0 0 0 0 0 0 0 0 0 0 0 0 0 0 0 0 0 0 0 0 0 0 0 0 0 0 0 0 0 0 0 0 0 0 0 0 0 0 0 0 0 0 0 0 0 0 0 0 0 0 0 0 0 0 0 0 0 0 0 0 0 0 0 0 0 0 0 0 0 0 0 0 0 0 0 0 0 0 0 0 0 0 0 0 0 0 0 0 0 0 0 0 0 0 0 0 0 0 0 0 0 0 0 0 0 0 0 0 0 0 0 0 0 0 0 0 0 0 0 0 0 0 0 0 0 0 0 0 0 0 0 0 0 0 0 0 0 0 0 0 0 0 0 0 0 0 0 0 0 0 0 0 0 0 0 0 0 0 0 0 0 0 0 0 0 0 0 0 0 0 0 0 0 0 0 0 0 0 0 0 0 0 0 0 0 0 0 0 0 0 0 0 0 0 0 0 0 0 0 0 0 0 0 0 0 0 0 0 0 0 0 0 0 0 0 0 0 0 0 0 0 0 0 0 0 0 0 0 0 0 0 0 0 0 0 0 0 0 0 0 0 0 -0.1455005400507004 -0.12052612066091539 -0.18942489298290824 1.3415513898837574
0 0 0 0 0 0 0 0 0 0 0 0 0 0 0 0 0 0 0 0 0 0 0 0 0 0 0 0 0 0 0 0 0 0 0 0 0 0 0 0 0 0 0 0 0 0 0 0 0 0 0 0 0 0 0 0 0 0 0 0 0 0 0 0 0 0 0 0 0 0 0 0 0 0 0 0 0 0 0 0 0 0 0 0 0 0 0 0 0 0 0 0 0 0 0 0 0 0 0 0 0 0 0 0 0 0 0 0 0 0 0 0 0 0 0 0 0 0 0 0 0 0 0 0 0 0 0 0 0 0 0 0 0 0 0 0 0 0 0 0 0 0 0 0 0 0 0 0 0 0 0 0 0 0 0 0 0 0 0 0 0 0 0 0 0 0 0 0 0 0 0 0 0 0 0 0 0 0 0 0 0 0 0 0 0 0 0 0 0 0 0 0 0 0 0 0 0 0 0 0 0 0 0 0 0 0 0 0 0 0 0 0 0 0 0 0 0 0 0 0 0 0 0 0 0 0 0 0 0 0 0 0 0 0 0 0 0 0 0 0 0 0 0 0 0 0 0 0 0 0 0 0 0 0 0 0 0 0 0 0 0 0 0 0 0 0 0 0 0 0 0 0 0 0 0 0 0 0 0 0 0 0 0 0 0 0 0 0 0 0 0 0 0 0 0 0 0 0 0 0 0 0 0 0 0 0 0 0 0 0 0 0 0 0 0 0 0 0 0 0 0 0 0 0 0 0 0 0 0 0 0 0 0 0 0 0 0 0 0 0 0 0 0 0 0 0 0 0 0 0 0 0 0 0 0 0 0 0 0 0 0 0 0 0 0 0 0 0 0 0 0 0 0 0 0 0 0 0 0 0 0 0 0 0 0 0 0 0 0 0 0 0 0 0 0 0 0 0 0 0 0 0 0 0 0 0 0 0 0 0 0 0 0 0 0 0 0 0 0 0 0 0 0 0 0 0 0 0 0 0 0 0 0 0 0 0 0 0 0 0 0 0 0 0 0 0 0 0 0 0 0 0 0 0 0 0 0 0 0 0 0 0 0 0 0 0 0 0 0 0 0 0 0 0 0 0 0 0 0 0 0 0 0 0 0 0 0 0 0 0 0 0 0 0 0 0 -0.18393581437065101 -0.15236417781663197 -0.2394631795919368 -0.1821698454544938 1.4160952985882254
0 0 0 0 0 0 0 0 0 0 0 0 0 0 0 0 0 0 0 0 0 0 0 0 0 0 0 0 0 0 0 0 0 0 0 0 0 0 0 0 0 0 0 0 0 0 0 0 0 0 0 0 0 0 0 0 0 0 0 0 0 0 0 0 0 0 0 0 0 0 0 0 0 0 0 0 0 0 0 0 0 0 0 0 0 0 0 0 0 0 0 0 0 0 0 0 0 0 0 0 0 0 0 0 0 0 0 0 0 0 0 0 0 0 0 0 0 0 0 0 0 0 0 0 0 0 0 0 0 0 0 0 0 0 0 0 0 0 0 0 0 0 0 0 0 0 0 0 0 0 0 0 0 0 0 0 0 0 0 0 0 0 0 0 0 0 0 0 0 0 0 0 0 0 0 0 0 0 0 0 0 0 0 0 0 0 0 0 0 0 0 0 0 0 0 0 0 0 0 0 0 0 0 0 0 0 0 0 0 0 0 0 0 0 0 0 0 0 0 0 0 0 0 0 0 0 0 0 0 0 0 0 0 0 0 0 0 0 0 0 0 0 0 0 0 0 0 0 0 0 0 0 0 0 0 0 0 0 0 0 0 0 0 0 0 0 0 0 0 0 0 0 0 0 0 0 0 0 0 0 0 0 0 0 0 0 0 0 0 0 0 0 0 0 0 0 0 0 0 0 0 0 0 0 0 0 0 0 0 0 0 0 0 0 0 0 0 0 0 0 0 0 0 0 0 0 0 0 0 0 0 0 0 0 0 0 0 0 0 0 0 0 0 0 0 0 0 0 0 0 0 0 0 0 0 0 0 0 0 0 0 0 0 0 0 0 0 0 0 0 0 0 0 0 0 0 0 0 0 0 0 0 0 0 0 0 0 0 0 0 0 0 0 0 0 0 0 0 0 0 0 0 0 0 0 0 0 0 0 0 0 0 0 0 0 0 0 0 0 0 0 0 0 0 0 0 0 0 0 0 0 0 0 0 0 0 0 0 0 0 0 0 0 0 0 0 0 0 0 0 0 0 0 0 0 0 0 0 0 0 0 0 0 0 0 0 0 0 0 0 0 0 0 0 0 0 0 0 0 0 0 0 0 0 0 0 0 0 0 0 0 0 0 0 0 0 -0.1256444134822855 -0.10407819609782284 -0.16357451023541847 -0.12443810067443072 -0.16503670703552087 1.2754877546076402
0 0 0 0 0 0 0 0 0 0 0 0 0 0 0 0 0 0 0 0 0 0 0 0 0 0 0 0 0 0 0 0 0 0 0 0 0 0 0 0 0 0 0 0 0 0 0 0 0 0 0 0 0 0 0 0 0 0 0 0 0 0 0 0 0 0 0 0 0 0 0 0 0 0 0 0 0 0 0 0 0 0 0 0 0 0 0 0 0 0 0 0 0 0 0 0 0 0 0 0 0 0 0 0 0 0 0 0 0 0 0 0 0 0 0 0 0 0 0 0 0 0 0 0 0 0 0 0 0 0 0 0 0 0 0 0 0 0 0 0 0 0 0 0 0 0 0 0 0 0 0 0 0 0 0 0 0 0 0 0 0 0 0 0 0 0 0 0 0 0 0 0 0 0 0 0 0 0 0 0 0 0 0 0 0 0 0 0 0 0 0 0 0 0 0 0 0 0 0 0 0 0 0 0 0 0 0 0 0 0 0 0 0 0 0 0 0 0 0 0 0 0 0 0 0 0 0 0 0 0 0 0 0 0 0 0 0 0 0 0 0 0 0 0 0 0 0 0 0 0 0 0 0 0 0 0 0 0 0 0 0 0 0 0 0 0 0 0 0 0 0 0 0 0 0 0 0 0 0 0 0 0 0 0 0 0 0 0 0 0 0 0 0 0 0 0 0 0 0 0 0 0 0 0 0 0 0 0 0 0 0 0 0 0 0 0 0 0 0 0 0 0 0 0 0 0 0 0 0 0 0 0 0 0 0 0 0 0 0 0 0 0 0 0 0 0 0 0 0 0 0 0 0 0 0 0 0 0 0 0 0 0 0 0 0 0 0 0 0 0 0 0 0 0 0 0 0 0 0 0 0 0 0 0 0 0 0 0 0 0 0 0 0 0 0 0 0 0 0 0 0 0 0 0 0 0 0 0 0 0 0 0 0 0 0 0 0 0 0 0 0 0 0 0 0 0 0 0 0 0 0 0 0 0 0 0 0 0 0 0 0 0 0 0 0 0 0 0 0 0 0 0 0 0 0 0 0 0 0 0 0 0 0 0 0 0 0 0 0 0 0 0 0 0 0 0 0 0 0 0 0 0 0 0 0 0 0 0 0 0 0 0 0 0 0 0 -0.2390256002323837 -0.19799808526220913 -0.31118371607705059 -0.23673071393402714 -0.31396539540616442 -0.27873278975876009 1.4527975440364234
0 0 0 0 0 0 0 0 0 0 0 0 0 0 0 0 0 0 0 0 0 0 0 0 0 0 0 0 0 0 0 0 0 0 0 0 0 0 0 0 0 0 0 0 0 0 0 0 0 0 0 0 0 0 0 0 0 0 0 0 0 0 0 0 0 0 0 0 0 0 0 0 0 0 0 0 0 0 0 0 0 0 0 0 0 0 0 0 0 0 0 0 0 0 0 0 0 0 0 0 0 0 0 0 0 0 0 0 0 0 0 0 0 0 0 0 0 0 0 0 0 0 0 0 0 0 0 0 0 0 0 0 0 0 0 0 0 0 0 0 0 0 0 0 0 0 0 0 0 0 0 0 0 0 0 0 0 0 0 0 0 0 0 0 0 0 0 0 0 0 0 0 0 0 0 0 0 0 0 0 0 0 0 0 0 0 0 0 0 0 0 0 0 0 0 0 0 0 0 0 0 0 0 0 0 0 0 0 0 0 0 0 0 0 0 0 0 0 0 0 0 0 0 0 0 0 0 0 0 0 0 0 0 0 0 0 0 0 0 0 0 0 0 0 0 0 0 0 0 0 0 0 0 0 0 0 0 0 0 0 0 0 0 0 0 0 0 0 0 0 0 0 0 0 0 0 0 0 0 0 0 0 0 0 0 0 0 0 0 0 0 0 0 0 0 0 0 0 0 0 0 0 0 0 0 0 0 0 0 0 0 0 0 0 0 0 0 0 0 0 0 0 0 0 0 0 0 0 0 0 0 0 0 0 0 0 0 0 0 0 0 0 0 0 0 0 0 0 0 0 0 0 0 0 0 0 0 0 0 0 0 0 0 0 0 0 0 0 0 0 0 0 0 0 0 0 0 0 0 0 0 0 0 0 0 0 0 0 0 0 0 0 0 0 0 0 0 0 0 0 0 0 0 0 0 0 0 0 0 0 0 0 0 0 0 0 0 0 0 0 0 0 0 0 0 0 0 0 0 0 0 0 0 0 0 0 0 0 0 0 0 0 0 0 0 0 0 0 0 0 0 0 0 0 0 0 0 0 0 0 0 0 0 0 0 0 0 0 0 0 0 0 0 0 0 0 0 0 0 0 0 0 0 0 0 0 0 0 0 0 0 0 0 0 0 0 -0.12718313225608513 -0.10535280170773739 -0.16557774430558944 -0.12596204619955945 -0.16705784806713128 -0.14831093083557165 -0.27616600887609194 1.2400687381711637
0 0 0 0 0 0 0 0 0 0 0 0 0 0 0 0 0 0 0 0 0 0 0 0 0 0 0 0 0 0 0 0 0 0 0 0 0 0 0 0 0 0 0 0 0 0 0 0 0 0 0 0 0 0 0 0 0 0 0 0 0 0 0 0 0 0 0 0 0 0 0 0 0 0 0 0 0 0 0 0 0 0 0 0 0 0 0 0 0 0 0 0 0 0 0 0 0 0 0 0 0 0 0 0 0 0 0 0 0 0 0 0 0 0 0 0 0 0 0 0 0 0 0 0 0 0 0 0 0 0 0 0 0 0 0 0 0 0 0 0 0 0 0 0 0 0 0 0 0 0 0 0 0 0 0 0 0 0 0 0 0 0 0 0 0 0 0 0 0 0 0 0 0 0 0 0 0 0 0 0 0 0 0 0 0 0 0 0 0 0 0 0 0 0 0 0 0 0 0 0 0 0 0 0 0 0 0 0 0 0 0 0 0 0 0 0 0 0 0 0 0 0 0 0 0 0 0 0 0 0 0 0 0 0 0 0 0 0 0 0 0 0 0 0 0 0 0 0 0 0 0 0 0 0 0 0 0 0 0 0 0 0 0 0 0 0 0 0 0 0 0 0 0 0 0 0 0 0 0 0 0 0 0 0 0 0 0 0 0 0 0 0 0 0 0 0 0 0 0 0 0 0 0 0 0 0 0 0 0 0 0 0 0 0 0 0 0 0 0 0 0 0 0 0 0 0 0 0 0 0 0 0 0 0 0 0 0 0 0 0 0 0 0 0 0 0 0 0 0 0 0 0 0 0 0 0 0 0 0 0 0 0 0 0 0 0 0 0 0 0 0 0 0 0 0 0 0 0 0 0 0 0 0 0 0 0 0 0 0 0 0 0 0 0 0 0 0 0 0 0 0 0 0 0 0 0 0 0 0 0 0 0 0 0 0 0 0 0 0 0 0 0 0 0 0 0 0 0 0 0 0 0 0 0 0 0 0 0 0 0 0 0 0 0 0 0 0 0 0 0 0 0 0 0 0 0 0 0 0 0 0 0 0 0 0 0 0 0 0 0 0 0 0 0 0 0 0 0 0 0 0 0 0 0 0 0 0 0 0 0 0 0 0 0 0 0 -0.20757777796327712 -0.1719481199493062 -0.27024228475455986 -0.20558482240526108 -0.27265798756456228 -0.242060821465892 -0.45073529370277704 -0.38135364650792497 1.2849849797978463
0 0 0 0 0 0 0 0 0 0 0 0 0 0 0 0 0 0 0 0 0 0 0 0 0 0 0 0 0 0 0 0 0 0 0 0 0 0 0 0 0 0 0 0 0 0 0 0 0 0 0 0 0 0 0 0 0 0 0 0 0 0 0 0 0 0 0 0 0 0 0 0 0 0 0 0 0 0 0 0 0 0 0 0 0 0 0 0 0 0 0 0 0 0 0 0 0 0 0 0 0 0 0 0 0 0 0 0 0 0 0 0 0 0 0 0 0 0 0 0 0 0 0 0 0 0 0 0 0 0 0 0 0 0 0 0 0 0 0 0 0 0 0 0 0 0 0 0 0 0 0 0 0 0 0 0 0 0 0 0 0 0 0 0 0 0 0 0 0 0 0 0 0 0 0 0 0 0 0 0 0 0 0 0 0 0 0 0 0 0 0 0 0 0 0 0 0 0 0 0 0 0 0 0 0 0 0 0 0 0 0 0 0 0 0 0 0 0 0 0 0 0 0 0 0 0 0 0 0 0 0 0 0 0 0 0 0 0 0 0 0 0 0 0 0 0 0 0 0 0 0 0 0 0 0 0 0 0 0 0 0 0 0 0 0 0 0 0 0 0 0 0 0 0 0 0 0 0 0 0 0 0 0 0 0 0 0 0 0 0 0 0 0 0 0 0 0 0 0 0 0 0 0 0 0 0 0 0 0 0 0 0 0 0 0 0 0 0 0 0 0 0 0 0 0 0 0 0 0 0 0 0 0 0 0 0 0 0 0 0 0 0 0 0 0 0 0 0 0 0 0 0 0 0 0 0 0 0 0 0 0 0 0 0 0 0 0 0 0 0 0 0 0 0 0 0 0 0 0 0 0 0 0 0 0 0 0 0 0 0 0 0 0 0 0 0 0 0 0 0 0 0 0 0 0 0 0 0 0 0 0 0 0 0 0 0 0 0 0 0 0 0 0 0 0 0 0 0 0 0 0 0 0 0 0 0 0 0 0 0 0 0 0 0 0 0 0 0 0 0 0 0 0 0 0 0 0 0 0 0 0 0 0 0 0 0 0 0 0 0 0 0 0 0 0 0 0 0 0 0 0 0 0 0 0 0 0 0 0 0 0 0 0 0 0 0 -0.23465834891452872 -0.19438045017227151 -0.30549805942432734 -0.23240539262367435 -0.30822891452078993 -0.27364004595968705 -0.50953816374559535 -0.43110499553529336 -0.80696121245452201 0.99999999995000022
0 0 0 0 0 0 0 0 0 0 0 0 0 0 0 0 0 0 0 0 0 0 0 0 0 0 0 0 0 0 0 0 0 0 0 0 0 0 0 0 0 0 0 0 0 0 0 0 0 0 0 0 0 0 0 0 0 0 0 0 0 0 0 0 0 0 0 0 0 0 0 0 0 0 0 0 0 0 0 0 0 0 0 0 0 0 0 0 0 0 0 0 0 0 0 0 0 0 0 0 0 0 0 0 0 0 0 0 0 0 0 0 0 0 0 0 0 0 0 0 0 0 0 0 0 0 0 0 0 0 0 0 0 0 0 0 0 0 0 0 0 0 0 0 0 0 0 0 0 0 0 0 0 0 0 0 0 0 0 0 0 0 0 0 0 0 0 0 0 0 0 0 0 0 0 0 0 0 0 0 0 0 0 0 0 0 0 0 0 0 0 0 0 0 0 0 0 0 0 0 0 0 0 0 0 0 0 0 0 0 0 0 0 0 0 0 0 0 0 0 0 0 0 0 0 0 0 0 0 0 0 0 0 0 0 0 0 0 0 0 0 0 0 0 0 0 0 0 0 0 0 0 0 0 0 0 0 0 0 0 0 0 0 0 0 0 0 0 0 0 0 0 0 0 0 0 0 0 0 0 0 0 0 0 0 0 0 0 0 0 0 0 0 0 0 0 0 0 0 0 0 0 0 0 0 0 0 0 0 0 0 0 0 0 0 0 0 0 0 0 0 0 0 0 0 0 0 0 0 0 0 0 0 0 0 0 0 0 0 0 0 0 0 0 0 0 0 0 0 0 0 0 0 0 0 0 0 0 0 0 0 0 0 0 0 0 0 0 0 0 0 0 0 0 0 0 0 0 0 0 0 0 0 0 0 0 0 0 0 0 0 0 0 0 0 0 0 0 0 0 0 0 0 0 0 0 0 0 0 0 0 0 0 0 0 0 0 0 0 0 0 0 0 0 0 0 0 0 0 0 0 0 0 0 0 0 0 0 0 0 0 0 0 0 0 0 0 0 0 0 0 0 0 0 0 0 0 0 0 0 0 0 0 0 0 0 0 0 0 0 0 0 0 0 0 0 0 0 0 0 0 0 0 0 0 0 0 0 0 0 0 0 0 0 0 0 0 0 0 0 0 0 0 0 0 0 1.4185717004258089
0 0 0 0 0 0 0 0 0 0 0 0 0 0 0 0 0 0 0 0 0 0 0 0 0 0 0 0 0 0 0 0 0 0 0 0 0 0 0 0 0 0 0 0 0 0 0 0 0 0 0 0 0 0 0 0 0 0 0 0 0 0 0 0 0 0 0 0 0 0 0 0 0 0 0 0 0 0 0 0 0 0 0 0 0 0 0 0 0 0 0 0 0 0 0 0 0 0 0 0 0 0 0 0 0 0 0 0 0 0 0 0 0 0 0 0 0 0 0 0 0 0 0 0 0 0 0 0 0 0 0 0 0 0 0 0 0 0 0 0 0 0 0 0 0 0 0 0 0 0 0 0 0 0 0 0 0 0 0 0 0 0 0 0 0 0 0 0 0 0 0 0 0 0 0 0 0 0 0 0 0 0 0 0 0 0 0 0 0 0 0 0 0 0 0 0 0 0 0 0 0 0 0 0 0 0 0 0 0 0 0 0 0 0 0 0 0 0 0 0 0 0 0 0 0 0 0 0 0 0 0 0 0 0 0 0 0 0 0 0 0 0 0 0 0 0 0 0 0 0 0 0 0 0 0 0 0 0 0 0 0 0 0 0 0 0 0 0 0 0 0 0 0 0 0 0 0 0 0 0 0 0 0 0 0 0 0 0 0 0 0 0 0 0 0 0 0 0 0 0 0 0 0 0 0 0 0 0 0 0 0 0 0 0 0 0 0 0 0 0 0 0 0 0 0 0 0 0 0 0 0 0 0 0 0 0 0 0 0 0 0 0 0 0 0 0 0 0 0 0 0 0 0 0 0 0 0 0 0 0 0 0 0 0 0 0 0 0 0 0 0 0 0 0 0 0 0 0 0 0 0 0 0 0 0 0 0 0 0 0 0 0 0 0 0 0 0 0 0 0 0 0 0 0 0 0 0 0 0 0 0 0 0 0 0 0 0 0 0 0 0 0 0 0 0 0 0 0 0 0 0 0 0 0 0 0 0 0 0 0 0 0 0 0 0 0 0 0 0 0 0 0 0 0 0 0 0 0 0 0 0 0 0 0 0 0 0 0 0 0 0 0 0 0 0 0 0 0 0 0 0 0 0 0 0 0 0 0 0 0 0 0 0 0 0 0 0 0 0 0 0 0 0 0 0 0 -0.28151819367190106 1.664969628846501
0 0 0 0 0 0 0 0 0 0 0 0 0 0 0 0 0 0 0 0 0 0 0 0 0 0 0 0 0 0 0 0 0 0 0 0 0 0 0 0 0 0 0 0 0 0 0 0 0 0 0 0 0 0 0 0 0 0 0 0 0 0 0 0 0 0 0 0 0 0 0 0 0 0 0 0 0 0 0 0 0 0 0 0 0 0 0 0 0 0 0 0 0 0 0 0 0 0 0 0 0 0 0 0 0 0 0 0 0 0 0 0 0 0 0 0 0 0 0 0 0 0 0 0 0 0 0 0 0 0 0 0 0 0 0 0 0 0 0 0 0 0 0 0 0 0 0 0 0 0 0 0 0 0 0 0 0 0 0 0 0 0 0 0 0 0 0 0 0 0 0 0 0 0 0 0 0 0 0 0 0 0 0 0 0 0 0 0 0 0 0 0 0 0 0 0 0 0 0 0 0 0 0 0 0 0 0 0 0 0 0 0 0 0 0 0 0 0 0 0 0 0 0 0 0 0 0 0 0 0 0 0 0 0 0 0 0 0 0 0 0 0 0 0 0 0 0 0 0 0 0 0 0 0 0 0 0 0 0 0 0 0 0 0 0 0 0 0 0 0 0 0 0 0 0 0 0 0 0 0 0 0 0 0 0 0 0 0 0 0 0 0 0 0 0 0 0 0 0 0 0 0 0 0 0 0 0 0 0 0 0 0 0 0 0 0 0 0 0 0 0 0 0 0 0 0 0 0 0 0 0 0 0 0 0 0 0 0 0 0 0 0 0 0 0 0 0 0 0 0 0 0 0 0 0 0 0 0 0 0 0 0 0 0 0 0 0 0 0 0 0 0 0 0 0 0 0 0 0 0 0 0 0 0 0 0 0 0 0 0 0 0 0 0 0 0 0 0 0 0 0 0 0 0 0 0 0 0 0 0 0 0 0 0 0 0 0 0 0 0 0 0 0 0 0 0 0 0 0 0 0 0 0 0 0 0 0 0 0 0 0 0 0 0 0 0 0 0 0 0 0 0 0 0 0 0 0 0 0 0 0 0 0 0 0 0 0 0 0 0 0 0 0 0 0 0 0 0 0 0 0 0 0 0 0 0 0 0 0 0 0 0 0 0 0 0 0 0 0 0 0 0 0 0 0 0 -0.40374062682518896 -0.7009551091325642 1.6524528567384777
0 0 0 0 0 0 0 0 0 0 0 0 0 0 0 0 0 0 0 0 0 0 0 0 0 0 0 0 0 0 0 0 0 0 0 0 0 0 0 0 0 0 0 0 0 0 0 0 0 0 0 0 0 0 0 0 0 0 0 0 0 0 0 0 0 0 0 0 0 0 0 0 0 0 0 0 0 0 0 0 0 0 0 0 0 0 0 0 0 0 0 0 0 0 0 0 0 0 0 0 0 0 0 0 0 0 0 0 0 0 0 0 0 0 0 0 0 0 0 0 0 0 0 0 0 0 0 0 0 0 0 0 0 0 0 0 0 0 0 0 0 0 0 0 0 0 0 0 0 0 0 0 0 0 0 0 0 0 0 0 0 0 0 0 0 0 0 0 0 0 0 0 0 0 0 0 0 0 0 0 0 0 0 0 0 0 0 0 0 0 0 0 0 0 0 0 0 0 0 0 0 0 0 0 0 0 0 0 0 0 0 0 0 0 0 0 0 0 0 0 0 0 0 0 0 0 0 0 0 0 0 0 0 0 0 0 0 0 0 0 0 0 0 0 0 0 0 0 0 0 0 0 0 0 0 0 0 0 0 0 0 0 0 0 0 0 0 0 0 0 0 0 0 0 0 0 0 0 0 0 0 0 0 0 0 0 0 0 0 0 0 0 0 0 0 0 0 0 0 0 0 0 0 0 0 0 0 0 0 0 0 0 0 0 0 0 0 0 0 0 0 0 0 0 0 0 0 0 0 0 0 0 0 0 0 0 0 0 0 0 0 0 0 0 0 0 0 0 0 0 0 0 0 0 0 0 0 0 0 0 0 0 0 0 0 0 0 0 0 0 0 0 0 0 0 0 0 0 0 0 0 0 0 0 0 0 0 0 0 0 0 0 0 0 0 0 0 0 0 0 0 0 0 0 0 0 0 0 0 0 0 0 0 0 0 0 0 0 0 0 0 0 0 0 0 0 0 0 0 0 0 0 0 0 0 0 0 0 0 0 0 0 0 0 0 0 0 0 0 0 0 0 0 0 0 0 0 0 0 0 0 0 0 0 0 0 0 0 0 0 0 0 0 0 0 0 0 0 0 0 0 0 0 0 0 0 0 0 0 0 0 0 0 0 0 0 0 0 0 0 0 0 0 0 0 0 -0.25088551037169055 -0.4355753883012386 -0.81418124999973285 1.32684665782307
0 0 0 0 0 0 0 0 0 0 0 0 0 0 0 0 0 0 0 0 0 0 0 0 0 0 0 0 0 0 0 0 0 0 0 0 0 0 0 0 0 0 0 0 0 0 0 0 0 0 0 0 0 0 0 0 0 0 0 0 0 0 0 0 0 0 0 0 0 0 0 0 0 0 0 0 0 0 0 0 0 0 0 0 0 0 0 0 0 0 0 0 0 0 0 0 0 0 0 0 0 0 0 0 0 0 0 0 0 0 0 0 0 0 0 0 0 0 0 0 0 0 0 0 0 0 0 0 0 0 0 0 0 0 0 0 0 0 0 0 0 0 0 0 0 0 0 0 0 0 0 0 0 0 0 0 0 0 0 0 0 0 0 0 0 0 0 0 0 0 0 0 0 0 0 0 0 0 0 0 0 0 0 0 0 0 0 0 0 0 0 0 0 0 0 0 0 0 0 0 0 0 0 0 0 0 0 0 0 0 0 0 0 0 0 0 0 0 0 0 0 0 0 0 0 0 0 0 0 0 0 0 0 0 0 0 0 0 0 0 0 0 0 0 0 0 0 0 0 0 0 0 0 0 0 0 0 0 0 0 0 0 0 0 0 0 0 0 0 0 0 0 0 0 0 0 0 0 0 0 0 0 0 0 0 0 0 0 0 0 0 0 0 0 0 0 0 0 0 0 0 0 0 0 0 0 0 0 0 0 0 0 0 0 0 0 0 0 0 0 0 0 0 0 0 0 0 0 0 0 0 0 0 0 0 0 0 0 0 0 0 0 0 0 0 0 0 0 0 0 0 0 0 0 0 0 0 0 0 0 0 0 0 0 0 0 0 0 0 0 0 0 0 0 0 0 0 0 0 0 0 0 0 0 0 0 0 0 0 0 0 0 0 0 0 0 0 0 0 0 0 0 0 0 0 0 0 0 0 0 0 0 0 0 0 0 0 0 0 0 0 0 0 0 0 0 0 0 0 0 0 0 0 0 0 0 0 0 0 0 0 0 0 0 0 0 0 0 0 0 0 0 0 0 0 0 0 0 0 0 0 0 0 0 0 0 0 0 0 0 0 0 0 0 0 0 0 0 0 0 0 0 0 0 0 0 0 0 0 0 0 0 0 0 0 0 0 0 0 0 0 0 0 0 0 0 -0.11433491559786629 -0.19850279589342704 -0.37104312784812288 -0.51482797682702586 1.1214409779999959
0 0 0 0 0 0 0 0 0 0 0 0 0 0 0 0 0 0 0 0 0 0 0 0 0 0 0 0 0 0 0 0 0 0 0 0 0 0 0 0 0 0 0 0 0 0 0 0 0 0 0 0 0 0 0 0 0 0 0 0 0 0 0 0 0 0 0 0 0 0 0 0 0 0 0 0 0 0 0 0 0 0 0 0 0 0 0 0 0 0 0 0 0 0 0 0 0 0 0 0 0 0 0 0 0 0 0 0 0 0 0 0 0 0 0 0 0 0 0 0 0 0 0 0 0 0 0 0 0 0 0 0 0 0 0 0 0 0 0 0 0 0 0 0 0 0 0 0 0 0 0 0 0 0 0 0 0 0 0 0 0 0 0 0 0 0 0 0 0 0 0 0 0 0 0 0 0 0 0 0 0 0 0 0 0 0 0 0 0 0 0 0 0 0 0 0 0 0 0 0 0 0 0 0 0 0 0 0 0 0 0 0 0 0 0 0 0 0 0 0 0 0 0 0 0 0 0 0 0 0 0 0 0 0 0 0 0 0 0 0 0 0 0 0 0 0 0 0 0 0 0 0 0 0 0 0 0 0 0 0 0 0 0 0 0 0 0 0 0 0 0 0 0 0 0 0 0 0 0 0 0 0 0 0 0 0 0 0 0 0 0 0 0 0 0 0 0 0 0 0 0 0 0 0 0 0 0 0 0 0 0 0 0 0 0 0 0 0 0 0 0 0 0 0 0 0 0 0 0 0 0 0 0 0 0 0 0 0 0 0 0 0 0 0 0 0 0 0 0 0 0 0 0 0 0 0 0 0 0 0 0 0 0 0 0 0 0 0 0 0 0 0 0 0 0 0 0 0 0 0 0 0 0 0 0 0 0 0 0 0 0 0 0 0 0 0 0 0 0 0 0 0 0 0 0 0 0 0 0 0 0 0 0 0 0 0 0 0 0 0 0 0 0 0 0 0 0 0 0 0 0 0 0 0 0 0 0 0 0 0 0 0 0 0 0 0 0 0 0 0 0 0 0 0 0 0 0 0 0 0 0 0 0 0 0 0 0 0 0 0 0 0 0 0 0 0 0 0 0 0 0 0 0 0 0 0 0 0 0 0 0 0 0 0 0 0 0 0 0 0 0 0 0 0 0 0 -0.11291845312574805 -0.19604360169606977 -0.36644638097175564 -0.50844992070166106 -0.5075725241160991 0.99999999994999977
